$ '/Users/hongweilin/Documents/workspace/documents/Personal/DMU/Final Dissertation/dissertation-v12-full-rerun/.venv/bin/python' scripts/check_environment.py
python: 3.11.14
torch:  2.2.2
numpy:  1.26.4
SUMO:   1.20.0 via traci
traci:  1.20.0
git:    2c604e73fe1501a9a1a370520857e12cdaeb74a8 (clean)
environment: PASS
$ '/Users/hongweilin/Documents/workspace/documents/Personal/DMU/Final Dissertation/dissertation-v12-full-rerun/.venv/bin/python' scripts/eval_policy.py '/Users/hongweilin/Documents/workspace/documents/Personal/DMU/Final Dissertation/dissertation-v12-full-rerun/runs/dissertation_v12_sumo120/training/B1_mlp/seed_42/ckpt_selected.pt' --episodes 6 --seed 42 --demand-split test --output '/Users/hongweilin/Documents/workspace/documents/Personal/DMU/Final Dissertation/dissertation-v12-full-rerun/runs/dissertation_v12_sumo120/evaluations/B1_mlp/seed_42/eval_seed_42.json' --stochastic
checkpoint: ckpt_selected.pt  (epoch 20, 106,487 params)
env:        central_park  |  degradation: off  |  device: cpu
policy:     stochastic

 ep  pickups      reward  mean_wait_s  rl_steps   wall_s
------------------------------------------------------------
demand:     3 'test' variants, rotated per episode
 Retrying in 1 seconds
Warning: Could not set locale to 'C'.
  0       15     +124.17  824.2571428571429       120      1.6
Warning: Could not set locale to 'C'.
  1       12      +89.52  905.421052631579       120      0.5
Warning: Could not set locale to 'C'.
  2       17     +147.36  830.2727272727273       120      0.5
Warning: Could not set locale to 'C'.
  3       15     +124.33        810.0       120      0.5
Warning: Could not set locale to 'C'.
  4       11      +78.84  901.5897435897435       120      0.5
Warning: Could not set locale to 'C'.
  5       16     +135.60  835.7352941176471       120      0.5

mean over 6 episodes:
  completed passenger journeys: 14.33 ± 2.13
  reward:    +116.64 ± 24.44
  mean_wait: 851.2s
summary: /Users/hongweilin/Documents/workspace/documents/Personal/DMU/Final Dissertation/dissertation-v12-full-rerun/runs/dissertation_v12_sumo120/evaluations/B1_mlp/seed_42/eval_seed_42.json
$ '/Users/hongweilin/Documents/workspace/documents/Personal/DMU/Final Dissertation/dissertation-v12-full-rerun/.venv/bin/python' scripts/eval_policy.py '/Users/hongweilin/Documents/workspace/documents/Personal/DMU/Final Dissertation/dissertation-v12-full-rerun/runs/dissertation_v12_sumo120/training/B1_mlp/seed_42/ckpt_selected.pt' --episodes 6 --seed 43 --demand-split test --output '/Users/hongweilin/Documents/workspace/documents/Personal/DMU/Final Dissertation/dissertation-v12-full-rerun/runs/dissertation_v12_sumo120/evaluations/B1_mlp/seed_42/eval_seed_43.json' --stochastic
checkpoint: ckpt_selected.pt  (epoch 20, 106,487 params)
env:        central_park  |  degradation: off  |  device: cpu
policy:     stochastic

 ep  pickups      reward  mean_wait_s  rl_steps   wall_s
------------------------------------------------------------
demand:     3 'test' variants, rotated per episode
 Retrying in 1 seconds
Warning: Could not set locale to 'C'.
  0       13     +104.21  828.8648648648649       120      1.6
Warning: Could not set locale to 'C'.
  1       10      +68.26       913.65       120      0.5
Warning: Could not set locale to 'C'.
  2       13     +104.29  829.9459459459459       120      0.5
Warning: Could not set locale to 'C'.
  3       14     +114.21  832.7222222222222       120      0.5
Warning: Could not set locale to 'C'.
  4        7      +36.82  905.6046511627907       120      0.5
Warning: Could not set locale to 'C'.
  5       17     +146.38  842.5454545454545       120      0.5

mean over 6 episodes:
  completed passenger journeys: 12.33 ± 3.14
  reward:    +95.69 ± 34.82
  mean_wait: 858.9s
summary: /Users/hongweilin/Documents/workspace/documents/Personal/DMU/Final Dissertation/dissertation-v12-full-rerun/runs/dissertation_v12_sumo120/evaluations/B1_mlp/seed_42/eval_seed_43.json
$ '/Users/hongweilin/Documents/workspace/documents/Personal/DMU/Final Dissertation/dissertation-v12-full-rerun/.venv/bin/python' scripts/eval_policy.py '/Users/hongweilin/Documents/workspace/documents/Personal/DMU/Final Dissertation/dissertation-v12-full-rerun/runs/dissertation_v12_sumo120/training/B1_mlp/seed_42/ckpt_selected.pt' --episodes 6 --seed 44 --demand-split test --output '/Users/hongweilin/Documents/workspace/documents/Personal/DMU/Final Dissertation/dissertation-v12-full-rerun/runs/dissertation_v12_sumo120/evaluations/B1_mlp/seed_42/eval_seed_44.json' --stochastic
checkpoint: ckpt_selected.pt  (epoch 20, 106,487 params)
env:        central_park  |  degradation: off  |  device: cpu
policy:     stochastic

 ep  pickups      reward  mean_wait_s  rl_steps   wall_s
------------------------------------------------------------
demand:     3 'test' variants, rotated per episode
 Retrying in 1 seconds
Warning: Could not set locale to 'C'.
  0       14     +113.12  835.2777777777778       120      1.6
Warning: Could not set locale to 'C'.
  1       10      +68.91      893.625       120      0.5
Warning: Could not set locale to 'C'.
  2       18     +157.16    839.96875       120      0.6
Warning: Could not set locale to 'C'.
  3       14     +114.54  842.2777777777778       120      0.5
Warning: Could not set locale to 'C'.
  4        7      +36.70  904.953488372093       120      0.5
Warning: Could not set locale to 'C'.
  5       16     +136.92  815.3235294117648       120      0.5

mean over 6 episodes:
  completed passenger journeys: 13.17 ± 3.67
  reward:    +104.56 ± 40.54
  mean_wait: 855.2s
summary: /Users/hongweilin/Documents/workspace/documents/Personal/DMU/Final Dissertation/dissertation-v12-full-rerun/runs/dissertation_v12_sumo120/evaluations/B1_mlp/seed_42/eval_seed_44.json
$ '/Users/hongweilin/Documents/workspace/documents/Personal/DMU/Final Dissertation/dissertation-v12-full-rerun/.venv/bin/python' scripts/eval_policy.py '/Users/hongweilin/Documents/workspace/documents/Personal/DMU/Final Dissertation/dissertation-v12-full-rerun/runs/dissertation_v12_sumo120/training/B1_mlp/seed_42/ckpt_selected.pt' --episodes 6 --seed 45 --demand-split test --output '/Users/hongweilin/Documents/workspace/documents/Personal/DMU/Final Dissertation/dissertation-v12-full-rerun/runs/dissertation_v12_sumo120/evaluations/B1_mlp/seed_42/eval_seed_45.json' --stochastic
checkpoint: ckpt_selected.pt  (epoch 20, 106,487 params)
env:        central_park  |  degradation: off  |  device: cpu
policy:     stochastic

 ep  pickups      reward  mean_wait_s  rl_steps   wall_s
------------------------------------------------------------
demand:     3 'test' variants, rotated per episode
 Retrying in 1 seconds
Warning: Could not set locale to 'C'.
  0       13     +103.42  850.081081081081       120      1.7
Warning: Could not set locale to 'C'.
  1       11      +78.62  912.4358974358975       120      0.5
Warning: Could not set locale to 'C'.
  2       14     +114.61  842.1666666666666       120      0.5
Warning: Could not set locale to 'C'.
  3       13     +103.66  829.7837837837837       120      0.5
Warning: Could not set locale to 'C'.
  4       15     +121.29  897.0285714285715       120      0.5
Warning: Could not set locale to 'C'.
  5       14     +115.17        838.5       120      0.5

mean over 6 episodes:
  completed passenger journeys: 13.33 ± 1.25
  reward:    +106.13 ± 13.87
  mean_wait: 861.7s
summary: /Users/hongweilin/Documents/workspace/documents/Personal/DMU/Final Dissertation/dissertation-v12-full-rerun/runs/dissertation_v12_sumo120/evaluations/B1_mlp/seed_42/eval_seed_45.json
$ '/Users/hongweilin/Documents/workspace/documents/Personal/DMU/Final Dissertation/dissertation-v12-full-rerun/.venv/bin/python' scripts/eval_policy.py '/Users/hongweilin/Documents/workspace/documents/Personal/DMU/Final Dissertation/dissertation-v12-full-rerun/runs/dissertation_v12_sumo120/training/B1_mlp/seed_42/ckpt_selected.pt' --episodes 6 --seed 46 --demand-split test --output '/Users/hongweilin/Documents/workspace/documents/Personal/DMU/Final Dissertation/dissertation-v12-full-rerun/runs/dissertation_v12_sumo120/evaluations/B1_mlp/seed_42/eval_seed_46.json' --stochastic
checkpoint: ckpt_selected.pt  (epoch 20, 106,487 params)
env:        central_park  |  degradation: off  |  device: cpu
policy:     stochastic

 ep  pickups      reward  mean_wait_s  rl_steps   wall_s
------------------------------------------------------------
demand:     3 'test' variants, rotated per episode
 Retrying in 1 seconds
Warning: Could not set locale to 'C'.
  0       12      +92.71  838.2631578947369       120      1.7
Warning: Could not set locale to 'C'.
  1        9      +57.89  904.8048780487804       120      0.5
Warning: Could not set locale to 'C'.
  2       14     +114.55  839.5833333333334       120      0.5
Warning: Could not set locale to 'C'.
  3       16     +134.05  832.2941176470588       120      0.5
Warning: Could not set locale to 'C'.
  4       10      +68.07        906.3       120      0.5
Warning: Could not set locale to 'C'.
  5       20     +178.75        818.3       120      0.6

mean over 6 episodes:
  completed passenger journeys: 13.50 ± 3.73
  reward:    +107.67 ± 40.96
  mean_wait: 856.6s
summary: /Users/hongweilin/Documents/workspace/documents/Personal/DMU/Final Dissertation/dissertation-v12-full-rerun/runs/dissertation_v12_sumo120/evaluations/B1_mlp/seed_42/eval_seed_46.json
$ '/Users/hongweilin/Documents/workspace/documents/Personal/DMU/Final Dissertation/dissertation-v12-full-rerun/.venv/bin/python' scripts/eval_policy.py '/Users/hongweilin/Documents/workspace/documents/Personal/DMU/Final Dissertation/dissertation-v12-full-rerun/runs/dissertation_v12_sumo120/training/B1_mlp/seed_42/ckpt_selected.pt' --episodes 6 --seed 47 --demand-split test --output '/Users/hongweilin/Documents/workspace/documents/Personal/DMU/Final Dissertation/dissertation-v12-full-rerun/runs/dissertation_v12_sumo120/evaluations/B1_mlp/seed_42/eval_seed_47.json' --stochastic
checkpoint: ckpt_selected.pt  (epoch 20, 106,487 params)
env:        central_park  |  degradation: off  |  device: cpu
policy:     stochastic

 ep  pickups      reward  mean_wait_s  rl_steps   wall_s
------------------------------------------------------------
demand:     3 'test' variants, rotated per episode
 Retrying in 1 seconds
Warning: Could not set locale to 'C'.
  0       13     +103.41  857.3243243243244       120      1.6
Warning: Could not set locale to 'C'.
  1        9      +57.98  903.4634146341464       120      0.5
Warning: Could not set locale to 'C'.
  2       15     +126.23  817.5714285714286       120      0.5
Warning: Could not set locale to 'C'.
  3       12      +93.13  849.3421052631579       120      0.5
Warning: Could not set locale to 'C'.
  4       12      +89.81  894.2631578947369       120      0.5
Warning: Could not set locale to 'C'.
  5       16     +136.77  827.3235294117648       120      0.5

mean over 6 episodes:
  completed passenger journeys: 12.83 ± 2.27
  reward:    +101.22 ± 25.69
  mean_wait: 858.2s
summary: /Users/hongweilin/Documents/workspace/documents/Personal/DMU/Final Dissertation/dissertation-v12-full-rerun/runs/dissertation_v12_sumo120/evaluations/B1_mlp/seed_42/eval_seed_47.json
$ '/Users/hongweilin/Documents/workspace/documents/Personal/DMU/Final Dissertation/dissertation-v12-full-rerun/.venv/bin/python' scripts/eval_policy.py '/Users/hongweilin/Documents/workspace/documents/Personal/DMU/Final Dissertation/dissertation-v12-full-rerun/runs/dissertation_v12_sumo120/training/B1_mlp/seed_42/ckpt_selected.pt' --episodes 6 --seed 48 --demand-split test --output '/Users/hongweilin/Documents/workspace/documents/Personal/DMU/Final Dissertation/dissertation-v12-full-rerun/runs/dissertation_v12_sumo120/evaluations/B1_mlp/seed_42/eval_seed_48.json' --stochastic
checkpoint: ckpt_selected.pt  (epoch 20, 106,487 params)
env:        central_park  |  degradation: off  |  device: cpu
policy:     stochastic

 ep  pickups      reward  mean_wait_s  rl_steps   wall_s
------------------------------------------------------------
demand:     3 'test' variants, rotated per episode
 Retrying in 1 seconds
Warning: Could not set locale to 'C'.
  0       11      +82.74  839.3333333333334       120      1.7
Warning: Could not set locale to 'C'.
  1        9      +57.31  910.7560975609756       120      0.5
Warning: Could not set locale to 'C'.
  2       17     +147.06  826.7878787878788       120      0.5
Warning: Could not set locale to 'C'.
  3       15     +124.56        835.6       120      0.5
Warning: Could not set locale to 'C'.
  4        9      +57.93  899.219512195122       120      0.5
Warning: Could not set locale to 'C'.
  5       13     +105.03        831.0       120      0.5

mean over 6 episodes:
  completed passenger journeys: 12.33 ± 2.98
  reward:    +95.77 ± 33.23
  mean_wait: 857.1s
summary: /Users/hongweilin/Documents/workspace/documents/Personal/DMU/Final Dissertation/dissertation-v12-full-rerun/runs/dissertation_v12_sumo120/evaluations/B1_mlp/seed_42/eval_seed_48.json
$ '/Users/hongweilin/Documents/workspace/documents/Personal/DMU/Final Dissertation/dissertation-v12-full-rerun/.venv/bin/python' scripts/eval_policy.py '/Users/hongweilin/Documents/workspace/documents/Personal/DMU/Final Dissertation/dissertation-v12-full-rerun/runs/dissertation_v12_sumo120/training/B1_mlp/seed_42/ckpt_selected.pt' --episodes 6 --seed 49 --demand-split test --output '/Users/hongweilin/Documents/workspace/documents/Personal/DMU/Final Dissertation/dissertation-v12-full-rerun/runs/dissertation_v12_sumo120/evaluations/B1_mlp/seed_42/eval_seed_49.json' --stochastic
checkpoint: ckpt_selected.pt  (epoch 20, 106,487 params)
env:        central_park  |  degradation: off  |  device: cpu
policy:     stochastic

 ep  pickups      reward  mean_wait_s  rl_steps   wall_s
------------------------------------------------------------
demand:     3 'test' variants, rotated per episode
 Retrying in 1 seconds
Warning: Could not set locale to 'C'.
  0       13     +103.44  846.8108108108108       120      1.6
Warning: Could not set locale to 'C'.
  1        9      +58.16  899.560975609756       120      0.5
Warning: Could not set locale to 'C'.
  2       16     +135.86  840.2647058823529       120      0.5
Warning: Could not set locale to 'C'.
  3       15     +124.39  824.4857142857143       120      0.5
Warning: Could not set locale to 'C'.
  4       11      +78.90  902.2051282051282       120      0.5
Warning: Could not set locale to 'C'.
  5       16     +136.63  826.8529411764706       120      0.5

mean over 6 episodes:
  completed passenger journeys: 13.33 ± 2.62
  reward:    +106.23 ± 29.43
  mean_wait: 856.7s
summary: /Users/hongweilin/Documents/workspace/documents/Personal/DMU/Final Dissertation/dissertation-v12-full-rerun/runs/dissertation_v12_sumo120/evaluations/B1_mlp/seed_42/eval_seed_49.json
$ '/Users/hongweilin/Documents/workspace/documents/Personal/DMU/Final Dissertation/dissertation-v12-full-rerun/.venv/bin/python' scripts/eval_policy.py '/Users/hongweilin/Documents/workspace/documents/Personal/DMU/Final Dissertation/dissertation-v12-full-rerun/runs/dissertation_v12_sumo120/training/B1_mlp/seed_43/ckpt_selected.pt' --episodes 6 --seed 42 --demand-split test --output '/Users/hongweilin/Documents/workspace/documents/Personal/DMU/Final Dissertation/dissertation-v12-full-rerun/runs/dissertation_v12_sumo120/evaluations/B1_mlp/seed_43/eval_seed_42.json' --stochastic
checkpoint: ckpt_selected.pt  (epoch 20, 106,487 params)
env:        central_park  |  degradation: off  |  device: cpu
policy:     stochastic

 ep  pickups      reward  mean_wait_s  rl_steps   wall_s
------------------------------------------------------------
demand:     3 'test' variants, rotated per episode
 Retrying in 1 seconds
Warning: Could not set locale to 'C'.
  0       12      +92.95  817.3421052631579       120      1.6
Warning: Could not set locale to 'C'.
  1       13     +100.16  911.972972972973       120      0.5
Warning: Could not set locale to 'C'.
  2       22     +200.14  814.3214285714286       120      0.5
Warning: Could not set locale to 'C'.
  3       12      +92.86  843.2105263157895       120      0.5
Warning: Could not set locale to 'C'.
  4       10      +67.77      907.725       120      0.5
Warning: Could not set locale to 'C'.
  5       14     +115.71  826.8888888888889       120      0.5

mean over 6 episodes:
  completed passenger journeys: 13.83 ± 3.85
  reward:    +111.60 ± 42.05
  mean_wait: 853.6s
summary: /Users/hongweilin/Documents/workspace/documents/Personal/DMU/Final Dissertation/dissertation-v12-full-rerun/runs/dissertation_v12_sumo120/evaluations/B1_mlp/seed_43/eval_seed_42.json
$ '/Users/hongweilin/Documents/workspace/documents/Personal/DMU/Final Dissertation/dissertation-v12-full-rerun/.venv/bin/python' scripts/eval_policy.py '/Users/hongweilin/Documents/workspace/documents/Personal/DMU/Final Dissertation/dissertation-v12-full-rerun/runs/dissertation_v12_sumo120/training/B1_mlp/seed_43/ckpt_selected.pt' --episodes 6 --seed 43 --demand-split test --output '/Users/hongweilin/Documents/workspace/documents/Personal/DMU/Final Dissertation/dissertation-v12-full-rerun/runs/dissertation_v12_sumo120/evaluations/B1_mlp/seed_43/eval_seed_43.json' --stochastic
checkpoint: ckpt_selected.pt  (epoch 20, 106,487 params)
env:        central_park  |  degradation: off  |  device: cpu
policy:     stochastic

 ep  pickups      reward  mean_wait_s  rl_steps   wall_s
------------------------------------------------------------
demand:     3 'test' variants, rotated per episode
 Retrying in 1 seconds
Warning: Could not set locale to 'C'.
  0       13     +103.83  833.5405405405405       120      1.6
Warning: Could not set locale to 'C'.
  1        7      +36.69  909.2558139534884       120      0.6
Warning: Could not set locale to 'C'.
  2       12      +93.61  843.578947368421       120      0.5
Warning: Could not set locale to 'C'.
  3       13     +104.80  826.972972972973       120      0.5
Warning: Could not set locale to 'C'.
  4       11      +78.92  895.4358974358975       120      0.5
Warning: Could not set locale to 'C'.
  5       20     +178.55        825.8       120      0.5

mean over 6 episodes:
  completed passenger journeys: 12.67 ± 3.86
  reward:    +99.40 ± 42.23
  mean_wait: 855.8s
summary: /Users/hongweilin/Documents/workspace/documents/Personal/DMU/Final Dissertation/dissertation-v12-full-rerun/runs/dissertation_v12_sumo120/evaluations/B1_mlp/seed_43/eval_seed_43.json
$ '/Users/hongweilin/Documents/workspace/documents/Personal/DMU/Final Dissertation/dissertation-v12-full-rerun/.venv/bin/python' scripts/eval_policy.py '/Users/hongweilin/Documents/workspace/documents/Personal/DMU/Final Dissertation/dissertation-v12-full-rerun/runs/dissertation_v12_sumo120/training/B1_mlp/seed_43/ckpt_selected.pt' --episodes 6 --seed 44 --demand-split test --output '/Users/hongweilin/Documents/workspace/documents/Personal/DMU/Final Dissertation/dissertation-v12-full-rerun/runs/dissertation_v12_sumo120/evaluations/B1_mlp/seed_43/eval_seed_44.json' --stochastic
checkpoint: ckpt_selected.pt  (epoch 20, 106,487 params)
env:        central_park  |  degradation: off  |  device: cpu
policy:     stochastic

 ep  pickups      reward  mean_wait_s  rl_steps   wall_s
------------------------------------------------------------
demand:     3 'test' variants, rotated per episode
 Retrying in 1 seconds
Warning: Could not set locale to 'C'.
  0       10      +71.66       840.25       120      1.6
Warning: Could not set locale to 'C'.
  1       10      +68.62      905.575       120      0.5
Warning: Could not set locale to 'C'.
  2       15     +125.61  826.3714285714286       120      0.5
Warning: Could not set locale to 'C'.
  3       11      +82.87  844.7435897435897       120      0.5
Warning: Could not set locale to 'C'.
  4       10      +68.27      909.725       120      0.5
Warning: Could not set locale to 'C'.
  5       17     +146.70  822.3939393939394       120      0.5

mean over 6 episodes:
  completed passenger journeys: 12.17 ± 2.79
  reward:    +93.95 ± 30.84
  mean_wait: 858.2s
summary: /Users/hongweilin/Documents/workspace/documents/Personal/DMU/Final Dissertation/dissertation-v12-full-rerun/runs/dissertation_v12_sumo120/evaluations/B1_mlp/seed_43/eval_seed_44.json
$ '/Users/hongweilin/Documents/workspace/documents/Personal/DMU/Final Dissertation/dissertation-v12-full-rerun/.venv/bin/python' scripts/eval_policy.py '/Users/hongweilin/Documents/workspace/documents/Personal/DMU/Final Dissertation/dissertation-v12-full-rerun/runs/dissertation_v12_sumo120/training/B1_mlp/seed_43/ckpt_selected.pt' --episodes 6 --seed 45 --demand-split test --output '/Users/hongweilin/Documents/workspace/documents/Personal/DMU/Final Dissertation/dissertation-v12-full-rerun/runs/dissertation_v12_sumo120/evaluations/B1_mlp/seed_43/eval_seed_45.json' --stochastic
checkpoint: ckpt_selected.pt  (epoch 20, 106,487 params)
env:        central_park  |  degradation: off  |  device: cpu
policy:     stochastic

 ep  pickups      reward  mean_wait_s  rl_steps   wall_s
------------------------------------------------------------
demand:     3 'test' variants, rotated per episode
 Retrying in 1 seconds
Warning: Could not set locale to 'C'.
  0        9      +60.89  848.2682926829268       120      1.6
Warning: Could not set locale to 'C'.
  1       11      +78.43  899.6153846153846       120      0.5
Warning: Could not set locale to 'C'.
  2       13     +104.54  837.7837837837837       120      0.5
Warning: Could not set locale to 'C'.
  3       17     +146.90  821.3636363636364       120      0.5
Warning: Could not set locale to 'C'.
  4       12      +89.20  910.2368421052631       120      0.5
Warning: Could not set locale to 'C'.
  5       15     +125.18  839.8285714285714       120      0.5

mean over 6 episodes:
  completed passenger journeys: 12.83 ± 2.61
  reward:    +100.86 ± 28.76
  mean_wait: 859.5s
summary: /Users/hongweilin/Documents/workspace/documents/Personal/DMU/Final Dissertation/dissertation-v12-full-rerun/runs/dissertation_v12_sumo120/evaluations/B1_mlp/seed_43/eval_seed_45.json
$ '/Users/hongweilin/Documents/workspace/documents/Personal/DMU/Final Dissertation/dissertation-v12-full-rerun/.venv/bin/python' scripts/eval_policy.py '/Users/hongweilin/Documents/workspace/documents/Personal/DMU/Final Dissertation/dissertation-v12-full-rerun/runs/dissertation_v12_sumo120/training/B1_mlp/seed_43/ckpt_selected.pt' --episodes 6 --seed 46 --demand-split test --output '/Users/hongweilin/Documents/workspace/documents/Personal/DMU/Final Dissertation/dissertation-v12-full-rerun/runs/dissertation_v12_sumo120/evaluations/B1_mlp/seed_43/eval_seed_46.json' --stochastic
checkpoint: ckpt_selected.pt  (epoch 20, 106,487 params)
env:        central_park  |  degradation: off  |  device: cpu
policy:     stochastic

 ep  pickups      reward  mean_wait_s  rl_steps   wall_s
------------------------------------------------------------
demand:     3 'test' variants, rotated per episode
 Retrying in 1 seconds
Warning: Could not set locale to 'C'.
  0       12      +93.03        824.5       120      1.6
Warning: Could not set locale to 'C'.
  1        9      +57.92  918.170731707317       120      0.5
Warning: Could not set locale to 'C'.
  2       17     +146.67  839.4545454545455       120      0.6
Warning: Could not set locale to 'C'.
  3       10      +71.25      841.575       120      0.5
Warning: Could not set locale to 'C'.
  4       11      +78.52  909.1025641025641       120      0.5
Warning: Could not set locale to 'C'.
  5       14     +115.38  832.9444444444445       120      0.5

mean over 6 episodes:
  completed passenger journeys: 12.17 ± 2.67
  reward:    +93.80 ± 29.70
  mean_wait: 861.0s
summary: /Users/hongweilin/Documents/workspace/documents/Personal/DMU/Final Dissertation/dissertation-v12-full-rerun/runs/dissertation_v12_sumo120/evaluations/B1_mlp/seed_43/eval_seed_46.json
$ '/Users/hongweilin/Documents/workspace/documents/Personal/DMU/Final Dissertation/dissertation-v12-full-rerun/.venv/bin/python' scripts/eval_policy.py '/Users/hongweilin/Documents/workspace/documents/Personal/DMU/Final Dissertation/dissertation-v12-full-rerun/runs/dissertation_v12_sumo120/training/B1_mlp/seed_43/ckpt_selected.pt' --episodes 6 --seed 47 --demand-split test --output '/Users/hongweilin/Documents/workspace/documents/Personal/DMU/Final Dissertation/dissertation-v12-full-rerun/runs/dissertation_v12_sumo120/evaluations/B1_mlp/seed_43/eval_seed_47.json' --stochastic
checkpoint: ckpt_selected.pt  (epoch 20, 106,487 params)
env:        central_park  |  degradation: off  |  device: cpu
policy:     stochastic

 ep  pickups      reward  mean_wait_s  rl_steps   wall_s
------------------------------------------------------------
demand:     3 'test' variants, rotated per episode
 Retrying in 1 seconds
Warning: Could not set locale to 'C'.
  0       12      +93.81  828.8947368421053       120      1.6
Warning: Could not set locale to 'C'.
  1        7      +36.78  905.4883720930233       120      0.5
Warning: Could not set locale to 'C'.
  2       17     +146.87  838.1212121212121       120      0.5
Warning: Could not set locale to 'C'.
  3       15     +124.58  833.8857142857142       120      0.5
Warning: Could not set locale to 'C'.
  4        8      +47.49  901.9285714285714       120      0.5
Warning: Could not set locale to 'C'.
  5       17     +146.57  834.2727272727273       120      0.6

mean over 6 episodes:
  completed passenger journeys: 12.67 ± 4.03
  reward:    +99.35 ± 44.27
  mean_wait: 857.1s
summary: /Users/hongweilin/Documents/workspace/documents/Personal/DMU/Final Dissertation/dissertation-v12-full-rerun/runs/dissertation_v12_sumo120/evaluations/B1_mlp/seed_43/eval_seed_47.json
$ '/Users/hongweilin/Documents/workspace/documents/Personal/DMU/Final Dissertation/dissertation-v12-full-rerun/.venv/bin/python' scripts/eval_policy.py '/Users/hongweilin/Documents/workspace/documents/Personal/DMU/Final Dissertation/dissertation-v12-full-rerun/runs/dissertation_v12_sumo120/training/B1_mlp/seed_43/ckpt_selected.pt' --episodes 6 --seed 48 --demand-split test --output '/Users/hongweilin/Documents/workspace/documents/Personal/DMU/Final Dissertation/dissertation-v12-full-rerun/runs/dissertation_v12_sumo120/evaluations/B1_mlp/seed_43/eval_seed_48.json' --stochastic
checkpoint: ckpt_selected.pt  (epoch 20, 106,487 params)
env:        central_park  |  degradation: off  |  device: cpu
policy:     stochastic

 ep  pickups      reward  mean_wait_s  rl_steps   wall_s
------------------------------------------------------------
demand:     3 'test' variants, rotated per episode
 Retrying in 1 seconds
Warning: Could not set locale to 'C'.
  0       11      +82.54  843.1282051282051       120      1.6
Warning: Could not set locale to 'C'.
  1        9      +57.85        906.0       120      0.5
Warning: Could not set locale to 'C'.
  2       14     +114.89  840.4166666666666       120      0.5
Warning: Could not set locale to 'C'.
  3       12      +92.99  842.4736842105264       120      0.5
Warning: Could not set locale to 'C'.
  4       15     +121.60  893.1142857142858       120      0.5
Warning: Could not set locale to 'C'.
  5       14     +115.36  839.3611111111111       120      0.5

mean over 6 episodes:
  completed passenger journeys: 12.50 ± 2.06
  reward:    +97.54 ± 22.43
  mean_wait: 860.7s
summary: /Users/hongweilin/Documents/workspace/documents/Personal/DMU/Final Dissertation/dissertation-v12-full-rerun/runs/dissertation_v12_sumo120/evaluations/B1_mlp/seed_43/eval_seed_48.json
$ '/Users/hongweilin/Documents/workspace/documents/Personal/DMU/Final Dissertation/dissertation-v12-full-rerun/.venv/bin/python' scripts/eval_policy.py '/Users/hongweilin/Documents/workspace/documents/Personal/DMU/Final Dissertation/dissertation-v12-full-rerun/runs/dissertation_v12_sumo120/training/B1_mlp/seed_43/ckpt_selected.pt' --episodes 6 --seed 49 --demand-split test --output '/Users/hongweilin/Documents/workspace/documents/Personal/DMU/Final Dissertation/dissertation-v12-full-rerun/runs/dissertation_v12_sumo120/evaluations/B1_mlp/seed_43/eval_seed_49.json' --stochastic
checkpoint: ckpt_selected.pt  (epoch 20, 106,487 params)
env:        central_park  |  degradation: off  |  device: cpu
policy:     stochastic

 ep  pickups      reward  mean_wait_s  rl_steps   wall_s
------------------------------------------------------------
demand:     3 'test' variants, rotated per episode
 Retrying in 1 seconds
Warning: Could not set locale to 'C'.
  0       15     +124.26  843.4571428571429       120      1.6
Warning: Could not set locale to 'C'.
  1        7      +36.89  908.6279069767442       120      0.6
Warning: Could not set locale to 'C'.
  2       15     +125.15  840.7428571428571       120      0.5
Warning: Could not set locale to 'C'.
  3       11      +82.46  848.4358974358975       120      0.5
Warning: Could not set locale to 'C'.
  4        8      +47.13  907.0238095238095       120      0.5
Warning: Could not set locale to 'C'.
  5       16     +136.20  834.4117647058823       120      0.5

mean over 6 episodes:
  completed passenger journeys: 12.00 ± 3.56
  reward:    +92.02 ± 39.23
  mean_wait: 863.8s
summary: /Users/hongweilin/Documents/workspace/documents/Personal/DMU/Final Dissertation/dissertation-v12-full-rerun/runs/dissertation_v12_sumo120/evaluations/B1_mlp/seed_43/eval_seed_49.json
$ '/Users/hongweilin/Documents/workspace/documents/Personal/DMU/Final Dissertation/dissertation-v12-full-rerun/.venv/bin/python' scripts/eval_policy.py '/Users/hongweilin/Documents/workspace/documents/Personal/DMU/Final Dissertation/dissertation-v12-full-rerun/runs/dissertation_v12_sumo120/training/B1_mlp/seed_44/ckpt_selected.pt' --episodes 6 --seed 42 --demand-split test --output '/Users/hongweilin/Documents/workspace/documents/Personal/DMU/Final Dissertation/dissertation-v12-full-rerun/runs/dissertation_v12_sumo120/evaluations/B1_mlp/seed_44/eval_seed_42.json' --stochastic
checkpoint: ckpt_selected.pt  (epoch 40, 106,487 params)
env:        central_park  |  degradation: off  |  device: cpu
policy:     stochastic

 ep  pickups      reward  mean_wait_s  rl_steps   wall_s
------------------------------------------------------------
demand:     3 'test' variants, rotated per episode
 Retrying in 1 seconds
Warning: Could not set locale to 'C'.
  0       12      +93.53  825.9736842105264       120      1.6
Warning: Could not set locale to 'C'.
  1       11      +79.51  897.1025641025641       120      0.5
Warning: Could not set locale to 'C'.
  2       16     +135.22  841.4411764705883       120      0.5
Warning: Could not set locale to 'C'.
  3       16     +135.16        829.0       120      0.5
Warning: Could not set locale to 'C'.
  4       12      +89.51  899.3421052631579       120      0.5
Warning: Could not set locale to 'C'.
  5       14     +115.26  836.2777777777778       120      0.5

mean over 6 episodes:
  completed passenger journeys: 13.50 ± 1.98
  reward:    +108.03 ± 21.96
  mean_wait: 854.9s
summary: /Users/hongweilin/Documents/workspace/documents/Personal/DMU/Final Dissertation/dissertation-v12-full-rerun/runs/dissertation_v12_sumo120/evaluations/B1_mlp/seed_44/eval_seed_42.json
$ '/Users/hongweilin/Documents/workspace/documents/Personal/DMU/Final Dissertation/dissertation-v12-full-rerun/.venv/bin/python' scripts/eval_policy.py '/Users/hongweilin/Documents/workspace/documents/Personal/DMU/Final Dissertation/dissertation-v12-full-rerun/runs/dissertation_v12_sumo120/training/B1_mlp/seed_44/ckpt_selected.pt' --episodes 6 --seed 43 --demand-split test --output '/Users/hongweilin/Documents/workspace/documents/Personal/DMU/Final Dissertation/dissertation-v12-full-rerun/runs/dissertation_v12_sumo120/evaluations/B1_mlp/seed_44/eval_seed_43.json' --stochastic
checkpoint: ckpt_selected.pt  (epoch 40, 106,487 params)
env:        central_park  |  degradation: off  |  device: cpu
policy:     stochastic

 ep  pickups      reward  mean_wait_s  rl_steps   wall_s
------------------------------------------------------------
demand:     3 'test' variants, rotated per episode
 Retrying in 1 seconds
Warning: Could not set locale to 'C'.
  0       14     +114.02        845.5       120      1.6
Warning: Could not set locale to 'C'.
  1       10      +68.40      911.375       120      0.5
Warning: Could not set locale to 'C'.
  2       14     +115.27  832.6666666666666       120      0.5
Warning: Could not set locale to 'C'.
  3       13     +103.48        843.0       120      0.5
Warning: Could not set locale to 'C'.
  4       13      +99.80  903.5135135135135       120      0.5
Warning: Could not set locale to 'C'.
  5       15     +125.33  840.9142857142857       120      0.5

mean over 6 episodes:
  completed passenger journeys: 13.17 ± 1.57
  reward:    +104.38 ± 18.10
  mean_wait: 862.8s
summary: /Users/hongweilin/Documents/workspace/documents/Personal/DMU/Final Dissertation/dissertation-v12-full-rerun/runs/dissertation_v12_sumo120/evaluations/B1_mlp/seed_44/eval_seed_43.json
$ '/Users/hongweilin/Documents/workspace/documents/Personal/DMU/Final Dissertation/dissertation-v12-full-rerun/.venv/bin/python' scripts/eval_policy.py '/Users/hongweilin/Documents/workspace/documents/Personal/DMU/Final Dissertation/dissertation-v12-full-rerun/runs/dissertation_v12_sumo120/training/B1_mlp/seed_44/ckpt_selected.pt' --episodes 6 --seed 44 --demand-split test --output '/Users/hongweilin/Documents/workspace/documents/Personal/DMU/Final Dissertation/dissertation-v12-full-rerun/runs/dissertation_v12_sumo120/evaluations/B1_mlp/seed_44/eval_seed_44.json' --stochastic
checkpoint: ckpt_selected.pt  (epoch 40, 106,487 params)
env:        central_park  |  degradation: off  |  device: cpu
policy:     stochastic

 ep  pickups      reward  mean_wait_s  rl_steps   wall_s
------------------------------------------------------------
demand:     3 'test' variants, rotated per episode
 Retrying in 1 seconds
Warning: Could not set locale to 'C'.
  0       15     +124.09  848.4857142857143       120      1.6
Warning: Could not set locale to 'C'.
  1       11      +79.45  895.2564102564103       120      0.5
Warning: Could not set locale to 'C'.
  2       13     +103.80  846.918918918919       120      0.6
Warning: Could not set locale to 'C'.
  3       14     +113.84  843.4722222222222       120      0.5
Warning: Could not set locale to 'C'.
  4        9      +58.02  902.9756097560976       120      0.5
Warning: Could not set locale to 'C'.
  5       17     +146.79  830.3333333333334       120      0.5

mean over 6 episodes:
  completed passenger journeys: 13.17 ± 2.61
  reward:    +104.33 ± 29.01
  mean_wait: 861.2s
summary: /Users/hongweilin/Documents/workspace/documents/Personal/DMU/Final Dissertation/dissertation-v12-full-rerun/runs/dissertation_v12_sumo120/evaluations/B1_mlp/seed_44/eval_seed_44.json
$ '/Users/hongweilin/Documents/workspace/documents/Personal/DMU/Final Dissertation/dissertation-v12-full-rerun/.venv/bin/python' scripts/eval_policy.py '/Users/hongweilin/Documents/workspace/documents/Personal/DMU/Final Dissertation/dissertation-v12-full-rerun/runs/dissertation_v12_sumo120/training/B1_mlp/seed_44/ckpt_selected.pt' --episodes 6 --seed 45 --demand-split test --output '/Users/hongweilin/Documents/workspace/documents/Personal/DMU/Final Dissertation/dissertation-v12-full-rerun/runs/dissertation_v12_sumo120/evaluations/B1_mlp/seed_44/eval_seed_45.json' --stochastic
checkpoint: ckpt_selected.pt  (epoch 40, 106,487 params)
env:        central_park  |  degradation: off  |  device: cpu
policy:     stochastic

 ep  pickups      reward  mean_wait_s  rl_steps   wall_s
------------------------------------------------------------
demand:     3 'test' variants, rotated per episode
 Retrying in 1 seconds
Warning: Could not set locale to 'C'.
  0       13     +103.06  845.3513513513514       120      1.6
Warning: Could not set locale to 'C'.
  1        9      +58.18  901.780487804878       120      0.5
Warning: Could not set locale to 'C'.
  2       12      +93.92  827.921052631579       120      0.5
Warning: Could not set locale to 'C'.
  3       16     +135.27  818.7352941176471       120      0.5
Warning: Could not set locale to 'C'.
  4        9      +57.84  900.439024390244       120      0.5
Warning: Could not set locale to 'C'.
  5       14     +114.90  840.6388888888889       120      0.5

mean over 6 episodes:
  completed passenger journeys: 12.17 ± 2.54
  reward:    +93.86 ± 28.32
  mean_wait: 855.8s
summary: /Users/hongweilin/Documents/workspace/documents/Personal/DMU/Final Dissertation/dissertation-v12-full-rerun/runs/dissertation_v12_sumo120/evaluations/B1_mlp/seed_44/eval_seed_45.json
$ '/Users/hongweilin/Documents/workspace/documents/Personal/DMU/Final Dissertation/dissertation-v12-full-rerun/.venv/bin/python' scripts/eval_policy.py '/Users/hongweilin/Documents/workspace/documents/Personal/DMU/Final Dissertation/dissertation-v12-full-rerun/runs/dissertation_v12_sumo120/training/B1_mlp/seed_44/ckpt_selected.pt' --episodes 6 --seed 46 --demand-split test --output '/Users/hongweilin/Documents/workspace/documents/Personal/DMU/Final Dissertation/dissertation-v12-full-rerun/runs/dissertation_v12_sumo120/evaluations/B1_mlp/seed_44/eval_seed_46.json' --stochastic
checkpoint: ckpt_selected.pt  (epoch 40, 106,487 params)
env:        central_park  |  degradation: off  |  device: cpu
policy:     stochastic

 ep  pickups      reward  mean_wait_s  rl_steps   wall_s
------------------------------------------------------------
demand:     3 'test' variants, rotated per episode
 Retrying in 1 seconds
Warning: Could not set locale to 'C'.
  0       12      +92.87  835.5263157894736       120      1.6
Warning: Could not set locale to 'C'.
  1        7      +36.39  905.1627906976744       120      0.5
Warning: Could not set locale to 'C'.
  2       15     +124.39        862.8       120      0.6
Warning: Could not set locale to 'C'.
  3       14     +114.51  838.3888888888889       120      0.5
Warning: Could not set locale to 'C'.
  4        9      +57.98  895.7073170731708       120      0.5
Warning: Could not set locale to 'C'.
  5       14     +114.40  846.3611111111111       120      0.5

mean over 6 episodes:
  completed passenger journeys: 11.83 ± 2.91
  reward:    +90.09 ± 32.37
  mean_wait: 864.0s
summary: /Users/hongweilin/Documents/workspace/documents/Personal/DMU/Final Dissertation/dissertation-v12-full-rerun/runs/dissertation_v12_sumo120/evaluations/B1_mlp/seed_44/eval_seed_46.json
$ '/Users/hongweilin/Documents/workspace/documents/Personal/DMU/Final Dissertation/dissertation-v12-full-rerun/.venv/bin/python' scripts/eval_policy.py '/Users/hongweilin/Documents/workspace/documents/Personal/DMU/Final Dissertation/dissertation-v12-full-rerun/runs/dissertation_v12_sumo120/training/B1_mlp/seed_44/ckpt_selected.pt' --episodes 6 --seed 47 --demand-split test --output '/Users/hongweilin/Documents/workspace/documents/Personal/DMU/Final Dissertation/dissertation-v12-full-rerun/runs/dissertation_v12_sumo120/evaluations/B1_mlp/seed_44/eval_seed_47.json' --stochastic
checkpoint: ckpt_selected.pt  (epoch 40, 106,487 params)
env:        central_park  |  degradation: off  |  device: cpu
policy:     stochastic

 ep  pickups      reward  mean_wait_s  rl_steps   wall_s
------------------------------------------------------------
demand:     3 'test' variants, rotated per episode
 Retrying in 1 seconds
Warning: Could not set locale to 'C'.
  0       10      +71.73        839.2       120      1.6
Warning: Could not set locale to 'C'.
  1        7      +36.63  915.6511627906976       120      0.5
Warning: Could not set locale to 'C'.
  2       17     +146.95  835.4242424242424       120      0.5
Warning: Could not set locale to 'C'.
  3       16     +134.41  845.3823529411765       120      0.5
Warning: Could not set locale to 'C'.
  4       11      +79.12  905.7692307692307       120      0.5
Warning: Could not set locale to 'C'.
  5       13     +104.51  827.4594594594595       120      0.6

mean over 6 episodes:
  completed passenger journeys: 12.33 ± 3.45
  reward:    +95.56 ± 37.73
  mean_wait: 861.5s
summary: /Users/hongweilin/Documents/workspace/documents/Personal/DMU/Final Dissertation/dissertation-v12-full-rerun/runs/dissertation_v12_sumo120/evaluations/B1_mlp/seed_44/eval_seed_47.json
$ '/Users/hongweilin/Documents/workspace/documents/Personal/DMU/Final Dissertation/dissertation-v12-full-rerun/.venv/bin/python' scripts/eval_policy.py '/Users/hongweilin/Documents/workspace/documents/Personal/DMU/Final Dissertation/dissertation-v12-full-rerun/runs/dissertation_v12_sumo120/training/B1_mlp/seed_44/ckpt_selected.pt' --episodes 6 --seed 48 --demand-split test --output '/Users/hongweilin/Documents/workspace/documents/Personal/DMU/Final Dissertation/dissertation-v12-full-rerun/runs/dissertation_v12_sumo120/evaluations/B1_mlp/seed_44/eval_seed_48.json' --stochastic
checkpoint: ckpt_selected.pt  (epoch 40, 106,487 params)
env:        central_park  |  degradation: off  |  device: cpu
policy:     stochastic

 ep  pickups      reward  mean_wait_s  rl_steps   wall_s
------------------------------------------------------------
demand:     3 'test' variants, rotated per episode
 Retrying in 1 seconds
Warning: Could not set locale to 'C'.
  0       12      +93.71  841.5526315789474       120      1.6
Warning: Could not set locale to 'C'.
  1        9      +57.84  907.780487804878       120      0.5
Warning: Could not set locale to 'C'.
  2       13     +104.12  842.2972972972973       120      0.5
Warning: Could not set locale to 'C'.
  3        8      +51.15        843.5       120      0.5
Warning: Could not set locale to 'C'.
  4       10      +68.58      904.425       120      0.5
Warning: Could not set locale to 'C'.
  5       15     +125.08        840.6       120      0.5

mean over 6 episodes:
  completed passenger journeys: 11.17 ± 2.41
  reward:    +83.41 ± 26.41
  mean_wait: 863.4s
summary: /Users/hongweilin/Documents/workspace/documents/Personal/DMU/Final Dissertation/dissertation-v12-full-rerun/runs/dissertation_v12_sumo120/evaluations/B1_mlp/seed_44/eval_seed_48.json
$ '/Users/hongweilin/Documents/workspace/documents/Personal/DMU/Final Dissertation/dissertation-v12-full-rerun/.venv/bin/python' scripts/eval_policy.py '/Users/hongweilin/Documents/workspace/documents/Personal/DMU/Final Dissertation/dissertation-v12-full-rerun/runs/dissertation_v12_sumo120/training/B1_mlp/seed_44/ckpt_selected.pt' --episodes 6 --seed 49 --demand-split test --output '/Users/hongweilin/Documents/workspace/documents/Personal/DMU/Final Dissertation/dissertation-v12-full-rerun/runs/dissertation_v12_sumo120/evaluations/B1_mlp/seed_44/eval_seed_49.json' --stochastic
checkpoint: ckpt_selected.pt  (epoch 40, 106,487 params)
env:        central_park  |  degradation: off  |  device: cpu
policy:     stochastic

 ep  pickups      reward  mean_wait_s  rl_steps   wall_s
------------------------------------------------------------
demand:     3 'test' variants, rotated per episode
 Retrying in 1 seconds
Warning: Could not set locale to 'C'.
  0       12      +93.27  826.3421052631579       120      1.6
Warning: Could not set locale to 'C'.
  1       10      +68.65       895.15       120      0.5
Warning: Could not set locale to 'C'.
  2       14     +114.70  833.9722222222222       120      0.5
Warning: Could not set locale to 'C'.
  3       10      +71.93       845.15       120      0.5
Warning: Could not set locale to 'C'.
  4        8      +47.24  902.452380952381       120      0.5
Warning: Could not set locale to 'C'.
  5       15     +125.52  823.1714285714286       120      0.6

mean over 6 episodes:
  completed passenger journeys: 11.50 ± 2.43
  reward:    +86.88 ± 27.19
  mean_wait: 854.4s
summary: /Users/hongweilin/Documents/workspace/documents/Personal/DMU/Final Dissertation/dissertation-v12-full-rerun/runs/dissertation_v12_sumo120/evaluations/B1_mlp/seed_44/eval_seed_49.json
$ '/Users/hongweilin/Documents/workspace/documents/Personal/DMU/Final Dissertation/dissertation-v12-full-rerun/.venv/bin/python' scripts/eval_policy.py '/Users/hongweilin/Documents/workspace/documents/Personal/DMU/Final Dissertation/dissertation-v12-full-rerun/runs/dissertation_v12_sumo120/training/B1_mlp/seed_45/ckpt_selected.pt' --episodes 6 --seed 42 --demand-split test --output '/Users/hongweilin/Documents/workspace/documents/Personal/DMU/Final Dissertation/dissertation-v12-full-rerun/runs/dissertation_v12_sumo120/evaluations/B1_mlp/seed_45/eval_seed_42.json' --stochastic
checkpoint: ckpt_selected.pt  (epoch 40, 106,487 params)
env:        central_park  |  degradation: off  |  device: cpu
policy:     stochastic

 ep  pickups      reward  mean_wait_s  rl_steps   wall_s
------------------------------------------------------------
demand:     3 'test' variants, rotated per episode
 Retrying in 1 seconds
Warning: Could not set locale to 'C'.
  0       12      +93.40        855.5       120      1.6
Warning: Could not set locale to 'C'.
  1        5      +15.73  909.9111111111112       120      0.5
Warning: Could not set locale to 'C'.
  2       17     +146.76  825.8181818181819       120      0.5
Warning: Could not set locale to 'C'.
  3        9      +60.61  868.9756097560976       120      0.5
Warning: Could not set locale to 'C'.
  4       12      +89.92  893.421052631579       120      0.5
Warning: Could not set locale to 'C'.
  5       11      +83.18  845.4871794871794       120      0.6

mean over 6 episodes:
  completed passenger journeys: 11.00 ± 3.61
  reward:    +81.60 ± 39.24
  mean_wait: 866.5s
summary: /Users/hongweilin/Documents/workspace/documents/Personal/DMU/Final Dissertation/dissertation-v12-full-rerun/runs/dissertation_v12_sumo120/evaluations/B1_mlp/seed_45/eval_seed_42.json
$ '/Users/hongweilin/Documents/workspace/documents/Personal/DMU/Final Dissertation/dissertation-v12-full-rerun/.venv/bin/python' scripts/eval_policy.py '/Users/hongweilin/Documents/workspace/documents/Personal/DMU/Final Dissertation/dissertation-v12-full-rerun/runs/dissertation_v12_sumo120/training/B1_mlp/seed_45/ckpt_selected.pt' --episodes 6 --seed 43 --demand-split test --output '/Users/hongweilin/Documents/workspace/documents/Personal/DMU/Final Dissertation/dissertation-v12-full-rerun/runs/dissertation_v12_sumo120/evaluations/B1_mlp/seed_45/eval_seed_43.json' --stochastic
checkpoint: ckpt_selected.pt  (epoch 40, 106,487 params)
env:        central_park  |  degradation: off  |  device: cpu
policy:     stochastic

 ep  pickups      reward  mean_wait_s  rl_steps   wall_s
------------------------------------------------------------
demand:     3 'test' variants, rotated per episode
 Retrying in 1 seconds
Warning: Could not set locale to 'C'.
  0       12      +93.30  837.3157894736842       120      1.6
Warning: Could not set locale to 'C'.
  1        9      +58.09  910.7317073170732       120      0.5
Warning: Could not set locale to 'C'.
  2       17     +146.35  851.7575757575758       120      0.5
Warning: Could not set locale to 'C'.
  3       12      +93.21  837.2105263157895       120      0.5
Warning: Could not set locale to 'C'.
  4        8      +47.19  917.547619047619       120      0.5
Warning: Could not set locale to 'C'.
  5       13     +104.78  832.918918918919       120      0.5

mean over 6 episodes:
  completed passenger journeys: 11.83 ± 2.91
  reward:    +90.49 ± 32.31
  mean_wait: 864.6s
summary: /Users/hongweilin/Documents/workspace/documents/Personal/DMU/Final Dissertation/dissertation-v12-full-rerun/runs/dissertation_v12_sumo120/evaluations/B1_mlp/seed_45/eval_seed_43.json
$ '/Users/hongweilin/Documents/workspace/documents/Personal/DMU/Final Dissertation/dissertation-v12-full-rerun/.venv/bin/python' scripts/eval_policy.py '/Users/hongweilin/Documents/workspace/documents/Personal/DMU/Final Dissertation/dissertation-v12-full-rerun/runs/dissertation_v12_sumo120/training/B1_mlp/seed_45/ckpt_selected.pt' --episodes 6 --seed 44 --demand-split test --output '/Users/hongweilin/Documents/workspace/documents/Personal/DMU/Final Dissertation/dissertation-v12-full-rerun/runs/dissertation_v12_sumo120/evaluations/B1_mlp/seed_45/eval_seed_44.json' --stochastic
checkpoint: ckpt_selected.pt  (epoch 40, 106,487 params)
env:        central_park  |  degradation: off  |  device: cpu
policy:     stochastic

 ep  pickups      reward  mean_wait_s  rl_steps   wall_s
------------------------------------------------------------
demand:     3 'test' variants, rotated per episode
 Retrying in 1 seconds
Warning: Could not set locale to 'C'.
  0       15     +124.47  837.8285714285714       120      1.6
Warning: Could not set locale to 'C'.
  1        5      +15.46  914.6222222222223       120      0.5
Warning: Could not set locale to 'C'.
  2        9      +62.24  846.3414634146342       120      0.5
Warning: Could not set locale to 'C'.
  3       12      +92.98        836.5       120      0.5
Warning: Could not set locale to 'C'.
  4        8      +46.79  915.9047619047619       120      0.5
Warning: Could not set locale to 'C'.
  5       14     +114.35  860.9166666666666       120      0.5

mean over 6 episodes:
  completed passenger journeys: 10.50 ± 3.50
  reward:    +76.05 ± 38.33
  mean_wait: 868.7s
summary: /Users/hongweilin/Documents/workspace/documents/Personal/DMU/Final Dissertation/dissertation-v12-full-rerun/runs/dissertation_v12_sumo120/evaluations/B1_mlp/seed_45/eval_seed_44.json
$ '/Users/hongweilin/Documents/workspace/documents/Personal/DMU/Final Dissertation/dissertation-v12-full-rerun/.venv/bin/python' scripts/eval_policy.py '/Users/hongweilin/Documents/workspace/documents/Personal/DMU/Final Dissertation/dissertation-v12-full-rerun/runs/dissertation_v12_sumo120/training/B1_mlp/seed_45/ckpt_selected.pt' --episodes 6 --seed 45 --demand-split test --output '/Users/hongweilin/Documents/workspace/documents/Personal/DMU/Final Dissertation/dissertation-v12-full-rerun/runs/dissertation_v12_sumo120/evaluations/B1_mlp/seed_45/eval_seed_45.json' --stochastic
checkpoint: ckpt_selected.pt  (epoch 40, 106,487 params)
env:        central_park  |  degradation: off  |  device: cpu
policy:     stochastic

 ep  pickups      reward  mean_wait_s  rl_steps   wall_s
------------------------------------------------------------
demand:     3 'test' variants, rotated per episode
 Retrying in 1 seconds
Warning: Could not set locale to 'C'.
  0       12      +93.03  831.5263157894736       120      1.6
Warning: Could not set locale to 'C'.
  1       10      +68.29       911.55       120      0.5
Warning: Could not set locale to 'C'.
  2       15     +125.65  833.2857142857143       120      0.5
Warning: Could not set locale to 'C'.
  3       10      +71.73        846.4       120      0.5
Warning: Could not set locale to 'C'.
  4       12      +89.05  909.8947368421053       120      0.5
Warning: Could not set locale to 'C'.
  5       15     +125.29        839.2       120      0.5

mean over 6 episodes:
  completed passenger journeys: 12.33 ± 2.05
  reward:    +95.51 ± 22.91
  mean_wait: 862.0s
summary: /Users/hongweilin/Documents/workspace/documents/Personal/DMU/Final Dissertation/dissertation-v12-full-rerun/runs/dissertation_v12_sumo120/evaluations/B1_mlp/seed_45/eval_seed_45.json
$ '/Users/hongweilin/Documents/workspace/documents/Personal/DMU/Final Dissertation/dissertation-v12-full-rerun/.venv/bin/python' scripts/eval_policy.py '/Users/hongweilin/Documents/workspace/documents/Personal/DMU/Final Dissertation/dissertation-v12-full-rerun/runs/dissertation_v12_sumo120/training/B1_mlp/seed_45/ckpt_selected.pt' --episodes 6 --seed 46 --demand-split test --output '/Users/hongweilin/Documents/workspace/documents/Personal/DMU/Final Dissertation/dissertation-v12-full-rerun/runs/dissertation_v12_sumo120/evaluations/B1_mlp/seed_45/eval_seed_46.json' --stochastic
checkpoint: ckpt_selected.pt  (epoch 40, 106,487 params)
env:        central_park  |  degradation: off  |  device: cpu
policy:     stochastic

 ep  pickups      reward  mean_wait_s  rl_steps   wall_s
------------------------------------------------------------
demand:     3 'test' variants, rotated per episode
 Retrying in 1 seconds
Warning: Could not set locale to 'C'.
  0       12      +93.09  831.9736842105264       120      1.6
Warning: Could not set locale to 'C'.
  1       10      +68.17      908.075       120      0.5
Warning: Could not set locale to 'C'.
  2       14     +114.79  834.4722222222222       120      0.5
Warning: Could not set locale to 'C'.
  3       11      +81.77  837.7948717948718       120      0.5
Warning: Could not set locale to 'C'.
  4       10      +68.10        917.4       120      0.5
Warning: Could not set locale to 'C'.
  5       16     +135.92  839.1470588235294       120      0.5

mean over 6 episodes:
  completed passenger journeys: 12.17 ± 2.19
  reward:    +93.64 ± 24.76
  mean_wait: 861.5s
summary: /Users/hongweilin/Documents/workspace/documents/Personal/DMU/Final Dissertation/dissertation-v12-full-rerun/runs/dissertation_v12_sumo120/evaluations/B1_mlp/seed_45/eval_seed_46.json
$ '/Users/hongweilin/Documents/workspace/documents/Personal/DMU/Final Dissertation/dissertation-v12-full-rerun/.venv/bin/python' scripts/eval_policy.py '/Users/hongweilin/Documents/workspace/documents/Personal/DMU/Final Dissertation/dissertation-v12-full-rerun/runs/dissertation_v12_sumo120/training/B1_mlp/seed_45/ckpt_selected.pt' --episodes 6 --seed 47 --demand-split test --output '/Users/hongweilin/Documents/workspace/documents/Personal/DMU/Final Dissertation/dissertation-v12-full-rerun/runs/dissertation_v12_sumo120/evaluations/B1_mlp/seed_45/eval_seed_47.json' --stochastic
checkpoint: ckpt_selected.pt  (epoch 40, 106,487 params)
env:        central_park  |  degradation: off  |  device: cpu
policy:     stochastic

 ep  pickups      reward  mean_wait_s  rl_steps   wall_s
------------------------------------------------------------
demand:     3 'test' variants, rotated per episode
 Retrying in 1 seconds
Warning: Could not set locale to 'C'.
  0       12      +93.28  822.3947368421053       120      1.6
Warning: Could not set locale to 'C'.
  1        7      +36.40  913.1395348837209       120      0.5
Warning: Could not set locale to 'C'.
  2       15     +125.45  837.9428571428572       120      0.5
Warning: Could not set locale to 'C'.
  3       12      +93.14  836.8157894736842       120      0.5
Warning: Could not set locale to 'C'.
  4       12      +89.38  900.6052631578947       120      0.5
Warning: Could not set locale to 'C'.
  5       11      +83.47  839.6923076923077       120      0.5

mean over 6 episodes:
  completed passenger journeys: 11.50 ± 2.36
  reward:    +86.86 ± 26.25
  mean_wait: 858.4s
summary: /Users/hongweilin/Documents/workspace/documents/Personal/DMU/Final Dissertation/dissertation-v12-full-rerun/runs/dissertation_v12_sumo120/evaluations/B1_mlp/seed_45/eval_seed_47.json
$ '/Users/hongweilin/Documents/workspace/documents/Personal/DMU/Final Dissertation/dissertation-v12-full-rerun/.venv/bin/python' scripts/eval_policy.py '/Users/hongweilin/Documents/workspace/documents/Personal/DMU/Final Dissertation/dissertation-v12-full-rerun/runs/dissertation_v12_sumo120/training/B1_mlp/seed_45/ckpt_selected.pt' --episodes 6 --seed 48 --demand-split test --output '/Users/hongweilin/Documents/workspace/documents/Personal/DMU/Final Dissertation/dissertation-v12-full-rerun/runs/dissertation_v12_sumo120/evaluations/B1_mlp/seed_45/eval_seed_48.json' --stochastic
checkpoint: ckpt_selected.pt  (epoch 40, 106,487 params)
env:        central_park  |  degradation: off  |  device: cpu
policy:     stochastic

 ep  pickups      reward  mean_wait_s  rl_steps   wall_s
------------------------------------------------------------
demand:     3 'test' variants, rotated per episode
 Retrying in 1 seconds
Warning: Could not set locale to 'C'.
  0       14     +113.28        847.0       120      1.6
Warning: Could not set locale to 'C'.
  1        8      +47.29  908.6190476190476       120      0.5
Warning: Could not set locale to 'C'.
  2       14     +115.15  840.4166666666666       120      0.5
Warning: Could not set locale to 'C'.
  3       11      +82.58  837.2564102564103       120      0.5
Warning: Could not set locale to 'C'.
  4        9      +57.72  905.0487804878048       120      0.5
Warning: Could not set locale to 'C'.
  5       11      +82.71  851.6666666666666       120      0.6

mean over 6 episodes:
  completed passenger journeys: 11.17 ± 2.27
  reward:    +83.12 ± 25.38
  mean_wait: 865.0s
summary: /Users/hongweilin/Documents/workspace/documents/Personal/DMU/Final Dissertation/dissertation-v12-full-rerun/runs/dissertation_v12_sumo120/evaluations/B1_mlp/seed_45/eval_seed_48.json
$ '/Users/hongweilin/Documents/workspace/documents/Personal/DMU/Final Dissertation/dissertation-v12-full-rerun/.venv/bin/python' scripts/eval_policy.py '/Users/hongweilin/Documents/workspace/documents/Personal/DMU/Final Dissertation/dissertation-v12-full-rerun/runs/dissertation_v12_sumo120/training/B1_mlp/seed_45/ckpt_selected.pt' --episodes 6 --seed 49 --demand-split test --output '/Users/hongweilin/Documents/workspace/documents/Personal/DMU/Final Dissertation/dissertation-v12-full-rerun/runs/dissertation_v12_sumo120/evaluations/B1_mlp/seed_45/eval_seed_49.json' --stochastic
checkpoint: ckpt_selected.pt  (epoch 40, 106,487 params)
env:        central_park  |  degradation: off  |  device: cpu
policy:     stochastic

 ep  pickups      reward  mean_wait_s  rl_steps   wall_s
------------------------------------------------------------
demand:     3 'test' variants, rotated per episode
 Retrying in 1 seconds
Warning: Could not set locale to 'C'.
  0       10      +71.83        838.8       120      1.6
Warning: Could not set locale to 'C'.
  1       13      +99.83  892.7567567567568       120      0.5
Warning: Could not set locale to 'C'.
  2       14     +115.23  836.3888888888889       120      0.5
Warning: Could not set locale to 'C'.
  3       15     +124.01  853.0857142857143       120      0.5
Warning: Could not set locale to 'C'.
  4       13     +100.26  890.9459459459459       120      0.5
Warning: Could not set locale to 'C'.
  5       15     +125.87  832.6571428571428       120      0.5

mean over 6 episodes:
  completed passenger journeys: 13.33 ± 1.70
  reward:    +106.17 ± 18.45
  mean_wait: 857.4s
summary: /Users/hongweilin/Documents/workspace/documents/Personal/DMU/Final Dissertation/dissertation-v12-full-rerun/runs/dissertation_v12_sumo120/evaluations/B1_mlp/seed_45/eval_seed_49.json
$ '/Users/hongweilin/Documents/workspace/documents/Personal/DMU/Final Dissertation/dissertation-v12-full-rerun/.venv/bin/python' scripts/eval_policy.py '/Users/hongweilin/Documents/workspace/documents/Personal/DMU/Final Dissertation/dissertation-v12-full-rerun/runs/dissertation_v12_sumo120/training/B1_mlp/seed_46/ckpt_selected.pt' --episodes 6 --seed 42 --demand-split test --output '/Users/hongweilin/Documents/workspace/documents/Personal/DMU/Final Dissertation/dissertation-v12-full-rerun/runs/dissertation_v12_sumo120/evaluations/B1_mlp/seed_46/eval_seed_42.json' --stochastic
checkpoint: ckpt_selected.pt  (epoch 49, 106,487 params)
env:        central_park  |  degradation: off  |  device: cpu
policy:     stochastic

 ep  pickups      reward  mean_wait_s  rl_steps   wall_s
------------------------------------------------------------
demand:     3 'test' variants, rotated per episode
 Retrying in 1 seconds
Warning: Could not set locale to 'C'.
  0       10      +71.98      847.375       120      1.6
Warning: Could not set locale to 'C'.
  1        7      +36.31  912.9767441860465       120      0.5
Warning: Could not set locale to 'C'.
  2       15     +126.15        828.0       120      0.6
Warning: Could not set locale to 'C'.
  3       12      +93.84        836.5       120      0.5
Warning: Could not set locale to 'C'.
  4       14     +110.99  891.3333333333334       120      0.5
Warning: Could not set locale to 'C'.
  5       17     +147.09  819.969696969697       120      0.5

mean over 6 episodes:
  completed passenger journeys: 12.50 ± 3.30
  reward:    +97.73 ± 36.22
  mean_wait: 856.0s
summary: /Users/hongweilin/Documents/workspace/documents/Personal/DMU/Final Dissertation/dissertation-v12-full-rerun/runs/dissertation_v12_sumo120/evaluations/B1_mlp/seed_46/eval_seed_42.json
$ '/Users/hongweilin/Documents/workspace/documents/Personal/DMU/Final Dissertation/dissertation-v12-full-rerun/.venv/bin/python' scripts/eval_policy.py '/Users/hongweilin/Documents/workspace/documents/Personal/DMU/Final Dissertation/dissertation-v12-full-rerun/runs/dissertation_v12_sumo120/training/B1_mlp/seed_46/ckpt_selected.pt' --episodes 6 --seed 43 --demand-split test --output '/Users/hongweilin/Documents/workspace/documents/Personal/DMU/Final Dissertation/dissertation-v12-full-rerun/runs/dissertation_v12_sumo120/evaluations/B1_mlp/seed_46/eval_seed_43.json' --stochastic
checkpoint: ckpt_selected.pt  (epoch 49, 106,487 params)
env:        central_park  |  degradation: off  |  device: cpu
policy:     stochastic

 ep  pickups      reward  mean_wait_s  rl_steps   wall_s
------------------------------------------------------------
demand:     3 'test' variants, rotated per episode
 Retrying in 1 seconds
Warning: Could not set locale to 'C'.
  0       15     +124.71  845.0857142857143       120      1.6
Warning: Could not set locale to 'C'.
  1       11      +79.78  890.6153846153846       120      0.5
Warning: Could not set locale to 'C'.
  2       15     +125.46  831.8571428571429       120      0.5
Warning: Could not set locale to 'C'.
  3       13     +103.23  848.4594594594595       120      0.5
Warning: Could not set locale to 'C'.
  4       11      +77.82  909.5897435897435       120      0.5
Warning: Could not set locale to 'C'.
  5       17     +147.03  828.7575757575758       120      0.5

mean over 6 episodes:
  completed passenger journeys: 13.67 ± 2.21
  reward:    +109.67 ± 25.23
  mean_wait: 859.1s
summary: /Users/hongweilin/Documents/workspace/documents/Personal/DMU/Final Dissertation/dissertation-v12-full-rerun/runs/dissertation_v12_sumo120/evaluations/B1_mlp/seed_46/eval_seed_43.json
$ '/Users/hongweilin/Documents/workspace/documents/Personal/DMU/Final Dissertation/dissertation-v12-full-rerun/.venv/bin/python' scripts/eval_policy.py '/Users/hongweilin/Documents/workspace/documents/Personal/DMU/Final Dissertation/dissertation-v12-full-rerun/runs/dissertation_v12_sumo120/training/B1_mlp/seed_46/ckpt_selected.pt' --episodes 6 --seed 44 --demand-split test --output '/Users/hongweilin/Documents/workspace/documents/Personal/DMU/Final Dissertation/dissertation-v12-full-rerun/runs/dissertation_v12_sumo120/evaluations/B1_mlp/seed_46/eval_seed_44.json' --stochastic
checkpoint: ckpt_selected.pt  (epoch 49, 106,487 params)
env:        central_park  |  degradation: off  |  device: cpu
policy:     stochastic

 ep  pickups      reward  mean_wait_s  rl_steps   wall_s
------------------------------------------------------------
demand:     3 'test' variants, rotated per episode
 Retrying in 1 seconds
Warning: Could not set locale to 'C'.
  0       13     +103.53  844.4054054054054       120      1.6
Warning: Could not set locale to 'C'.
  1       11      +79.01  904.8461538461538       120      0.5
Warning: Could not set locale to 'C'.
  2       15     +124.97  839.2571428571429       120      0.5
Warning: Could not set locale to 'C'.
  3       13     +103.21        854.0       120      0.5
Warning: Could not set locale to 'C'.
  4       11      +78.94  901.8974358974359       120      0.5
Warning: Could not set locale to 'C'.
  5       14     +114.52  846.8611111111111       120      0.5

mean over 6 episodes:
  completed passenger journeys: 12.83 ± 1.46
  reward:    +100.70 ± 17.02
  mean_wait: 865.2s
summary: /Users/hongweilin/Documents/workspace/documents/Personal/DMU/Final Dissertation/dissertation-v12-full-rerun/runs/dissertation_v12_sumo120/evaluations/B1_mlp/seed_46/eval_seed_44.json
$ '/Users/hongweilin/Documents/workspace/documents/Personal/DMU/Final Dissertation/dissertation-v12-full-rerun/.venv/bin/python' scripts/eval_policy.py '/Users/hongweilin/Documents/workspace/documents/Personal/DMU/Final Dissertation/dissertation-v12-full-rerun/runs/dissertation_v12_sumo120/training/B1_mlp/seed_46/ckpt_selected.pt' --episodes 6 --seed 45 --demand-split test --output '/Users/hongweilin/Documents/workspace/documents/Personal/DMU/Final Dissertation/dissertation-v12-full-rerun/runs/dissertation_v12_sumo120/evaluations/B1_mlp/seed_46/eval_seed_45.json' --stochastic
checkpoint: ckpt_selected.pt  (epoch 49, 106,487 params)
env:        central_park  |  degradation: off  |  device: cpu
policy:     stochastic

 ep  pickups      reward  mean_wait_s  rl_steps   wall_s
------------------------------------------------------------
demand:     3 'test' variants, rotated per episode
 Retrying in 1 seconds
Warning: Could not set locale to 'C'.
  0       10      +72.17        834.0       120      1.6
Warning: Could not set locale to 'C'.
  1        8      +47.82  903.3095238095239       120      0.5
Warning: Could not set locale to 'C'.
  2       15     +125.38  838.2571428571429       120      0.5
Warning: Could not set locale to 'C'.
  3       11      +81.78  837.2820512820513       120      0.5
Warning: Could not set locale to 'C'.
  4        7      +37.00  907.5581395348837       120      0.5
Warning: Could not set locale to 'C'.
  5       16     +134.92  843.9117647058823       120      0.5

mean over 6 episodes:
  completed passenger journeys: 11.17 ± 3.34
  reward:    +83.18 ± 36.43
  mean_wait: 860.7s
summary: /Users/hongweilin/Documents/workspace/documents/Personal/DMU/Final Dissertation/dissertation-v12-full-rerun/runs/dissertation_v12_sumo120/evaluations/B1_mlp/seed_46/eval_seed_45.json
$ '/Users/hongweilin/Documents/workspace/documents/Personal/DMU/Final Dissertation/dissertation-v12-full-rerun/.venv/bin/python' scripts/eval_policy.py '/Users/hongweilin/Documents/workspace/documents/Personal/DMU/Final Dissertation/dissertation-v12-full-rerun/runs/dissertation_v12_sumo120/training/B1_mlp/seed_46/ckpt_selected.pt' --episodes 6 --seed 46 --demand-split test --output '/Users/hongweilin/Documents/workspace/documents/Personal/DMU/Final Dissertation/dissertation-v12-full-rerun/runs/dissertation_v12_sumo120/evaluations/B1_mlp/seed_46/eval_seed_46.json' --stochastic
checkpoint: ckpt_selected.pt  (epoch 49, 106,487 params)
env:        central_park  |  degradation: off  |  device: cpu
policy:     stochastic

 ep  pickups      reward  mean_wait_s  rl_steps   wall_s
------------------------------------------------------------
demand:     3 'test' variants, rotated per episode
 Retrying in 1 seconds
Warning: Could not set locale to 'C'.
  0       15     +124.55        844.8       120      1.6
Warning: Could not set locale to 'C'.
  1        8      +46.95  906.2380952380952       120      0.5
Warning: Could not set locale to 'C'.
  2       14     +115.25  841.3888888888889       120      0.5
Warning: Could not set locale to 'C'.
  3       14     +114.11  831.0555555555555       120      0.5
Warning: Could not set locale to 'C'.
  4       11      +78.48  903.7435897435897       120      0.5
Warning: Could not set locale to 'C'.
  5       15     +125.25  835.8571428571429       120      0.5

mean over 6 episodes:
  completed passenger journeys: 12.83 ± 2.54
  reward:    +100.77 ± 28.71
  mean_wait: 860.5s
summary: /Users/hongweilin/Documents/workspace/documents/Personal/DMU/Final Dissertation/dissertation-v12-full-rerun/runs/dissertation_v12_sumo120/evaluations/B1_mlp/seed_46/eval_seed_46.json
$ '/Users/hongweilin/Documents/workspace/documents/Personal/DMU/Final Dissertation/dissertation-v12-full-rerun/.venv/bin/python' scripts/eval_policy.py '/Users/hongweilin/Documents/workspace/documents/Personal/DMU/Final Dissertation/dissertation-v12-full-rerun/runs/dissertation_v12_sumo120/training/B1_mlp/seed_46/ckpt_selected.pt' --episodes 6 --seed 47 --demand-split test --output '/Users/hongweilin/Documents/workspace/documents/Personal/DMU/Final Dissertation/dissertation-v12-full-rerun/runs/dissertation_v12_sumo120/evaluations/B1_mlp/seed_46/eval_seed_47.json' --stochastic
checkpoint: ckpt_selected.pt  (epoch 49, 106,487 params)
env:        central_park  |  degradation: off  |  device: cpu
policy:     stochastic

 ep  pickups      reward  mean_wait_s  rl_steps   wall_s
------------------------------------------------------------
demand:     3 'test' variants, rotated per episode
 Retrying in 1 seconds
Warning: Could not set locale to 'C'.
  0       11      +82.49  844.3076923076923       120      1.6
Warning: Could not set locale to 'C'.
  1       10      +68.43      906.075       120      0.5
Warning: Could not set locale to 'C'.
  2       17     +146.74  834.0909090909091       120      0.5
Warning: Could not set locale to 'C'.
  3       14     +113.59  854.5277777777778       120      0.5
Warning: Could not set locale to 'C'.
  4       12      +88.91  903.078947368421       120      0.5
Warning: Could not set locale to 'C'.
  5       14     +115.20  832.6111111111111       120      0.5

mean over 6 episodes:
  completed passenger journeys: 13.00 ± 2.31
  reward:    +102.56 ± 25.78
  mean_wait: 862.4s
summary: /Users/hongweilin/Documents/workspace/documents/Personal/DMU/Final Dissertation/dissertation-v12-full-rerun/runs/dissertation_v12_sumo120/evaluations/B1_mlp/seed_46/eval_seed_47.json
$ '/Users/hongweilin/Documents/workspace/documents/Personal/DMU/Final Dissertation/dissertation-v12-full-rerun/.venv/bin/python' scripts/eval_policy.py '/Users/hongweilin/Documents/workspace/documents/Personal/DMU/Final Dissertation/dissertation-v12-full-rerun/runs/dissertation_v12_sumo120/training/B1_mlp/seed_46/ckpt_selected.pt' --episodes 6 --seed 48 --demand-split test --output '/Users/hongweilin/Documents/workspace/documents/Personal/DMU/Final Dissertation/dissertation-v12-full-rerun/runs/dissertation_v12_sumo120/evaluations/B1_mlp/seed_46/eval_seed_48.json' --stochastic
checkpoint: ckpt_selected.pt  (epoch 49, 106,487 params)
env:        central_park  |  degradation: off  |  device: cpu
policy:     stochastic

 ep  pickups      reward  mean_wait_s  rl_steps   wall_s
------------------------------------------------------------
demand:     3 'test' variants, rotated per episode
 Retrying in 1 seconds
Warning: Could not set locale to 'C'.
  0       12      +92.48  850.6842105263158       120      1.6
Warning: Could not set locale to 'C'.
  1        9      +57.64  904.5121951219512       120      0.5
Warning: Could not set locale to 'C'.
  2       19     +167.68        842.0       120      0.5
Warning: Could not set locale to 'C'.
  3       14     +113.22  838.9444444444445       120      0.5
Warning: Could not set locale to 'C'.
  4       11      +78.70  898.6923076923077       120      0.5
Warning: Could not set locale to 'C'.
  5       14     +114.61  841.6388888888889       120      0.5

mean over 6 episodes:
  completed passenger journeys: 13.17 ± 3.13
  reward:    +104.05 ± 34.58
  mean_wait: 862.7s
summary: /Users/hongweilin/Documents/workspace/documents/Personal/DMU/Final Dissertation/dissertation-v12-full-rerun/runs/dissertation_v12_sumo120/evaluations/B1_mlp/seed_46/eval_seed_48.json
$ '/Users/hongweilin/Documents/workspace/documents/Personal/DMU/Final Dissertation/dissertation-v12-full-rerun/.venv/bin/python' scripts/eval_policy.py '/Users/hongweilin/Documents/workspace/documents/Personal/DMU/Final Dissertation/dissertation-v12-full-rerun/runs/dissertation_v12_sumo120/training/B1_mlp/seed_46/ckpt_selected.pt' --episodes 6 --seed 49 --demand-split test --output '/Users/hongweilin/Documents/workspace/documents/Personal/DMU/Final Dissertation/dissertation-v12-full-rerun/runs/dissertation_v12_sumo120/evaluations/B1_mlp/seed_46/eval_seed_49.json' --stochastic
checkpoint: ckpt_selected.pt  (epoch 49, 106,487 params)
env:        central_park  |  degradation: off  |  device: cpu
policy:     stochastic

 ep  pickups      reward  mean_wait_s  rl_steps   wall_s
------------------------------------------------------------
demand:     3 'test' variants, rotated per episode
 Retrying in 1 seconds
Warning: Could not set locale to 'C'.
  0       14     +114.19  854.6944444444445       120      1.6
Warning: Could not set locale to 'C'.
  1       10      +68.34       900.65       120      0.5
Warning: Could not set locale to 'C'.
  2       15     +125.38  843.4857142857143       120      0.5
Warning: Could not set locale to 'C'.
  3       14     +113.59  844.4722222222222       120      0.5
Warning: Could not set locale to 'C'.
  4       11      +79.52  895.1538461538462       120      0.5
Warning: Could not set locale to 'C'.
  5       14     +115.43  836.4444444444445       120      0.5

mean over 6 episodes:
  completed passenger journeys: 13.00 ± 1.83
  reward:    +102.74 ± 21.00
  mean_wait: 862.5s
summary: /Users/hongweilin/Documents/workspace/documents/Personal/DMU/Final Dissertation/dissertation-v12-full-rerun/runs/dissertation_v12_sumo120/evaluations/B1_mlp/seed_46/eval_seed_49.json
$ '/Users/hongweilin/Documents/workspace/documents/Personal/DMU/Final Dissertation/dissertation-v12-full-rerun/.venv/bin/python' scripts/eval_policy.py '/Users/hongweilin/Documents/workspace/documents/Personal/DMU/Final Dissertation/dissertation-v12-full-rerun/runs/dissertation_v12_sumo120/training/B2_gat/seed_42/ckpt_selected.pt' --episodes 6 --seed 42 --demand-split test --output '/Users/hongweilin/Documents/workspace/documents/Personal/DMU/Final Dissertation/dissertation-v12-full-rerun/runs/dissertation_v12_sumo120/evaluations/B2_gat/seed_42/eval_seed_42.json' --stochastic
checkpoint: ckpt_selected.pt  (epoch 40, 113,731 params)
env:        central_park  |  degradation: off  |  device: cpu
policy:     stochastic

 ep  pickups      reward  mean_wait_s  rl_steps   wall_s
------------------------------------------------------------
demand:     3 'test' variants, rotated per episode
 Retrying in 1 seconds
Warning: Could not set locale to 'C'.
  0       13     +103.86  832.8108108108108       120      1.6
Warning: Could not set locale to 'C'.
  1        9      +57.84  911.2926829268292       120      0.5
Warning: Could not set locale to 'C'.
  2       14     +114.45        848.0       120      0.6
Warning: Could not set locale to 'C'.
  3       14     +114.19  837.6944444444445       120      0.5
Warning: Could not set locale to 'C'.
  4       12      +89.38  900.3947368421053       120      0.5
Warning: Could not set locale to 'C'.
  5       14     +115.16  831.5277777777778       120      0.5

mean over 6 episodes:
  completed passenger journeys: 12.67 ± 1.80
  reward:    +99.15 ± 20.58
  mean_wait: 860.3s
summary: /Users/hongweilin/Documents/workspace/documents/Personal/DMU/Final Dissertation/dissertation-v12-full-rerun/runs/dissertation_v12_sumo120/evaluations/B2_gat/seed_42/eval_seed_42.json
$ '/Users/hongweilin/Documents/workspace/documents/Personal/DMU/Final Dissertation/dissertation-v12-full-rerun/.venv/bin/python' scripts/eval_policy.py '/Users/hongweilin/Documents/workspace/documents/Personal/DMU/Final Dissertation/dissertation-v12-full-rerun/runs/dissertation_v12_sumo120/training/B2_gat/seed_42/ckpt_selected.pt' --episodes 6 --seed 43 --demand-split test --output '/Users/hongweilin/Documents/workspace/documents/Personal/DMU/Final Dissertation/dissertation-v12-full-rerun/runs/dissertation_v12_sumo120/evaluations/B2_gat/seed_42/eval_seed_43.json' --stochastic
checkpoint: ckpt_selected.pt  (epoch 40, 113,731 params)
env:        central_park  |  degradation: off  |  device: cpu
policy:     stochastic

 ep  pickups      reward  mean_wait_s  rl_steps   wall_s
------------------------------------------------------------
demand:     3 'test' variants, rotated per episode
 Retrying in 1 seconds
Warning: Could not set locale to 'C'.
  0       15     +124.66  836.2285714285714       120      1.6
Warning: Could not set locale to 'C'.
  1       10      +68.65       904.35       120      0.5
Warning: Could not set locale to 'C'.
  2       13     +103.59  844.7297297297297       120      0.5
Warning: Could not set locale to 'C'.
  3       16     +135.94  823.1470588235294       120      0.5
Warning: Could not set locale to 'C'.
  4       10      +68.01        910.0       120      0.5
Warning: Could not set locale to 'C'.
  5       14     +114.87  831.0277777777778       120      0.5

mean over 6 episodes:
  completed passenger journeys: 13.00 ± 2.31
  reward:    +102.62 ± 26.14
  mean_wait: 858.2s
summary: /Users/hongweilin/Documents/workspace/documents/Personal/DMU/Final Dissertation/dissertation-v12-full-rerun/runs/dissertation_v12_sumo120/evaluations/B2_gat/seed_42/eval_seed_43.json
$ '/Users/hongweilin/Documents/workspace/documents/Personal/DMU/Final Dissertation/dissertation-v12-full-rerun/.venv/bin/python' scripts/eval_policy.py '/Users/hongweilin/Documents/workspace/documents/Personal/DMU/Final Dissertation/dissertation-v12-full-rerun/runs/dissertation_v12_sumo120/training/B2_gat/seed_42/ckpt_selected.pt' --episodes 6 --seed 44 --demand-split test --output '/Users/hongweilin/Documents/workspace/documents/Personal/DMU/Final Dissertation/dissertation-v12-full-rerun/runs/dissertation_v12_sumo120/evaluations/B2_gat/seed_42/eval_seed_44.json' --stochastic
checkpoint: ckpt_selected.pt  (epoch 40, 113,731 params)
env:        central_park  |  degradation: off  |  device: cpu
policy:     stochastic

 ep  pickups      reward  mean_wait_s  rl_steps   wall_s
------------------------------------------------------------
demand:     3 'test' variants, rotated per episode
 Retrying in 1 seconds
Warning: Could not set locale to 'C'.
  0       12      +92.38  836.8947368421053       120      1.6
Warning: Could not set locale to 'C'.
  1        8      +47.44  903.9761904761905       120      0.5
Warning: Could not set locale to 'C'.
  2       17     +146.75  828.939393939394       120      0.6
Warning: Could not set locale to 'C'.
  3       12      +92.81  842.0526315789474       120      0.5
Warning: Could not set locale to 'C'.
  4        8      +47.25  903.9047619047619       120      0.5
Warning: Could not set locale to 'C'.
  5       16     +136.54  831.7058823529412       120      0.5

mean over 6 episodes:
  completed passenger journeys: 12.17 ± 3.48
  reward:    +93.86 ± 38.62
  mean_wait: 857.9s
summary: /Users/hongweilin/Documents/workspace/documents/Personal/DMU/Final Dissertation/dissertation-v12-full-rerun/runs/dissertation_v12_sumo120/evaluations/B2_gat/seed_42/eval_seed_44.json
$ '/Users/hongweilin/Documents/workspace/documents/Personal/DMU/Final Dissertation/dissertation-v12-full-rerun/.venv/bin/python' scripts/eval_policy.py '/Users/hongweilin/Documents/workspace/documents/Personal/DMU/Final Dissertation/dissertation-v12-full-rerun/runs/dissertation_v12_sumo120/training/B2_gat/seed_42/ckpt_selected.pt' --episodes 6 --seed 45 --demand-split test --output '/Users/hongweilin/Documents/workspace/documents/Personal/DMU/Final Dissertation/dissertation-v12-full-rerun/runs/dissertation_v12_sumo120/evaluations/B2_gat/seed_42/eval_seed_45.json' --stochastic
checkpoint: ckpt_selected.pt  (epoch 40, 113,731 params)
env:        central_park  |  degradation: off  |  device: cpu
policy:     stochastic

 ep  pickups      reward  mean_wait_s  rl_steps   wall_s
------------------------------------------------------------
demand:     3 'test' variants, rotated per episode
 Retrying in 1 seconds
Warning: Could not set locale to 'C'.
  0       11      +81.86  835.1794871794872       120      1.7
Warning: Could not set locale to 'C'.
  1       10      +68.05      911.775       120      0.5
Warning: Could not set locale to 'C'.
  2       18     +157.46     838.0625       120      0.6
Warning: Could not set locale to 'C'.
  3       18     +155.34    828.90625       120      0.5
Warning: Could not set locale to 'C'.
  4       11      +78.75  910.5384615384615       120      0.5
Warning: Could not set locale to 'C'.
  5       17     +146.45  841.9090909090909       120      0.6

mean over 6 episodes:
  completed passenger journeys: 14.17 ± 3.53
  reward:    +114.65 ± 38.80
  mean_wait: 861.1s
summary: /Users/hongweilin/Documents/workspace/documents/Personal/DMU/Final Dissertation/dissertation-v12-full-rerun/runs/dissertation_v12_sumo120/evaluations/B2_gat/seed_42/eval_seed_45.json
$ '/Users/hongweilin/Documents/workspace/documents/Personal/DMU/Final Dissertation/dissertation-v12-full-rerun/.venv/bin/python' scripts/eval_policy.py '/Users/hongweilin/Documents/workspace/documents/Personal/DMU/Final Dissertation/dissertation-v12-full-rerun/runs/dissertation_v12_sumo120/training/B2_gat/seed_42/ckpt_selected.pt' --episodes 6 --seed 46 --demand-split test --output '/Users/hongweilin/Documents/workspace/documents/Personal/DMU/Final Dissertation/dissertation-v12-full-rerun/runs/dissertation_v12_sumo120/evaluations/B2_gat/seed_42/eval_seed_46.json' --stochastic
checkpoint: ckpt_selected.pt  (epoch 40, 113,731 params)
env:        central_park  |  degradation: off  |  device: cpu
policy:     stochastic

 ep  pickups      reward  mean_wait_s  rl_steps   wall_s
------------------------------------------------------------
demand:     3 'test' variants, rotated per episode
 Retrying in 1 seconds
Warning: Could not set locale to 'C'.
  0       10      +71.68      841.825       120      1.6
Warning: Could not set locale to 'C'.
  1       11      +78.72  906.5641025641025       120      0.5
Warning: Could not set locale to 'C'.
  2       18     +158.04        806.0       120      0.6
Warning: Could not set locale to 'C'.
  3       13     +102.94  863.972972972973       120      0.5
Warning: Could not set locale to 'C'.
  4        8      +47.42  908.1190476190476       120      0.5
Warning: Could not set locale to 'C'.
  5       17     +146.85  843.1818181818181       120      0.6

mean over 6 episodes:
  completed passenger journeys: 12.83 ± 3.62
  reward:    +100.94 ± 39.97
  mean_wait: 861.6s
summary: /Users/hongweilin/Documents/workspace/documents/Personal/DMU/Final Dissertation/dissertation-v12-full-rerun/runs/dissertation_v12_sumo120/evaluations/B2_gat/seed_42/eval_seed_46.json
$ '/Users/hongweilin/Documents/workspace/documents/Personal/DMU/Final Dissertation/dissertation-v12-full-rerun/.venv/bin/python' scripts/eval_policy.py '/Users/hongweilin/Documents/workspace/documents/Personal/DMU/Final Dissertation/dissertation-v12-full-rerun/runs/dissertation_v12_sumo120/training/B2_gat/seed_42/ckpt_selected.pt' --episodes 6 --seed 47 --demand-split test --output '/Users/hongweilin/Documents/workspace/documents/Personal/DMU/Final Dissertation/dissertation-v12-full-rerun/runs/dissertation_v12_sumo120/evaluations/B2_gat/seed_42/eval_seed_47.json' --stochastic
checkpoint: ckpt_selected.pt  (epoch 40, 113,731 params)
env:        central_park  |  degradation: off  |  device: cpu
policy:     stochastic

 ep  pickups      reward  mean_wait_s  rl_steps   wall_s
------------------------------------------------------------
demand:     3 'test' variants, rotated per episode
 Retrying in 1 seconds
Warning: Could not set locale to 'C'.
  0       12      +93.24  834.6052631578947       120      1.6
Warning: Could not set locale to 'C'.
  1       13      +99.69  905.2972972972973       120      0.5
Warning: Could not set locale to 'C'.
  2       18     +157.19    841.03125       120      0.5
Warning: Could not set locale to 'C'.
  3       13     +102.82  843.7567567567568       120      0.5
Warning: Could not set locale to 'C'.
  4        8      +47.56        901.0       120      0.5
Warning: Could not set locale to 'C'.
  5       13     +104.16  839.1621621621622       120      0.5

mean over 6 episodes:
  completed passenger journeys: 12.83 ± 2.91
  reward:    +100.78 ± 31.85
  mean_wait: 860.8s
summary: /Users/hongweilin/Documents/workspace/documents/Personal/DMU/Final Dissertation/dissertation-v12-full-rerun/runs/dissertation_v12_sumo120/evaluations/B2_gat/seed_42/eval_seed_47.json
$ '/Users/hongweilin/Documents/workspace/documents/Personal/DMU/Final Dissertation/dissertation-v12-full-rerun/.venv/bin/python' scripts/eval_policy.py '/Users/hongweilin/Documents/workspace/documents/Personal/DMU/Final Dissertation/dissertation-v12-full-rerun/runs/dissertation_v12_sumo120/training/B2_gat/seed_42/ckpt_selected.pt' --episodes 6 --seed 48 --demand-split test --output '/Users/hongweilin/Documents/workspace/documents/Personal/DMU/Final Dissertation/dissertation-v12-full-rerun/runs/dissertation_v12_sumo120/evaluations/B2_gat/seed_42/eval_seed_48.json' --stochastic
checkpoint: ckpt_selected.pt  (epoch 40, 113,731 params)
env:        central_park  |  degradation: off  |  device: cpu
policy:     stochastic

 ep  pickups      reward  mean_wait_s  rl_steps   wall_s
------------------------------------------------------------
demand:     3 'test' variants, rotated per episode
 Retrying in 1 seconds
Warning: Could not set locale to 'C'.
  0       15     +124.63        847.8       120      1.6
Warning: Could not set locale to 'C'.
  1        9      +58.00  901.8536585365854       120      0.5
Warning: Could not set locale to 'C'.
  2       14     +114.27  853.4166666666666       120      0.5
Warning: Could not set locale to 'C'.
  3       15     +125.27  825.3714285714286       120      0.5
Warning: Could not set locale to 'C'.
  4        9      +57.04  913.8536585365854       120      0.5
Warning: Could not set locale to 'C'.
  5       15     +125.19  847.2285714285714       120      0.6

mean over 6 episodes:
  completed passenger journeys: 12.83 ± 2.73
  reward:    +100.73 ± 30.80
  mean_wait: 864.9s
summary: /Users/hongweilin/Documents/workspace/documents/Personal/DMU/Final Dissertation/dissertation-v12-full-rerun/runs/dissertation_v12_sumo120/evaluations/B2_gat/seed_42/eval_seed_48.json
$ '/Users/hongweilin/Documents/workspace/documents/Personal/DMU/Final Dissertation/dissertation-v12-full-rerun/.venv/bin/python' scripts/eval_policy.py '/Users/hongweilin/Documents/workspace/documents/Personal/DMU/Final Dissertation/dissertation-v12-full-rerun/runs/dissertation_v12_sumo120/training/B2_gat/seed_42/ckpt_selected.pt' --episodes 6 --seed 49 --demand-split test --output '/Users/hongweilin/Documents/workspace/documents/Personal/DMU/Final Dissertation/dissertation-v12-full-rerun/runs/dissertation_v12_sumo120/evaluations/B2_gat/seed_42/eval_seed_49.json' --stochastic
checkpoint: ckpt_selected.pt  (epoch 40, 113,731 params)
env:        central_park  |  degradation: off  |  device: cpu
policy:     stochastic

 ep  pickups      reward  mean_wait_s  rl_steps   wall_s
------------------------------------------------------------
demand:     3 'test' variants, rotated per episode
 Retrying in 1 seconds
Warning: Could not set locale to 'C'.
  0       13     +103.01  856.1351351351351       120      1.6
Warning: Could not set locale to 'C'.
  1       10      +67.81      906.575       120      0.5
Warning: Could not set locale to 'C'.
  2       16     +135.81  845.3823529411765       120      0.6
Warning: Could not set locale to 'C'.
  3       12      +93.81  836.3947368421053       120      0.5
Warning: Could not set locale to 'C'.
  4       11      +79.70  891.2564102564103       120      0.5
Warning: Could not set locale to 'C'.
  5       11      +83.77  831.9230769230769       120      0.5

mean over 6 episodes:
  completed passenger journeys: 12.17 ± 1.95
  reward:    +93.98 ± 21.70
  mean_wait: 861.3s
summary: /Users/hongweilin/Documents/workspace/documents/Personal/DMU/Final Dissertation/dissertation-v12-full-rerun/runs/dissertation_v12_sumo120/evaluations/B2_gat/seed_42/eval_seed_49.json
$ '/Users/hongweilin/Documents/workspace/documents/Personal/DMU/Final Dissertation/dissertation-v12-full-rerun/.venv/bin/python' scripts/eval_policy.py '/Users/hongweilin/Documents/workspace/documents/Personal/DMU/Final Dissertation/dissertation-v12-full-rerun/runs/dissertation_v12_sumo120/training/B2_gat/seed_43/ckpt_selected.pt' --episodes 6 --seed 42 --demand-split test --output '/Users/hongweilin/Documents/workspace/documents/Personal/DMU/Final Dissertation/dissertation-v12-full-rerun/runs/dissertation_v12_sumo120/evaluations/B2_gat/seed_43/eval_seed_42.json' --stochastic
checkpoint: ckpt_selected.pt  (epoch 28, 113,731 params)
env:        central_park  |  degradation: off  |  device: cpu
policy:     stochastic

 ep  pickups      reward  mean_wait_s  rl_steps   wall_s
------------------------------------------------------------
demand:     3 'test' variants, rotated per episode
 Retrying in 1 seconds
Warning: Could not set locale to 'C'.
  0       10      +72.69      831.075       120      1.6
Warning: Could not set locale to 'C'.
  1        9      +57.84  911.2926829268292       120      0.5
Warning: Could not set locale to 'C'.
  2       15     +125.07  848.0285714285715       120      0.5
Warning: Could not set locale to 'C'.
  3       14     +114.24  835.5833333333334       120      0.5
Warning: Could not set locale to 'C'.
  4       11      +78.88  900.6410256410256       120      0.5
Warning: Could not set locale to 'C'.
  5       14     +115.16  831.5277777777778       120      0.5

mean over 6 episodes:
  completed passenger journeys: 12.17 ± 2.27
  reward:    +93.98 ± 25.21
  mean_wait: 859.7s
summary: /Users/hongweilin/Documents/workspace/documents/Personal/DMU/Final Dissertation/dissertation-v12-full-rerun/runs/dissertation_v12_sumo120/evaluations/B2_gat/seed_43/eval_seed_42.json
$ '/Users/hongweilin/Documents/workspace/documents/Personal/DMU/Final Dissertation/dissertation-v12-full-rerun/.venv/bin/python' scripts/eval_policy.py '/Users/hongweilin/Documents/workspace/documents/Personal/DMU/Final Dissertation/dissertation-v12-full-rerun/runs/dissertation_v12_sumo120/training/B2_gat/seed_43/ckpt_selected.pt' --episodes 6 --seed 43 --demand-split test --output '/Users/hongweilin/Documents/workspace/documents/Personal/DMU/Final Dissertation/dissertation-v12-full-rerun/runs/dissertation_v12_sumo120/evaluations/B2_gat/seed_43/eval_seed_43.json' --stochastic
checkpoint: ckpt_selected.pt  (epoch 28, 113,731 params)
env:        central_park  |  degradation: off  |  device: cpu
policy:     stochastic

 ep  pickups      reward  mean_wait_s  rl_steps   wall_s
------------------------------------------------------------
demand:     3 'test' variants, rotated per episode
 Retrying in 1 seconds
Warning: Could not set locale to 'C'.
  0       15     +124.66  836.2285714285714       120      1.6
Warning: Could not set locale to 'C'.
  1       12      +89.17  903.4473684210526       120      0.5
Warning: Could not set locale to 'C'.
  2       13     +103.59  844.7297297297297       120      0.6
Warning: Could not set locale to 'C'.
  3       13     +103.99  822.7567567567568       120      0.5
Warning: Could not set locale to 'C'.
  4       10      +68.01        910.0       120      0.5
Warning: Could not set locale to 'C'.
  5       13     +104.39  839.972972972973       120      0.5

mean over 6 episodes:
  completed passenger journeys: 12.67 ± 1.49
  reward:    +98.97 ± 17.27
  mean_wait: 859.5s
summary: /Users/hongweilin/Documents/workspace/documents/Personal/DMU/Final Dissertation/dissertation-v12-full-rerun/runs/dissertation_v12_sumo120/evaluations/B2_gat/seed_43/eval_seed_43.json
$ '/Users/hongweilin/Documents/workspace/documents/Personal/DMU/Final Dissertation/dissertation-v12-full-rerun/.venv/bin/python' scripts/eval_policy.py '/Users/hongweilin/Documents/workspace/documents/Personal/DMU/Final Dissertation/dissertation-v12-full-rerun/runs/dissertation_v12_sumo120/training/B2_gat/seed_43/ckpt_selected.pt' --episodes 6 --seed 44 --demand-split test --output '/Users/hongweilin/Documents/workspace/documents/Personal/DMU/Final Dissertation/dissertation-v12-full-rerun/runs/dissertation_v12_sumo120/evaluations/B2_gat/seed_43/eval_seed_44.json' --stochastic
checkpoint: ckpt_selected.pt  (epoch 28, 113,731 params)
env:        central_park  |  degradation: off  |  device: cpu
policy:     stochastic

 ep  pickups      reward  mean_wait_s  rl_steps   wall_s
------------------------------------------------------------
demand:     3 'test' variants, rotated per episode
 Retrying in 1 seconds
Warning: Could not set locale to 'C'.
  0       12      +91.97  851.8947368421053       120      1.6
Warning: Could not set locale to 'C'.
  1       10      +68.26      915.125       120      0.5
Warning: Could not set locale to 'C'.
  2       17     +146.68  838.7878787878788       120      0.6
Warning: Could not set locale to 'C'.
  3       17     +145.75  850.6060606060606       120      0.5
Warning: Could not set locale to 'C'.
  4       10      +68.65      901.725       120      0.5
Warning: Could not set locale to 'C'.
  5       18     +157.65    829.28125       120      0.5

mean over 6 episodes:
  completed passenger journeys: 14.00 ± 3.42
  reward:    +113.16 ± 37.89
  mean_wait: 864.6s
summary: /Users/hongweilin/Documents/workspace/documents/Personal/DMU/Final Dissertation/dissertation-v12-full-rerun/runs/dissertation_v12_sumo120/evaluations/B2_gat/seed_43/eval_seed_44.json
$ '/Users/hongweilin/Documents/workspace/documents/Personal/DMU/Final Dissertation/dissertation-v12-full-rerun/.venv/bin/python' scripts/eval_policy.py '/Users/hongweilin/Documents/workspace/documents/Personal/DMU/Final Dissertation/dissertation-v12-full-rerun/runs/dissertation_v12_sumo120/training/B2_gat/seed_43/ckpt_selected.pt' --episodes 6 --seed 45 --demand-split test --output '/Users/hongweilin/Documents/workspace/documents/Personal/DMU/Final Dissertation/dissertation-v12-full-rerun/runs/dissertation_v12_sumo120/evaluations/B2_gat/seed_43/eval_seed_45.json' --stochastic
checkpoint: ckpt_selected.pt  (epoch 28, 113,731 params)
env:        central_park  |  degradation: off  |  device: cpu
policy:     stochastic

 ep  pickups      reward  mean_wait_s  rl_steps   wall_s
------------------------------------------------------------
demand:     3 'test' variants, rotated per episode
 Retrying in 1 seconds
Warning: Could not set locale to 'C'.
  0       12      +92.93  855.6842105263158       120      1.6
Warning: Could not set locale to 'C'.
  1       10      +68.05      911.775       120      0.5
Warning: Could not set locale to 'C'.
  2       18     +157.95    813.21875       120      0.5
Warning: Could not set locale to 'C'.
  3       14     +114.11  846.2777777777778       120      0.5
Warning: Could not set locale to 'C'.
  4        9      +57.77  902.560975609756       120      0.5
Warning: Could not set locale to 'C'.
  5       17     +146.45  841.9090909090909       120      0.5

mean over 6 episodes:
  completed passenger journeys: 13.33 ± 3.35
  reward:    +106.21 ± 37.28
  mean_wait: 861.9s
summary: /Users/hongweilin/Documents/workspace/documents/Personal/DMU/Final Dissertation/dissertation-v12-full-rerun/runs/dissertation_v12_sumo120/evaluations/B2_gat/seed_43/eval_seed_45.json
$ '/Users/hongweilin/Documents/workspace/documents/Personal/DMU/Final Dissertation/dissertation-v12-full-rerun/.venv/bin/python' scripts/eval_policy.py '/Users/hongweilin/Documents/workspace/documents/Personal/DMU/Final Dissertation/dissertation-v12-full-rerun/runs/dissertation_v12_sumo120/training/B2_gat/seed_43/ckpt_selected.pt' --episodes 6 --seed 46 --demand-split test --output '/Users/hongweilin/Documents/workspace/documents/Personal/DMU/Final Dissertation/dissertation-v12-full-rerun/runs/dissertation_v12_sumo120/evaluations/B2_gat/seed_43/eval_seed_46.json' --stochastic
checkpoint: ckpt_selected.pt  (epoch 28, 113,731 params)
env:        central_park  |  degradation: off  |  device: cpu
policy:     stochastic

 ep  pickups      reward  mean_wait_s  rl_steps   wall_s
------------------------------------------------------------
demand:     3 'test' variants, rotated per episode
 Retrying in 1 seconds
Warning: Could not set locale to 'C'.
  0       10      +71.04      844.225       120      1.6
Warning: Could not set locale to 'C'.
  1        8      +47.37  908.1190476190476       120      0.5
Warning: Could not set locale to 'C'.
  2       14     +114.79  839.1388888888889       120      0.5
Warning: Could not set locale to 'C'.
  3       13     +102.94  863.972972972973       120      0.6
Warning: Could not set locale to 'C'.
  4        8      +47.42  908.1190476190476       120      0.5
Warning: Could not set locale to 'C'.
  5       17     +146.85  843.1818181818181       120      0.5

mean over 6 episodes:
  completed passenger journeys: 11.67 ± 3.30
  reward:    +88.40 ± 36.49
  mean_wait: 867.8s
summary: /Users/hongweilin/Documents/workspace/documents/Personal/DMU/Final Dissertation/dissertation-v12-full-rerun/runs/dissertation_v12_sumo120/evaluations/B2_gat/seed_43/eval_seed_46.json
$ '/Users/hongweilin/Documents/workspace/documents/Personal/DMU/Final Dissertation/dissertation-v12-full-rerun/.venv/bin/python' scripts/eval_policy.py '/Users/hongweilin/Documents/workspace/documents/Personal/DMU/Final Dissertation/dissertation-v12-full-rerun/runs/dissertation_v12_sumo120/training/B2_gat/seed_43/ckpt_selected.pt' --episodes 6 --seed 47 --demand-split test --output '/Users/hongweilin/Documents/workspace/documents/Personal/DMU/Final Dissertation/dissertation-v12-full-rerun/runs/dissertation_v12_sumo120/evaluations/B2_gat/seed_43/eval_seed_47.json' --stochastic
checkpoint: ckpt_selected.pt  (epoch 28, 113,731 params)
env:        central_park  |  degradation: off  |  device: cpu
policy:     stochastic

 ep  pickups      reward  mean_wait_s  rl_steps   wall_s
------------------------------------------------------------
demand:     3 'test' variants, rotated per episode
 Retrying in 1 seconds
Warning: Could not set locale to 'C'.
  0       12      +93.24  834.6052631578947       120      1.6
Warning: Could not set locale to 'C'.
  1        8      +47.31  907.1666666666666       120      0.5
Warning: Could not set locale to 'C'.
  2       13     +104.90  825.5405405405405       120      0.5
Warning: Could not set locale to 'C'.
  3       13     +104.14  824.5405405405405       120      0.5
Warning: Could not set locale to 'C'.
  4       10      +68.28      913.025       120      0.5
Warning: Could not set locale to 'C'.
  5       12      +94.57  826.8684210526316       120      0.5

mean over 6 episodes:
  completed passenger journeys: 11.33 ± 1.80
  reward:    +85.41 ± 20.90
  mean_wait: 855.3s
summary: /Users/hongweilin/Documents/workspace/documents/Personal/DMU/Final Dissertation/dissertation-v12-full-rerun/runs/dissertation_v12_sumo120/evaluations/B2_gat/seed_43/eval_seed_47.json
$ '/Users/hongweilin/Documents/workspace/documents/Personal/DMU/Final Dissertation/dissertation-v12-full-rerun/.venv/bin/python' scripts/eval_policy.py '/Users/hongweilin/Documents/workspace/documents/Personal/DMU/Final Dissertation/dissertation-v12-full-rerun/runs/dissertation_v12_sumo120/training/B2_gat/seed_43/ckpt_selected.pt' --episodes 6 --seed 48 --demand-split test --output '/Users/hongweilin/Documents/workspace/documents/Personal/DMU/Final Dissertation/dissertation-v12-full-rerun/runs/dissertation_v12_sumo120/evaluations/B2_gat/seed_43/eval_seed_48.json' --stochastic
checkpoint: ckpt_selected.pt  (epoch 28, 113,731 params)
env:        central_park  |  degradation: off  |  device: cpu
policy:     stochastic

 ep  pickups      reward  mean_wait_s  rl_steps   wall_s
------------------------------------------------------------
demand:     3 'test' variants, rotated per episode
 Retrying in 1 seconds
Warning: Could not set locale to 'C'.
  0       13     +103.62  839.2972972972973       120      1.6
Warning: Could not set locale to 'C'.
  1        9      +58.00  901.8536585365854       120      0.5
Warning: Could not set locale to 'C'.
  2       17     +145.74  856.2121212121212       120      0.5
Warning: Could not set locale to 'C'.
  3       17     +146.40  816.7575757575758       120      0.5
Warning: Could not set locale to 'C'.
  4       13     +100.66  898.1351351351351       120      0.5
Warning: Could not set locale to 'C'.
  5       18     +157.12    834.21875       120      0.5

mean over 6 episodes:
  completed passenger journeys: 14.50 ± 3.15
  reward:    +118.59 ± 34.67
  mean_wait: 857.7s
summary: /Users/hongweilin/Documents/workspace/documents/Personal/DMU/Final Dissertation/dissertation-v12-full-rerun/runs/dissertation_v12_sumo120/evaluations/B2_gat/seed_43/eval_seed_48.json
$ '/Users/hongweilin/Documents/workspace/documents/Personal/DMU/Final Dissertation/dissertation-v12-full-rerun/.venv/bin/python' scripts/eval_policy.py '/Users/hongweilin/Documents/workspace/documents/Personal/DMU/Final Dissertation/dissertation-v12-full-rerun/runs/dissertation_v12_sumo120/training/B2_gat/seed_43/ckpt_selected.pt' --episodes 6 --seed 49 --demand-split test --output '/Users/hongweilin/Documents/workspace/documents/Personal/DMU/Final Dissertation/dissertation-v12-full-rerun/runs/dissertation_v12_sumo120/evaluations/B2_gat/seed_43/eval_seed_49.json' --stochastic
checkpoint: ckpt_selected.pt  (epoch 28, 113,731 params)
env:        central_park  |  degradation: off  |  device: cpu
policy:     stochastic

 ep  pickups      reward  mean_wait_s  rl_steps   wall_s
------------------------------------------------------------
demand:     3 'test' variants, rotated per episode
 Retrying in 1 seconds
Warning: Could not set locale to 'C'.
  0       13     +103.01  856.1351351351351       120      1.6
Warning: Could not set locale to 'C'.
  1        8      +47.47  906.7857142857143       120      0.5
Warning: Could not set locale to 'C'.
  2       17     +147.34  825.8181818181819       120      0.6
Warning: Could not set locale to 'C'.
  3       12      +93.81  836.3947368421053       120      0.5
Warning: Could not set locale to 'C'.
  4       11      +79.48  893.8974358974359       120      0.5
Warning: Could not set locale to 'C'.
  5       15     +125.39  816.0571428571428       120      0.6

mean over 6 episodes:
  completed passenger journeys: 12.67 ± 2.87
  reward:    +99.42 ± 31.91
  mean_wait: 855.8s
summary: /Users/hongweilin/Documents/workspace/documents/Personal/DMU/Final Dissertation/dissertation-v12-full-rerun/runs/dissertation_v12_sumo120/evaluations/B2_gat/seed_43/eval_seed_49.json
$ '/Users/hongweilin/Documents/workspace/documents/Personal/DMU/Final Dissertation/dissertation-v12-full-rerun/.venv/bin/python' scripts/eval_policy.py '/Users/hongweilin/Documents/workspace/documents/Personal/DMU/Final Dissertation/dissertation-v12-full-rerun/runs/dissertation_v12_sumo120/training/B2_gat/seed_44/ckpt_selected.pt' --episodes 6 --seed 42 --demand-split test --output '/Users/hongweilin/Documents/workspace/documents/Personal/DMU/Final Dissertation/dissertation-v12-full-rerun/runs/dissertation_v12_sumo120/evaluations/B2_gat/seed_44/eval_seed_42.json' --stochastic
checkpoint: ckpt_selected.pt  (epoch 10, 113,731 params)
env:        central_park  |  degradation: off  |  device: cpu
policy:     stochastic

 ep  pickups      reward  mean_wait_s  rl_steps   wall_s
------------------------------------------------------------
demand:     3 'test' variants, rotated per episode
 Retrying in 1 seconds
Warning: Could not set locale to 'C'.
  0       10      +72.69      831.075       120      1.6
Warning: Could not set locale to 'C'.
  1        9      +57.84  911.2926829268292       120      0.5
Warning: Could not set locale to 'C'.
  2       17     +145.98  854.2727272727273       120      0.5
Warning: Could not set locale to 'C'.
  3       13     +103.75  833.1081081081081       120      0.5
Warning: Could not set locale to 'C'.
  4       12      +89.38  900.3947368421053       120      0.5
Warning: Could not set locale to 'C'.
  5       14     +115.16  831.5277777777778       120      0.5

mean over 6 episodes:
  completed passenger journeys: 12.50 ± 2.63
  reward:    +97.47 ± 28.74
  mean_wait: 860.3s
summary: /Users/hongweilin/Documents/workspace/documents/Personal/DMU/Final Dissertation/dissertation-v12-full-rerun/runs/dissertation_v12_sumo120/evaluations/B2_gat/seed_44/eval_seed_42.json
$ '/Users/hongweilin/Documents/workspace/documents/Personal/DMU/Final Dissertation/dissertation-v12-full-rerun/.venv/bin/python' scripts/eval_policy.py '/Users/hongweilin/Documents/workspace/documents/Personal/DMU/Final Dissertation/dissertation-v12-full-rerun/runs/dissertation_v12_sumo120/training/B2_gat/seed_44/ckpt_selected.pt' --episodes 6 --seed 43 --demand-split test --output '/Users/hongweilin/Documents/workspace/documents/Personal/DMU/Final Dissertation/dissertation-v12-full-rerun/runs/dissertation_v12_sumo120/evaluations/B2_gat/seed_44/eval_seed_43.json' --stochastic
checkpoint: ckpt_selected.pt  (epoch 10, 113,731 params)
env:        central_park  |  degradation: off  |  device: cpu
policy:     stochastic

 ep  pickups      reward  mean_wait_s  rl_steps   wall_s
------------------------------------------------------------
demand:     3 'test' variants, rotated per episode
 Retrying in 1 seconds
Warning: Could not set locale to 'C'.
  0       15     +124.66  836.2285714285714       120      1.7
Warning: Could not set locale to 'C'.
  1       11      +79.11  906.4102564102565       120      0.5
Warning: Could not set locale to 'C'.
  2       13     +103.59  844.7297297297297       120      0.5
Warning: Could not set locale to 'C'.
  3       13     +103.99  822.7567567567568       120      0.5
Warning: Could not set locale to 'C'.
  4       10      +68.01        910.0       120      0.5
Warning: Could not set locale to 'C'.
  5       15     +125.37  837.0285714285715       120      0.5

mean over 6 episodes:
  completed passenger journeys: 12.83 ± 1.86
  reward:    +100.79 ± 21.35
  mean_wait: 859.5s
summary: /Users/hongweilin/Documents/workspace/documents/Personal/DMU/Final Dissertation/dissertation-v12-full-rerun/runs/dissertation_v12_sumo120/evaluations/B2_gat/seed_44/eval_seed_43.json
$ '/Users/hongweilin/Documents/workspace/documents/Personal/DMU/Final Dissertation/dissertation-v12-full-rerun/.venv/bin/python' scripts/eval_policy.py '/Users/hongweilin/Documents/workspace/documents/Personal/DMU/Final Dissertation/dissertation-v12-full-rerun/runs/dissertation_v12_sumo120/training/B2_gat/seed_44/ckpt_selected.pt' --episodes 6 --seed 44 --demand-split test --output '/Users/hongweilin/Documents/workspace/documents/Personal/DMU/Final Dissertation/dissertation-v12-full-rerun/runs/dissertation_v12_sumo120/evaluations/B2_gat/seed_44/eval_seed_44.json' --stochastic
checkpoint: ckpt_selected.pt  (epoch 10, 113,731 params)
env:        central_park  |  degradation: off  |  device: cpu
policy:     stochastic

 ep  pickups      reward  mean_wait_s  rl_steps   wall_s
------------------------------------------------------------
demand:     3 'test' variants, rotated per episode
 Retrying in 1 seconds
Warning: Could not set locale to 'C'.
  0       12      +91.73  864.2631578947369       120      1.6
Warning: Could not set locale to 'C'.
  1       10      +68.14      906.775       120      0.5
Warning: Could not set locale to 'C'.
  2       17     +146.68  838.7878787878788       120      0.5
Warning: Could not set locale to 'C'.
  3       16     +134.99  841.3235294117648       120      0.5
Warning: Could not set locale to 'C'.
  4        8      +47.25  903.9047619047619       120      0.5
Warning: Could not set locale to 'C'.
  5       17     +146.53  843.030303030303       120      0.6

mean over 6 episodes:
  completed passenger journeys: 13.33 ± 3.54
  reward:    +105.89 ± 39.21
  mean_wait: 866.3s
summary: /Users/hongweilin/Documents/workspace/documents/Personal/DMU/Final Dissertation/dissertation-v12-full-rerun/runs/dissertation_v12_sumo120/evaluations/B2_gat/seed_44/eval_seed_44.json
$ '/Users/hongweilin/Documents/workspace/documents/Personal/DMU/Final Dissertation/dissertation-v12-full-rerun/.venv/bin/python' scripts/eval_policy.py '/Users/hongweilin/Documents/workspace/documents/Personal/DMU/Final Dissertation/dissertation-v12-full-rerun/runs/dissertation_v12_sumo120/training/B2_gat/seed_44/ckpt_selected.pt' --episodes 6 --seed 45 --demand-split test --output '/Users/hongweilin/Documents/workspace/documents/Personal/DMU/Final Dissertation/dissertation-v12-full-rerun/runs/dissertation_v12_sumo120/evaluations/B2_gat/seed_44/eval_seed_45.json' --stochastic
checkpoint: ckpt_selected.pt  (epoch 10, 113,731 params)
env:        central_park  |  degradation: off  |  device: cpu
policy:     stochastic

 ep  pickups      reward  mean_wait_s  rl_steps   wall_s
------------------------------------------------------------
demand:     3 'test' variants, rotated per episode
 Retrying in 1 seconds
Warning: Could not set locale to 'C'.
  0       12      +92.94  855.6842105263158       120      1.6
Warning: Could not set locale to 'C'.
  1       10      +68.05      911.775       120      0.5
Warning: Could not set locale to 'C'.
  2       18     +157.95    813.21875       120      0.5
Warning: Could not set locale to 'C'.
  3       14     +114.11  846.2777777777778       120      0.5
Warning: Could not set locale to 'C'.
  4        9      +57.77  902.560975609756       120      0.5
Warning: Could not set locale to 'C'.
  5       14     +114.72  851.5555555555555       120      0.5

mean over 6 episodes:
  completed passenger journeys: 12.83 ± 2.97
  reward:    +100.92 ± 33.22
  mean_wait: 863.5s
summary: /Users/hongweilin/Documents/workspace/documents/Personal/DMU/Final Dissertation/dissertation-v12-full-rerun/runs/dissertation_v12_sumo120/evaluations/B2_gat/seed_44/eval_seed_45.json
$ '/Users/hongweilin/Documents/workspace/documents/Personal/DMU/Final Dissertation/dissertation-v12-full-rerun/.venv/bin/python' scripts/eval_policy.py '/Users/hongweilin/Documents/workspace/documents/Personal/DMU/Final Dissertation/dissertation-v12-full-rerun/runs/dissertation_v12_sumo120/training/B2_gat/seed_44/ckpt_selected.pt' --episodes 6 --seed 46 --demand-split test --output '/Users/hongweilin/Documents/workspace/documents/Personal/DMU/Final Dissertation/dissertation-v12-full-rerun/runs/dissertation_v12_sumo120/evaluations/B2_gat/seed_44/eval_seed_46.json' --stochastic
checkpoint: ckpt_selected.pt  (epoch 10, 113,731 params)
env:        central_park  |  degradation: off  |  device: cpu
policy:     stochastic

 ep  pickups      reward  mean_wait_s  rl_steps   wall_s
------------------------------------------------------------
demand:     3 'test' variants, rotated per episode
 Retrying in 1 seconds
Warning: Could not set locale to 'C'.
  0       10      +71.68      841.825       120      1.6
Warning: Could not set locale to 'C'.
  1       11      +78.72  906.5641025641025       120      0.6
Warning: Could not set locale to 'C'.
  2       14     +114.79  839.1388888888889       120      0.5
Warning: Could not set locale to 'C'.
  3       13     +102.94  863.972972972973       120      0.5
Warning: Could not set locale to 'C'.
  4        8      +47.42  908.1190476190476       120      0.5
Warning: Could not set locale to 'C'.
  5       17     +146.85  843.1818181818181       120      0.5

mean over 6 episodes:
  completed passenger journeys: 12.17 ± 2.91
  reward:    +93.73 ± 32.16
  mean_wait: 867.1s
summary: /Users/hongweilin/Documents/workspace/documents/Personal/DMU/Final Dissertation/dissertation-v12-full-rerun/runs/dissertation_v12_sumo120/evaluations/B2_gat/seed_44/eval_seed_46.json
$ '/Users/hongweilin/Documents/workspace/documents/Personal/DMU/Final Dissertation/dissertation-v12-full-rerun/.venv/bin/python' scripts/eval_policy.py '/Users/hongweilin/Documents/workspace/documents/Personal/DMU/Final Dissertation/dissertation-v12-full-rerun/runs/dissertation_v12_sumo120/training/B2_gat/seed_44/ckpt_selected.pt' --episodes 6 --seed 47 --demand-split test --output '/Users/hongweilin/Documents/workspace/documents/Personal/DMU/Final Dissertation/dissertation-v12-full-rerun/runs/dissertation_v12_sumo120/evaluations/B2_gat/seed_44/eval_seed_47.json' --stochastic
checkpoint: ckpt_selected.pt  (epoch 10, 113,731 params)
env:        central_park  |  degradation: off  |  device: cpu
policy:     stochastic

 ep  pickups      reward  mean_wait_s  rl_steps   wall_s
------------------------------------------------------------
demand:     3 'test' variants, rotated per episode
 Retrying in 1 seconds
Warning: Could not set locale to 'C'.
  0       12      +93.24  834.6052631578947       120      1.6
Warning: Could not set locale to 'C'.
  1        8      +47.31  907.1666666666666       120      0.5
Warning: Could not set locale to 'C'.
  2       18     +157.19    841.03125       120      0.5
Warning: Could not set locale to 'C'.
  3       15     +125.14  833.3428571428572       120      0.5
Warning: Could not set locale to 'C'.
  4       11      +79.06  898.8461538461538       120      0.5
Warning: Could not set locale to 'C'.
  5       14     +115.34  831.3333333333334       120      0.5

mean over 6 episodes:
  completed passenger journeys: 13.00 ± 3.16
  reward:    +102.88 ± 35.00
  mean_wait: 857.7s
summary: /Users/hongweilin/Documents/workspace/documents/Personal/DMU/Final Dissertation/dissertation-v12-full-rerun/runs/dissertation_v12_sumo120/evaluations/B2_gat/seed_44/eval_seed_47.json
$ '/Users/hongweilin/Documents/workspace/documents/Personal/DMU/Final Dissertation/dissertation-v12-full-rerun/.venv/bin/python' scripts/eval_policy.py '/Users/hongweilin/Documents/workspace/documents/Personal/DMU/Final Dissertation/dissertation-v12-full-rerun/runs/dissertation_v12_sumo120/training/B2_gat/seed_44/ckpt_selected.pt' --episodes 6 --seed 48 --demand-split test --output '/Users/hongweilin/Documents/workspace/documents/Personal/DMU/Final Dissertation/dissertation-v12-full-rerun/runs/dissertation_v12_sumo120/evaluations/B2_gat/seed_44/eval_seed_48.json' --stochastic
checkpoint: ckpt_selected.pt  (epoch 10, 113,731 params)
env:        central_park  |  degradation: off  |  device: cpu
policy:     stochastic

 ep  pickups      reward  mean_wait_s  rl_steps   wall_s
------------------------------------------------------------
demand:     3 'test' variants, rotated per episode
 Retrying in 1 seconds
Warning: Could not set locale to 'C'.
  0       13     +103.62  839.2972972972973       120      1.6
Warning: Could not set locale to 'C'.
  1        9      +58.00  901.8536585365854       120      0.5
Warning: Could not set locale to 'C'.
  2       17     +145.74  856.2121212121212       120      0.5
Warning: Could not set locale to 'C'.
  3       17     +146.40  816.7575757575758       120      0.5
Warning: Could not set locale to 'C'.
  4       13     +100.66  898.1351351351351       120      0.5
Warning: Could not set locale to 'C'.
  5       16     +135.83  830.8235294117648       120      0.5

mean over 6 episodes:
  completed passenger journeys: 14.17 ± 2.85
  reward:    +115.04 ± 31.49
  mean_wait: 857.2s
summary: /Users/hongweilin/Documents/workspace/documents/Personal/DMU/Final Dissertation/dissertation-v12-full-rerun/runs/dissertation_v12_sumo120/evaluations/B2_gat/seed_44/eval_seed_48.json
$ '/Users/hongweilin/Documents/workspace/documents/Personal/DMU/Final Dissertation/dissertation-v12-full-rerun/.venv/bin/python' scripts/eval_policy.py '/Users/hongweilin/Documents/workspace/documents/Personal/DMU/Final Dissertation/dissertation-v12-full-rerun/runs/dissertation_v12_sumo120/training/B2_gat/seed_44/ckpt_selected.pt' --episodes 6 --seed 49 --demand-split test --output '/Users/hongweilin/Documents/workspace/documents/Personal/DMU/Final Dissertation/dissertation-v12-full-rerun/runs/dissertation_v12_sumo120/evaluations/B2_gat/seed_44/eval_seed_49.json' --stochastic
checkpoint: ckpt_selected.pt  (epoch 10, 113,731 params)
env:        central_park  |  degradation: off  |  device: cpu
policy:     stochastic

 ep  pickups      reward  mean_wait_s  rl_steps   wall_s
------------------------------------------------------------
demand:     3 'test' variants, rotated per episode
 Retrying in 1 seconds
Warning: Could not set locale to 'C'.
  0       13     +103.01  856.1351351351351       120      1.6
Warning: Could not set locale to 'C'.
  1        8      +47.47  906.7857142857143       120      0.5
Warning: Could not set locale to 'C'.
  2       17     +147.34  825.8181818181819       120      0.6
Warning: Could not set locale to 'C'.
  3       12      +93.81  836.3947368421053       120      0.5
Warning: Could not set locale to 'C'.
  4        8      +47.48  903.1904761904761       120      0.5
Warning: Could not set locale to 'C'.
  5       16     +136.01  834.8823529411765       120      0.5

mean over 6 episodes:
  completed passenger journeys: 12.33 ± 3.50
  reward:    +95.85 ± 38.73
  mean_wait: 860.5s
summary: /Users/hongweilin/Documents/workspace/documents/Personal/DMU/Final Dissertation/dissertation-v12-full-rerun/runs/dissertation_v12_sumo120/evaluations/B2_gat/seed_44/eval_seed_49.json
$ '/Users/hongweilin/Documents/workspace/documents/Personal/DMU/Final Dissertation/dissertation-v12-full-rerun/.venv/bin/python' scripts/eval_policy.py '/Users/hongweilin/Documents/workspace/documents/Personal/DMU/Final Dissertation/dissertation-v12-full-rerun/runs/dissertation_v12_sumo120/training/B2_gat/seed_45/ckpt_selected.pt' --episodes 6 --seed 42 --demand-split test --output '/Users/hongweilin/Documents/workspace/documents/Personal/DMU/Final Dissertation/dissertation-v12-full-rerun/runs/dissertation_v12_sumo120/evaluations/B2_gat/seed_45/eval_seed_42.json' --stochastic
checkpoint: ckpt_selected.pt  (epoch 20, 113,731 params)
env:        central_park  |  degradation: off  |  device: cpu
policy:     stochastic

 ep  pickups      reward  mean_wait_s  rl_steps   wall_s
------------------------------------------------------------
demand:     3 'test' variants, rotated per episode
 Retrying in 1 seconds
Warning: Could not set locale to 'C'.
  0       13     +103.86  832.8108108108108       120      1.6
Warning: Could not set locale to 'C'.
  1        9      +57.84  911.2926829268292       120      0.5
Warning: Could not set locale to 'C'.
  2       13     +104.05  844.4324324324324       120      0.5
Warning: Could not set locale to 'C'.
  3       13     +103.75  833.1081081081081       120      0.5
Warning: Could not set locale to 'C'.
  4       12      +89.38  900.3947368421053       120      0.5
Warning: Could not set locale to 'C'.
  5       14     +115.16  831.5277777777778       120      0.5

mean over 6 episodes:
  completed passenger journeys: 12.33 ± 1.60
  reward:    +95.67 ± 18.50
  mean_wait: 858.9s
summary: /Users/hongweilin/Documents/workspace/documents/Personal/DMU/Final Dissertation/dissertation-v12-full-rerun/runs/dissertation_v12_sumo120/evaluations/B2_gat/seed_45/eval_seed_42.json
$ '/Users/hongweilin/Documents/workspace/documents/Personal/DMU/Final Dissertation/dissertation-v12-full-rerun/.venv/bin/python' scripts/eval_policy.py '/Users/hongweilin/Documents/workspace/documents/Personal/DMU/Final Dissertation/dissertation-v12-full-rerun/runs/dissertation_v12_sumo120/training/B2_gat/seed_45/ckpt_selected.pt' --episodes 6 --seed 43 --demand-split test --output '/Users/hongweilin/Documents/workspace/documents/Personal/DMU/Final Dissertation/dissertation-v12-full-rerun/runs/dissertation_v12_sumo120/evaluations/B2_gat/seed_45/eval_seed_43.json' --stochastic
checkpoint: ckpt_selected.pt  (epoch 20, 113,731 params)
env:        central_park  |  degradation: off  |  device: cpu
policy:     stochastic

 ep  pickups      reward  mean_wait_s  rl_steps   wall_s
------------------------------------------------------------
demand:     3 'test' variants, rotated per episode
 Retrying in 1 seconds
Warning: Could not set locale to 'C'.
  0       15     +124.66  836.2285714285714       120      1.6
Warning: Could not set locale to 'C'.
  1       10      +67.82        911.8       120      0.5
Warning: Could not set locale to 'C'.
  2       13     +103.59  844.7297297297297       120      0.5
Warning: Could not set locale to 'C'.
  3       13     +103.99  822.7567567567568       120      0.5
Warning: Could not set locale to 'C'.
  4       10      +68.01        910.0       120      0.5
Warning: Could not set locale to 'C'.
  5       15     +125.37  837.0285714285715       120      0.5

mean over 6 episodes:
  completed passenger journeys: 12.67 ± 2.05
  reward:    +98.91 ± 23.56
  mean_wait: 860.4s
summary: /Users/hongweilin/Documents/workspace/documents/Personal/DMU/Final Dissertation/dissertation-v12-full-rerun/runs/dissertation_v12_sumo120/evaluations/B2_gat/seed_45/eval_seed_43.json
$ '/Users/hongweilin/Documents/workspace/documents/Personal/DMU/Final Dissertation/dissertation-v12-full-rerun/.venv/bin/python' scripts/eval_policy.py '/Users/hongweilin/Documents/workspace/documents/Personal/DMU/Final Dissertation/dissertation-v12-full-rerun/runs/dissertation_v12_sumo120/training/B2_gat/seed_45/ckpt_selected.pt' --episodes 6 --seed 44 --demand-split test --output '/Users/hongweilin/Documents/workspace/documents/Personal/DMU/Final Dissertation/dissertation-v12-full-rerun/runs/dissertation_v12_sumo120/evaluations/B2_gat/seed_45/eval_seed_44.json' --stochastic
checkpoint: ckpt_selected.pt  (epoch 20, 113,731 params)
env:        central_park  |  degradation: off  |  device: cpu
policy:     stochastic

 ep  pickups      reward  mean_wait_s  rl_steps   wall_s
------------------------------------------------------------
demand:     3 'test' variants, rotated per episode
 Retrying in 1 seconds
Warning: Could not set locale to 'C'.
  0       12      +91.73  864.2631578947369       120      1.7
Warning: Could not set locale to 'C'.
  1       10      +68.14      906.775       120      0.5
Warning: Could not set locale to 'C'.
  2       13     +104.26  840.5675675675676       120      0.5
Warning: Could not set locale to 'C'.
  3       16     +134.99  841.3235294117648       120      0.5
Warning: Could not set locale to 'C'.
  4        8      +47.25  903.9047619047619       120      0.5
Warning: Could not set locale to 'C'.
  5       18     +157.65    829.28125       120      0.5

mean over 6 episodes:
  completed passenger journeys: 12.83 ± 3.39
  reward:    +100.67 ± 37.48
  mean_wait: 864.4s
summary: /Users/hongweilin/Documents/workspace/documents/Personal/DMU/Final Dissertation/dissertation-v12-full-rerun/runs/dissertation_v12_sumo120/evaluations/B2_gat/seed_45/eval_seed_44.json
$ '/Users/hongweilin/Documents/workspace/documents/Personal/DMU/Final Dissertation/dissertation-v12-full-rerun/.venv/bin/python' scripts/eval_policy.py '/Users/hongweilin/Documents/workspace/documents/Personal/DMU/Final Dissertation/dissertation-v12-full-rerun/runs/dissertation_v12_sumo120/training/B2_gat/seed_45/ckpt_selected.pt' --episodes 6 --seed 45 --demand-split test --output '/Users/hongweilin/Documents/workspace/documents/Personal/DMU/Final Dissertation/dissertation-v12-full-rerun/runs/dissertation_v12_sumo120/evaluations/B2_gat/seed_45/eval_seed_45.json' --stochastic
checkpoint: ckpt_selected.pt  (epoch 20, 113,731 params)
env:        central_park  |  degradation: off  |  device: cpu
policy:     stochastic

 ep  pickups      reward  mean_wait_s  rl_steps   wall_s
------------------------------------------------------------
demand:     3 'test' variants, rotated per episode
 Retrying in 1 seconds
Warning: Could not set locale to 'C'.
  0       12      +92.94  855.6842105263158       120      1.6
Warning: Could not set locale to 'C'.
  1       10      +68.05      911.775       120      0.5
Warning: Could not set locale to 'C'.
  2       18     +157.95    813.21875       120      0.5
Warning: Could not set locale to 'C'.
  3       14     +114.11  846.2777777777778       120      0.5
Warning: Could not set locale to 'C'.
  4        9      +57.77  902.560975609756       120      0.5
Warning: Could not set locale to 'C'.
  5       17     +146.45  841.9090909090909       120      0.6

mean over 6 episodes:
  completed passenger journeys: 13.33 ± 3.35
  reward:    +106.21 ± 37.28
  mean_wait: 861.9s
summary: /Users/hongweilin/Documents/workspace/documents/Personal/DMU/Final Dissertation/dissertation-v12-full-rerun/runs/dissertation_v12_sumo120/evaluations/B2_gat/seed_45/eval_seed_45.json
$ '/Users/hongweilin/Documents/workspace/documents/Personal/DMU/Final Dissertation/dissertation-v12-full-rerun/.venv/bin/python' scripts/eval_policy.py '/Users/hongweilin/Documents/workspace/documents/Personal/DMU/Final Dissertation/dissertation-v12-full-rerun/runs/dissertation_v12_sumo120/training/B2_gat/seed_45/ckpt_selected.pt' --episodes 6 --seed 46 --demand-split test --output '/Users/hongweilin/Documents/workspace/documents/Personal/DMU/Final Dissertation/dissertation-v12-full-rerun/runs/dissertation_v12_sumo120/evaluations/B2_gat/seed_45/eval_seed_46.json' --stochastic
checkpoint: ckpt_selected.pt  (epoch 20, 113,731 params)
env:        central_park  |  degradation: off  |  device: cpu
policy:     stochastic

 ep  pickups      reward  mean_wait_s  rl_steps   wall_s
------------------------------------------------------------
demand:     3 'test' variants, rotated per episode
 Retrying in 1 seconds
Warning: Could not set locale to 'C'.
  0       10      +71.68      841.825       120      1.6
Warning: Could not set locale to 'C'.
  1       11      +78.72  906.5641025641025       120      0.5
Warning: Could not set locale to 'C'.
  2       13     +104.91  828.3243243243244       120      0.5
Warning: Could not set locale to 'C'.
  3       13     +102.94  863.972972972973       120      0.5
Warning: Could not set locale to 'C'.
  4        8      +47.42  908.1190476190476       120      0.5
Warning: Could not set locale to 'C'.
  5       17     +146.85  843.1818181818181       120      0.6

mean over 6 episodes:
  completed passenger journeys: 12.00 ± 2.83
  reward:    +92.09 ± 31.28
  mean_wait: 865.3s
summary: /Users/hongweilin/Documents/workspace/documents/Personal/DMU/Final Dissertation/dissertation-v12-full-rerun/runs/dissertation_v12_sumo120/evaluations/B2_gat/seed_45/eval_seed_46.json
$ '/Users/hongweilin/Documents/workspace/documents/Personal/DMU/Final Dissertation/dissertation-v12-full-rerun/.venv/bin/python' scripts/eval_policy.py '/Users/hongweilin/Documents/workspace/documents/Personal/DMU/Final Dissertation/dissertation-v12-full-rerun/runs/dissertation_v12_sumo120/training/B2_gat/seed_45/ckpt_selected.pt' --episodes 6 --seed 47 --demand-split test --output '/Users/hongweilin/Documents/workspace/documents/Personal/DMU/Final Dissertation/dissertation-v12-full-rerun/runs/dissertation_v12_sumo120/evaluations/B2_gat/seed_45/eval_seed_47.json' --stochastic
checkpoint: ckpt_selected.pt  (epoch 20, 113,731 params)
env:        central_park  |  degradation: off  |  device: cpu
policy:     stochastic

 ep  pickups      reward  mean_wait_s  rl_steps   wall_s
------------------------------------------------------------
demand:     3 'test' variants, rotated per episode
 Retrying in 1 seconds
Warning: Could not set locale to 'C'.
  0       12      +93.24  834.6052631578947       120      1.6
Warning: Could not set locale to 'C'.
  1        8      +47.31  907.1666666666666       120      0.6
Warning: Could not set locale to 'C'.
  2       18     +157.19    841.03125       120      0.6
Warning: Could not set locale to 'C'.
  3       15     +125.14  833.3428571428572       120      0.5
Warning: Could not set locale to 'C'.
  4       11      +79.06  898.8461538461538       120      0.5
Warning: Could not set locale to 'C'.
  5       14     +115.34  831.3333333333334       120      0.5

mean over 6 episodes:
  completed passenger journeys: 13.00 ± 3.16
  reward:    +102.88 ± 35.00
  mean_wait: 857.7s
summary: /Users/hongweilin/Documents/workspace/documents/Personal/DMU/Final Dissertation/dissertation-v12-full-rerun/runs/dissertation_v12_sumo120/evaluations/B2_gat/seed_45/eval_seed_47.json
$ '/Users/hongweilin/Documents/workspace/documents/Personal/DMU/Final Dissertation/dissertation-v12-full-rerun/.venv/bin/python' scripts/eval_policy.py '/Users/hongweilin/Documents/workspace/documents/Personal/DMU/Final Dissertation/dissertation-v12-full-rerun/runs/dissertation_v12_sumo120/training/B2_gat/seed_45/ckpt_selected.pt' --episodes 6 --seed 48 --demand-split test --output '/Users/hongweilin/Documents/workspace/documents/Personal/DMU/Final Dissertation/dissertation-v12-full-rerun/runs/dissertation_v12_sumo120/evaluations/B2_gat/seed_45/eval_seed_48.json' --stochastic
checkpoint: ckpt_selected.pt  (epoch 20, 113,731 params)
env:        central_park  |  degradation: off  |  device: cpu
policy:     stochastic

 ep  pickups      reward  mean_wait_s  rl_steps   wall_s
------------------------------------------------------------
demand:     3 'test' variants, rotated per episode
 Retrying in 1 seconds
Warning: Could not set locale to 'C'.
  0       13     +103.62  839.2972972972973       120      1.6
Warning: Could not set locale to 'C'.
  1        9      +58.00  901.8536585365854       120      0.5
Warning: Could not set locale to 'C'.
  2       17     +145.74  856.2121212121212       120      0.5
Warning: Could not set locale to 'C'.
  3       17     +146.40  816.7575757575758       120      0.5
Warning: Could not set locale to 'C'.
  4       12      +90.06  895.0263157894736       120      0.5
Warning: Could not set locale to 'C'.
  5       16     +135.83  830.8235294117648       120      0.5

mean over 6 episodes:
  completed passenger journeys: 14.00 ± 2.94
  reward:    +113.27 ± 32.53
  mean_wait: 856.7s
summary: /Users/hongweilin/Documents/workspace/documents/Personal/DMU/Final Dissertation/dissertation-v12-full-rerun/runs/dissertation_v12_sumo120/evaluations/B2_gat/seed_45/eval_seed_48.json
$ '/Users/hongweilin/Documents/workspace/documents/Personal/DMU/Final Dissertation/dissertation-v12-full-rerun/.venv/bin/python' scripts/eval_policy.py '/Users/hongweilin/Documents/workspace/documents/Personal/DMU/Final Dissertation/dissertation-v12-full-rerun/runs/dissertation_v12_sumo120/training/B2_gat/seed_45/ckpt_selected.pt' --episodes 6 --seed 49 --demand-split test --output '/Users/hongweilin/Documents/workspace/documents/Personal/DMU/Final Dissertation/dissertation-v12-full-rerun/runs/dissertation_v12_sumo120/evaluations/B2_gat/seed_45/eval_seed_49.json' --stochastic
checkpoint: ckpt_selected.pt  (epoch 20, 113,731 params)
env:        central_park  |  degradation: off  |  device: cpu
policy:     stochastic

 ep  pickups      reward  mean_wait_s  rl_steps   wall_s
------------------------------------------------------------
demand:     3 'test' variants, rotated per episode
 Retrying in 1 seconds
Warning: Could not set locale to 'C'.
  0       13     +103.01  856.1351351351351       120      1.6
Warning: Could not set locale to 'C'.
  1        8      +47.47  906.7857142857143       120      0.5
Warning: Could not set locale to 'C'.
  2       17     +147.34  825.8181818181819       120      0.6
Warning: Could not set locale to 'C'.
  3       12      +93.81  836.3947368421053       120      0.5
Warning: Could not set locale to 'C'.
  4        8      +47.48  903.1904761904761       120      0.5
Warning: Could not set locale to 'C'.
  5       16     +136.01  834.8823529411765       120      0.5

mean over 6 episodes:
  completed passenger journeys: 12.33 ± 3.50
  reward:    +95.85 ± 38.73
  mean_wait: 860.5s
summary: /Users/hongweilin/Documents/workspace/documents/Personal/DMU/Final Dissertation/dissertation-v12-full-rerun/runs/dissertation_v12_sumo120/evaluations/B2_gat/seed_45/eval_seed_49.json
$ '/Users/hongweilin/Documents/workspace/documents/Personal/DMU/Final Dissertation/dissertation-v12-full-rerun/.venv/bin/python' scripts/eval_policy.py '/Users/hongweilin/Documents/workspace/documents/Personal/DMU/Final Dissertation/dissertation-v12-full-rerun/runs/dissertation_v12_sumo120/training/B2_gat/seed_46/ckpt_selected.pt' --episodes 6 --seed 42 --demand-split test --output '/Users/hongweilin/Documents/workspace/documents/Personal/DMU/Final Dissertation/dissertation-v12-full-rerun/runs/dissertation_v12_sumo120/evaluations/B2_gat/seed_46/eval_seed_42.json' --stochastic
checkpoint: ckpt_selected.pt  (epoch 10, 113,731 params)
env:        central_park  |  degradation: off  |  device: cpu
policy:     stochastic

 ep  pickups      reward  mean_wait_s  rl_steps   wall_s
------------------------------------------------------------
demand:     3 'test' variants, rotated per episode
 Retrying in 1 seconds
Warning: Could not set locale to 'C'.
  0       13     +103.86  832.8108108108108       120      1.6
Warning: Could not set locale to 'C'.
  1        9      +57.84  911.2926829268292       120      0.5
Warning: Could not set locale to 'C'.
  2       15     +125.12  838.3142857142857       120      0.6
Warning: Could not set locale to 'C'.
  3       14     +114.93  823.8611111111111       120      0.5
Warning: Could not set locale to 'C'.
  4       12      +89.38  900.3947368421053       120      0.5
Warning: Could not set locale to 'C'.
  5       14     +115.16  831.5277777777778       120      0.5

mean over 6 episodes:
  completed passenger journeys: 12.83 ± 1.95
  reward:    +101.05 ± 22.29
  mean_wait: 856.4s
summary: /Users/hongweilin/Documents/workspace/documents/Personal/DMU/Final Dissertation/dissertation-v12-full-rerun/runs/dissertation_v12_sumo120/evaluations/B2_gat/seed_46/eval_seed_42.json
$ '/Users/hongweilin/Documents/workspace/documents/Personal/DMU/Final Dissertation/dissertation-v12-full-rerun/.venv/bin/python' scripts/eval_policy.py '/Users/hongweilin/Documents/workspace/documents/Personal/DMU/Final Dissertation/dissertation-v12-full-rerun/runs/dissertation_v12_sumo120/training/B2_gat/seed_46/ckpt_selected.pt' --episodes 6 --seed 43 --demand-split test --output '/Users/hongweilin/Documents/workspace/documents/Personal/DMU/Final Dissertation/dissertation-v12-full-rerun/runs/dissertation_v12_sumo120/evaluations/B2_gat/seed_46/eval_seed_43.json' --stochastic
checkpoint: ckpt_selected.pt  (epoch 10, 113,731 params)
env:        central_park  |  degradation: off  |  device: cpu
policy:     stochastic

 ep  pickups      reward  mean_wait_s  rl_steps   wall_s
------------------------------------------------------------
demand:     3 'test' variants, rotated per episode
 Retrying in 1 seconds
Warning: Could not set locale to 'C'.
  0       15     +124.66  836.2285714285714       120      1.6
Warning: Could not set locale to 'C'.
  1       10      +67.82        911.8       120      0.5
Warning: Could not set locale to 'C'.
  2       15     +124.14  836.4571428571429       120      0.5
Warning: Could not set locale to 'C'.
  3       13     +103.99  822.7567567567568       120      0.5
Warning: Could not set locale to 'C'.
  4        9      +57.48  913.4634146341464       120      0.5
Warning: Could not set locale to 'C'.
  5       15     +125.37  837.0285714285715       120      0.5

mean over 6 episodes:
  completed passenger journeys: 12.83 ± 2.48
  reward:    +100.58 ± 27.96
  mean_wait: 859.6s
summary: /Users/hongweilin/Documents/workspace/documents/Personal/DMU/Final Dissertation/dissertation-v12-full-rerun/runs/dissertation_v12_sumo120/evaluations/B2_gat/seed_46/eval_seed_43.json
$ '/Users/hongweilin/Documents/workspace/documents/Personal/DMU/Final Dissertation/dissertation-v12-full-rerun/.venv/bin/python' scripts/eval_policy.py '/Users/hongweilin/Documents/workspace/documents/Personal/DMU/Final Dissertation/dissertation-v12-full-rerun/runs/dissertation_v12_sumo120/training/B2_gat/seed_46/ckpt_selected.pt' --episodes 6 --seed 44 --demand-split test --output '/Users/hongweilin/Documents/workspace/documents/Personal/DMU/Final Dissertation/dissertation-v12-full-rerun/runs/dissertation_v12_sumo120/evaluations/B2_gat/seed_46/eval_seed_44.json' --stochastic
checkpoint: ckpt_selected.pt  (epoch 10, 113,731 params)
env:        central_park  |  degradation: off  |  device: cpu
policy:     stochastic

 ep  pickups      reward  mean_wait_s  rl_steps   wall_s
------------------------------------------------------------
demand:     3 'test' variants, rotated per episode
 Retrying in 1 seconds
Warning: Could not set locale to 'C'.
  0       12      +91.73  864.2631578947369       120      1.6
Warning: Could not set locale to 'C'.
  1       10      +68.71      896.775       120      0.5
Warning: Could not set locale to 'C'.
  2       17     +146.68  838.7878787878788       120      0.5
Warning: Could not set locale to 'C'.
  3       16     +134.99  841.3235294117648       120      0.5
Warning: Could not set locale to 'C'.
  4        8      +47.25  903.9047619047619       120      0.5
Warning: Could not set locale to 'C'.
  5       18     +157.65    829.28125       120      0.5

mean over 6 episodes:
  completed passenger journeys: 13.50 ± 3.73
  reward:    +107.84 ± 41.21
  mean_wait: 862.4s
summary: /Users/hongweilin/Documents/workspace/documents/Personal/DMU/Final Dissertation/dissertation-v12-full-rerun/runs/dissertation_v12_sumo120/evaluations/B2_gat/seed_46/eval_seed_44.json
$ '/Users/hongweilin/Documents/workspace/documents/Personal/DMU/Final Dissertation/dissertation-v12-full-rerun/.venv/bin/python' scripts/eval_policy.py '/Users/hongweilin/Documents/workspace/documents/Personal/DMU/Final Dissertation/dissertation-v12-full-rerun/runs/dissertation_v12_sumo120/training/B2_gat/seed_46/ckpt_selected.pt' --episodes 6 --seed 45 --demand-split test --output '/Users/hongweilin/Documents/workspace/documents/Personal/DMU/Final Dissertation/dissertation-v12-full-rerun/runs/dissertation_v12_sumo120/evaluations/B2_gat/seed_46/eval_seed_45.json' --stochastic
checkpoint: ckpt_selected.pt  (epoch 10, 113,731 params)
env:        central_park  |  degradation: off  |  device: cpu
policy:     stochastic

 ep  pickups      reward  mean_wait_s  rl_steps   wall_s
------------------------------------------------------------
demand:     3 'test' variants, rotated per episode
 Retrying in 1 seconds
Warning: Could not set locale to 'C'.
  0       12      +92.94  855.6842105263158       120      1.6
Warning: Could not set locale to 'C'.
  1       10      +68.05      911.775       120      0.5
Warning: Could not set locale to 'C'.
  2       18     +157.95    813.21875       120      0.5
Warning: Could not set locale to 'C'.
  3       16     +134.66  838.5588235294117       120      0.5
Warning: Could not set locale to 'C'.
  4        9      +57.77  902.560975609756       120      0.5
Warning: Could not set locale to 'C'.
  5       14     +114.72  851.5555555555555       120      0.5

mean over 6 episodes:
  completed passenger journeys: 13.17 ± 3.18
  reward:    +104.35 ± 35.39
  mean_wait: 862.2s
summary: /Users/hongweilin/Documents/workspace/documents/Personal/DMU/Final Dissertation/dissertation-v12-full-rerun/runs/dissertation_v12_sumo120/evaluations/B2_gat/seed_46/eval_seed_45.json
$ '/Users/hongweilin/Documents/workspace/documents/Personal/DMU/Final Dissertation/dissertation-v12-full-rerun/.venv/bin/python' scripts/eval_policy.py '/Users/hongweilin/Documents/workspace/documents/Personal/DMU/Final Dissertation/dissertation-v12-full-rerun/runs/dissertation_v12_sumo120/training/B2_gat/seed_46/ckpt_selected.pt' --episodes 6 --seed 46 --demand-split test --output '/Users/hongweilin/Documents/workspace/documents/Personal/DMU/Final Dissertation/dissertation-v12-full-rerun/runs/dissertation_v12_sumo120/evaluations/B2_gat/seed_46/eval_seed_46.json' --stochastic
checkpoint: ckpt_selected.pt  (epoch 10, 113,731 params)
env:        central_park  |  degradation: off  |  device: cpu
policy:     stochastic

 ep  pickups      reward  mean_wait_s  rl_steps   wall_s
------------------------------------------------------------
demand:     3 'test' variants, rotated per episode
 Retrying in 1 seconds
Warning: Could not set locale to 'C'.
  0       10      +71.68      841.825       120      1.6
Warning: Could not set locale to 'C'.
  1       11      +78.72  906.5641025641025       120      0.5
Warning: Could not set locale to 'C'.
  2       20     +178.23  841.5666666666667       120      0.6
Warning: Could not set locale to 'C'.
  3       13     +102.94  863.972972972973       120      0.5
Warning: Could not set locale to 'C'.
  4        8      +47.42  908.1190476190476       120      0.5
Warning: Could not set locale to 'C'.
  5       17     +146.85  843.1818181818181       120      0.5

mean over 6 episodes:
  completed passenger journeys: 13.17 ± 4.14
  reward:    +104.31 ± 45.15
  mean_wait: 867.5s
summary: /Users/hongweilin/Documents/workspace/documents/Personal/DMU/Final Dissertation/dissertation-v12-full-rerun/runs/dissertation_v12_sumo120/evaluations/B2_gat/seed_46/eval_seed_46.json
$ '/Users/hongweilin/Documents/workspace/documents/Personal/DMU/Final Dissertation/dissertation-v12-full-rerun/.venv/bin/python' scripts/eval_policy.py '/Users/hongweilin/Documents/workspace/documents/Personal/DMU/Final Dissertation/dissertation-v12-full-rerun/runs/dissertation_v12_sumo120/training/B2_gat/seed_46/ckpt_selected.pt' --episodes 6 --seed 47 --demand-split test --output '/Users/hongweilin/Documents/workspace/documents/Personal/DMU/Final Dissertation/dissertation-v12-full-rerun/runs/dissertation_v12_sumo120/evaluations/B2_gat/seed_46/eval_seed_47.json' --stochastic
checkpoint: ckpt_selected.pt  (epoch 10, 113,731 params)
env:        central_park  |  degradation: off  |  device: cpu
policy:     stochastic

 ep  pickups      reward  mean_wait_s  rl_steps   wall_s
------------------------------------------------------------
demand:     3 'test' variants, rotated per episode
 Retrying in 1 seconds
Warning: Could not set locale to 'C'.
  0       12      +93.24  834.6052631578947       120      1.6
Warning: Could not set locale to 'C'.
  1        8      +47.31  907.1666666666666       120      0.5
Warning: Could not set locale to 'C'.
  2       18     +157.19    841.03125       120      0.6
Warning: Could not set locale to 'C'.
  3       15     +125.14  833.3428571428572       120      0.5
Warning: Could not set locale to 'C'.
  4        8      +47.56        901.0       120      0.5
Warning: Could not set locale to 'C'.
  5       14     +115.34  831.3333333333334       120      0.5

mean over 6 episodes:
  completed passenger journeys: 12.50 ± 3.64
  reward:    +97.63 ± 40.16
  mean_wait: 858.1s
summary: /Users/hongweilin/Documents/workspace/documents/Personal/DMU/Final Dissertation/dissertation-v12-full-rerun/runs/dissertation_v12_sumo120/evaluations/B2_gat/seed_46/eval_seed_47.json
$ '/Users/hongweilin/Documents/workspace/documents/Personal/DMU/Final Dissertation/dissertation-v12-full-rerun/.venv/bin/python' scripts/eval_policy.py '/Users/hongweilin/Documents/workspace/documents/Personal/DMU/Final Dissertation/dissertation-v12-full-rerun/runs/dissertation_v12_sumo120/training/B2_gat/seed_46/ckpt_selected.pt' --episodes 6 --seed 48 --demand-split test --output '/Users/hongweilin/Documents/workspace/documents/Personal/DMU/Final Dissertation/dissertation-v12-full-rerun/runs/dissertation_v12_sumo120/evaluations/B2_gat/seed_46/eval_seed_48.json' --stochastic
checkpoint: ckpt_selected.pt  (epoch 10, 113,731 params)
env:        central_park  |  degradation: off  |  device: cpu
policy:     stochastic

 ep  pickups      reward  mean_wait_s  rl_steps   wall_s
------------------------------------------------------------
demand:     3 'test' variants, rotated per episode
 Retrying in 1 seconds
Warning: Could not set locale to 'C'.
  0       13     +103.62  839.2972972972973       120      1.6
Warning: Could not set locale to 'C'.
  1        9      +58.00  901.8536585365854       120      0.5
Warning: Could not set locale to 'C'.
  2       17     +145.74  856.2121212121212       120      0.5
Warning: Could not set locale to 'C'.
  3       17     +146.40  816.7575757575758       120      0.5
Warning: Could not set locale to 'C'.
  4       10      +68.27      903.975       120      0.5
Warning: Could not set locale to 'C'.
  5       15     +125.19  847.2285714285714       120      0.6

mean over 6 episodes:
  completed passenger journeys: 13.50 ± 3.15
  reward:    +107.87 ± 34.86
  mean_wait: 860.9s
summary: /Users/hongweilin/Documents/workspace/documents/Personal/DMU/Final Dissertation/dissertation-v12-full-rerun/runs/dissertation_v12_sumo120/evaluations/B2_gat/seed_46/eval_seed_48.json
$ '/Users/hongweilin/Documents/workspace/documents/Personal/DMU/Final Dissertation/dissertation-v12-full-rerun/.venv/bin/python' scripts/eval_policy.py '/Users/hongweilin/Documents/workspace/documents/Personal/DMU/Final Dissertation/dissertation-v12-full-rerun/runs/dissertation_v12_sumo120/training/B2_gat/seed_46/ckpt_selected.pt' --episodes 6 --seed 49 --demand-split test --output '/Users/hongweilin/Documents/workspace/documents/Personal/DMU/Final Dissertation/dissertation-v12-full-rerun/runs/dissertation_v12_sumo120/evaluations/B2_gat/seed_46/eval_seed_49.json' --stochastic
checkpoint: ckpt_selected.pt  (epoch 10, 113,731 params)
env:        central_park  |  degradation: off  |  device: cpu
policy:     stochastic

 ep  pickups      reward  mean_wait_s  rl_steps   wall_s
------------------------------------------------------------
demand:     3 'test' variants, rotated per episode
 Retrying in 1 seconds
Warning: Could not set locale to 'C'.
  0       13     +103.01  856.1351351351351       120      1.6
Warning: Could not set locale to 'C'.
  1        8      +47.47  906.7857142857143       120      0.5
Warning: Could not set locale to 'C'.
  2       17     +147.34  825.8181818181819       120      0.6
Warning: Could not set locale to 'C'.
  3       12      +93.81  836.3947368421053       120      0.5
Warning: Could not set locale to 'C'.
  4        8      +47.48  903.1904761904761       120      0.5
Warning: Could not set locale to 'C'.
  5       13     +105.17  826.4324324324324       120      0.5

mean over 6 episodes:
  completed passenger journeys: 11.83 ± 3.13
  reward:    +90.71 ± 34.92
  mean_wait: 859.1s
summary: /Users/hongweilin/Documents/workspace/documents/Personal/DMU/Final Dissertation/dissertation-v12-full-rerun/runs/dissertation_v12_sumo120/evaluations/B2_gat/seed_46/eval_seed_49.json
$ '/Users/hongweilin/Documents/workspace/documents/Personal/DMU/Final Dissertation/dissertation-v12-full-rerun/.venv/bin/python' scripts/eval_policy.py '/Users/hongweilin/Documents/workspace/documents/Personal/DMU/Final Dissertation/dissertation-v12-full-rerun/runs/dissertation_v12_sumo120/training/H5_gat_degraded/seed_42/ckpt_selected.pt' --episodes 6 --seed 42 --demand-split test --output '/Users/hongweilin/Documents/workspace/documents/Personal/DMU/Final Dissertation/dissertation-v12-full-rerun/runs/dissertation_v12_sumo120/evaluations/H5_gat_degraded/seed_42/eval_seed_42.json' --stochastic
checkpoint: ckpt_selected.pt  (epoch 10, 113,731 params)
env:        central_park  |  degradation: off  |  device: cpu
policy:     stochastic

 ep  pickups      reward  mean_wait_s  rl_steps   wall_s
------------------------------------------------------------
demand:     3 'test' variants, rotated per episode
 Retrying in 1 seconds
Warning: Could not set locale to 'C'.
  0       13     +103.86  832.8108108108108       120      1.6
Warning: Could not set locale to 'C'.
  1        9      +57.84  911.2926829268292       120      0.5
Warning: Could not set locale to 'C'.
  2       18     +156.39      847.875       120      0.6
Warning: Could not set locale to 'C'.
  3       13     +103.75  833.1081081081081       120      0.5
Warning: Could not set locale to 'C'.
  4       12      +89.38  900.3947368421053       120      0.5
Warning: Could not set locale to 'C'.
  5       14     +115.16  831.5277777777778       120      0.5

mean over 6 episodes:
  completed passenger journeys: 13.17 ± 2.67
  reward:    +104.40 ± 29.48
  mean_wait: 859.5s
summary: /Users/hongweilin/Documents/workspace/documents/Personal/DMU/Final Dissertation/dissertation-v12-full-rerun/runs/dissertation_v12_sumo120/evaluations/H5_gat_degraded/seed_42/eval_seed_42.json
$ '/Users/hongweilin/Documents/workspace/documents/Personal/DMU/Final Dissertation/dissertation-v12-full-rerun/.venv/bin/python' scripts/eval_policy.py '/Users/hongweilin/Documents/workspace/documents/Personal/DMU/Final Dissertation/dissertation-v12-full-rerun/runs/dissertation_v12_sumo120/training/H5_gat_degraded/seed_42/ckpt_selected.pt' --episodes 6 --seed 43 --demand-split test --output '/Users/hongweilin/Documents/workspace/documents/Personal/DMU/Final Dissertation/dissertation-v12-full-rerun/runs/dissertation_v12_sumo120/evaluations/H5_gat_degraded/seed_42/eval_seed_43.json' --stochastic
checkpoint: ckpt_selected.pt  (epoch 10, 113,731 params)
env:        central_park  |  degradation: off  |  device: cpu
policy:     stochastic

 ep  pickups      reward  mean_wait_s  rl_steps   wall_s
------------------------------------------------------------
demand:     3 'test' variants, rotated per episode
 Retrying in 1 seconds
Warning: Could not set locale to 'C'.
  0       15     +124.66  836.2285714285714       120      1.6
Warning: Could not set locale to 'C'.
  1       12      +89.17  903.4473684210526       120      0.5
Warning: Could not set locale to 'C'.
  2       13     +103.59  844.7297297297297       120      0.6
Warning: Could not set locale to 'C'.
  3       13     +103.99  822.7567567567568       120      0.5
Warning: Could not set locale to 'C'.
  4       10      +68.01        910.0       120      0.5
Warning: Could not set locale to 'C'.
  5       14     +114.87  831.0277777777778       120      0.5

mean over 6 episodes:
  completed passenger journeys: 12.83 ± 1.57
  reward:    +100.72 ± 18.24
  mean_wait: 858.0s
summary: /Users/hongweilin/Documents/workspace/documents/Personal/DMU/Final Dissertation/dissertation-v12-full-rerun/runs/dissertation_v12_sumo120/evaluations/H5_gat_degraded/seed_42/eval_seed_43.json
$ '/Users/hongweilin/Documents/workspace/documents/Personal/DMU/Final Dissertation/dissertation-v12-full-rerun/.venv/bin/python' scripts/eval_policy.py '/Users/hongweilin/Documents/workspace/documents/Personal/DMU/Final Dissertation/dissertation-v12-full-rerun/runs/dissertation_v12_sumo120/training/H5_gat_degraded/seed_42/ckpt_selected.pt' --episodes 6 --seed 44 --demand-split test --output '/Users/hongweilin/Documents/workspace/documents/Personal/DMU/Final Dissertation/dissertation-v12-full-rerun/runs/dissertation_v12_sumo120/evaluations/H5_gat_degraded/seed_42/eval_seed_44.json' --stochastic
checkpoint: ckpt_selected.pt  (epoch 10, 113,731 params)
env:        central_park  |  degradation: off  |  device: cpu
policy:     stochastic

 ep  pickups      reward  mean_wait_s  rl_steps   wall_s
------------------------------------------------------------
demand:     3 'test' variants, rotated per episode
 Retrying in 1 seconds
Warning: Could not set locale to 'C'.
  0       12      +91.73  864.2631578947369       120      1.6
Warning: Could not set locale to 'C'.
  1       10      +68.14      906.775       120      0.5
Warning: Could not set locale to 'C'.
  2       17     +146.68  838.7878787878788       120      0.5
Warning: Could not set locale to 'C'.
  3       17     +145.75  850.6060606060606       120      0.5
Warning: Could not set locale to 'C'.
  4        8      +47.25  903.9047619047619       120      0.5
Warning: Could not set locale to 'C'.
  5       18     +157.65    829.28125       120      0.5

mean over 6 episodes:
  completed passenger journeys: 13.67 ± 3.86
  reward:    +109.54 ± 42.65
  mean_wait: 865.6s
summary: /Users/hongweilin/Documents/workspace/documents/Personal/DMU/Final Dissertation/dissertation-v12-full-rerun/runs/dissertation_v12_sumo120/evaluations/H5_gat_degraded/seed_42/eval_seed_44.json
$ '/Users/hongweilin/Documents/workspace/documents/Personal/DMU/Final Dissertation/dissertation-v12-full-rerun/.venv/bin/python' scripts/eval_policy.py '/Users/hongweilin/Documents/workspace/documents/Personal/DMU/Final Dissertation/dissertation-v12-full-rerun/runs/dissertation_v12_sumo120/training/H5_gat_degraded/seed_42/ckpt_selected.pt' --episodes 6 --seed 45 --demand-split test --output '/Users/hongweilin/Documents/workspace/documents/Personal/DMU/Final Dissertation/dissertation-v12-full-rerun/runs/dissertation_v12_sumo120/evaluations/H5_gat_degraded/seed_42/eval_seed_45.json' --stochastic
checkpoint: ckpt_selected.pt  (epoch 10, 113,731 params)
env:        central_park  |  degradation: off  |  device: cpu
policy:     stochastic

 ep  pickups      reward  mean_wait_s  rl_steps   wall_s
------------------------------------------------------------
demand:     3 'test' variants, rotated per episode
 Retrying in 1 seconds
Warning: Could not set locale to 'C'.
  0       12      +92.94  855.6842105263158       120      1.6
Warning: Could not set locale to 'C'.
  1       10      +68.05      911.775       120      0.5
Warning: Could not set locale to 'C'.
  2       15     +126.37  823.3428571428572       120      0.5
Warning: Could not set locale to 'C'.
  3       14     +114.11  846.2777777777778       120      0.5
Warning: Could not set locale to 'C'.
  4        9      +57.77  902.560975609756       120      0.5
Warning: Could not set locale to 'C'.
  5       17     +146.45  841.9090909090909       120      0.5

mean over 6 episodes:
  completed passenger journeys: 12.83 ± 2.79
  reward:    +100.95 ± 31.36
  mean_wait: 863.6s
summary: /Users/hongweilin/Documents/workspace/documents/Personal/DMU/Final Dissertation/dissertation-v12-full-rerun/runs/dissertation_v12_sumo120/evaluations/H5_gat_degraded/seed_42/eval_seed_45.json
$ '/Users/hongweilin/Documents/workspace/documents/Personal/DMU/Final Dissertation/dissertation-v12-full-rerun/.venv/bin/python' scripts/eval_policy.py '/Users/hongweilin/Documents/workspace/documents/Personal/DMU/Final Dissertation/dissertation-v12-full-rerun/runs/dissertation_v12_sumo120/training/H5_gat_degraded/seed_42/ckpt_selected.pt' --episodes 6 --seed 46 --demand-split test --output '/Users/hongweilin/Documents/workspace/documents/Personal/DMU/Final Dissertation/dissertation-v12-full-rerun/runs/dissertation_v12_sumo120/evaluations/H5_gat_degraded/seed_42/eval_seed_46.json' --stochastic
checkpoint: ckpt_selected.pt  (epoch 10, 113,731 params)
env:        central_park  |  degradation: off  |  device: cpu
policy:     stochastic

 ep  pickups      reward  mean_wait_s  rl_steps   wall_s
------------------------------------------------------------
demand:     3 'test' variants, rotated per episode
 Retrying in 1 seconds
Warning: Could not set locale to 'C'.
  0       10      +71.68      841.825       120      1.6
Warning: Could not set locale to 'C'.
  1       11      +78.72  906.5641025641025       120      0.5
Warning: Could not set locale to 'C'.
  2       13     +104.91  828.3243243243244       120      0.5
Warning: Could not set locale to 'C'.
  3       13     +102.94  863.972972972973       120      0.5
Warning: Could not set locale to 'C'.
  4        8      +47.42  908.1190476190476       120      0.5
Warning: Could not set locale to 'C'.
  5       17     +146.85  843.1818181818181       120      0.6

mean over 6 episodes:
  completed passenger journeys: 12.00 ± 2.83
  reward:    +92.09 ± 31.28
  mean_wait: 865.3s
summary: /Users/hongweilin/Documents/workspace/documents/Personal/DMU/Final Dissertation/dissertation-v12-full-rerun/runs/dissertation_v12_sumo120/evaluations/H5_gat_degraded/seed_42/eval_seed_46.json
$ '/Users/hongweilin/Documents/workspace/documents/Personal/DMU/Final Dissertation/dissertation-v12-full-rerun/.venv/bin/python' scripts/eval_policy.py '/Users/hongweilin/Documents/workspace/documents/Personal/DMU/Final Dissertation/dissertation-v12-full-rerun/runs/dissertation_v12_sumo120/training/H5_gat_degraded/seed_42/ckpt_selected.pt' --episodes 6 --seed 47 --demand-split test --output '/Users/hongweilin/Documents/workspace/documents/Personal/DMU/Final Dissertation/dissertation-v12-full-rerun/runs/dissertation_v12_sumo120/evaluations/H5_gat_degraded/seed_42/eval_seed_47.json' --stochastic
checkpoint: ckpt_selected.pt  (epoch 10, 113,731 params)
env:        central_park  |  degradation: off  |  device: cpu
policy:     stochastic

 ep  pickups      reward  mean_wait_s  rl_steps   wall_s
------------------------------------------------------------
demand:     3 'test' variants, rotated per episode
 Retrying in 1 seconds
Warning: Could not set locale to 'C'.
  0       12      +93.24  834.6052631578947       120      1.6
Warning: Could not set locale to 'C'.
  1        8      +47.31  907.1666666666666       120      0.5
Warning: Could not set locale to 'C'.
  2       18     +157.19    841.03125       120      0.6
Warning: Could not set locale to 'C'.
  3       15     +125.14  833.3428571428572       120      0.5
Warning: Could not set locale to 'C'.
  4       11      +79.06  898.8461538461538       120      0.5
Warning: Could not set locale to 'C'.
  5       14     +115.34  831.3333333333334       120      0.5

mean over 6 episodes:
  completed passenger journeys: 13.00 ± 3.16
  reward:    +102.88 ± 35.00
  mean_wait: 857.7s
summary: /Users/hongweilin/Documents/workspace/documents/Personal/DMU/Final Dissertation/dissertation-v12-full-rerun/runs/dissertation_v12_sumo120/evaluations/H5_gat_degraded/seed_42/eval_seed_47.json
$ '/Users/hongweilin/Documents/workspace/documents/Personal/DMU/Final Dissertation/dissertation-v12-full-rerun/.venv/bin/python' scripts/eval_policy.py '/Users/hongweilin/Documents/workspace/documents/Personal/DMU/Final Dissertation/dissertation-v12-full-rerun/runs/dissertation_v12_sumo120/training/H5_gat_degraded/seed_42/ckpt_selected.pt' --episodes 6 --seed 48 --demand-split test --output '/Users/hongweilin/Documents/workspace/documents/Personal/DMU/Final Dissertation/dissertation-v12-full-rerun/runs/dissertation_v12_sumo120/evaluations/H5_gat_degraded/seed_42/eval_seed_48.json' --stochastic
checkpoint: ckpt_selected.pt  (epoch 10, 113,731 params)
env:        central_park  |  degradation: off  |  device: cpu
policy:     stochastic

 ep  pickups      reward  mean_wait_s  rl_steps   wall_s
------------------------------------------------------------
demand:     3 'test' variants, rotated per episode
 Retrying in 1 seconds
Warning: Could not set locale to 'C'.
  0       13     +103.62  839.2972972972973       120      1.7
Warning: Could not set locale to 'C'.
  1        9      +58.00  901.8536585365854       120      0.5
Warning: Could not set locale to 'C'.
  2       14     +114.27  853.4166666666666       120      0.5
Warning: Could not set locale to 'C'.
  3       17     +146.40  816.7575757575758       120      0.5
Warning: Could not set locale to 'C'.
  4       12      +90.06  895.0263157894736       120      0.5
Warning: Could not set locale to 'C'.
  5       18     +157.12    834.21875       120      0.5

mean over 6 episodes:
  completed passenger journeys: 13.83 ± 3.02
  reward:    +111.58 ± 33.40
  mean_wait: 856.8s
summary: /Users/hongweilin/Documents/workspace/documents/Personal/DMU/Final Dissertation/dissertation-v12-full-rerun/runs/dissertation_v12_sumo120/evaluations/H5_gat_degraded/seed_42/eval_seed_48.json
$ '/Users/hongweilin/Documents/workspace/documents/Personal/DMU/Final Dissertation/dissertation-v12-full-rerun/.venv/bin/python' scripts/eval_policy.py '/Users/hongweilin/Documents/workspace/documents/Personal/DMU/Final Dissertation/dissertation-v12-full-rerun/runs/dissertation_v12_sumo120/training/H5_gat_degraded/seed_42/ckpt_selected.pt' --episodes 6 --seed 49 --demand-split test --output '/Users/hongweilin/Documents/workspace/documents/Personal/DMU/Final Dissertation/dissertation-v12-full-rerun/runs/dissertation_v12_sumo120/evaluations/H5_gat_degraded/seed_42/eval_seed_49.json' --stochastic
checkpoint: ckpt_selected.pt  (epoch 10, 113,731 params)
env:        central_park  |  degradation: off  |  device: cpu
policy:     stochastic

 ep  pickups      reward  mean_wait_s  rl_steps   wall_s
------------------------------------------------------------
demand:     3 'test' variants, rotated per episode
 Retrying in 1 seconds
Warning: Could not set locale to 'C'.
  0       13     +103.01  856.1351351351351       120      1.6
Warning: Could not set locale to 'C'.
  1        8      +47.47  906.7857142857143       120      0.5
Warning: Could not set locale to 'C'.
  2       17     +147.34  825.8181818181819       120      0.6
Warning: Could not set locale to 'C'.
  3       12      +93.81  836.3947368421053       120      0.5
Warning: Could not set locale to 'C'.
  4        8      +47.48  903.1904761904761       120      0.5
Warning: Could not set locale to 'C'.
  5       16     +136.01  834.8823529411765       120      0.6

mean over 6 episodes:
  completed passenger journeys: 12.33 ± 3.50
  reward:    +95.85 ± 38.73
  mean_wait: 860.5s
summary: /Users/hongweilin/Documents/workspace/documents/Personal/DMU/Final Dissertation/dissertation-v12-full-rerun/runs/dissertation_v12_sumo120/evaluations/H5_gat_degraded/seed_42/eval_seed_49.json
$ '/Users/hongweilin/Documents/workspace/documents/Personal/DMU/Final Dissertation/dissertation-v12-full-rerun/.venv/bin/python' scripts/eval_policy.py '/Users/hongweilin/Documents/workspace/documents/Personal/DMU/Final Dissertation/dissertation-v12-full-rerun/runs/dissertation_v12_sumo120/training/H5_gat_degraded/seed_43/ckpt_selected.pt' --episodes 6 --seed 42 --demand-split test --output '/Users/hongweilin/Documents/workspace/documents/Personal/DMU/Final Dissertation/dissertation-v12-full-rerun/runs/dissertation_v12_sumo120/evaluations/H5_gat_degraded/seed_43/eval_seed_42.json' --stochastic
checkpoint: ckpt_selected.pt  (epoch 10, 113,731 params)
env:        central_park  |  degradation: off  |  device: cpu
policy:     stochastic

 ep  pickups      reward  mean_wait_s  rl_steps   wall_s
------------------------------------------------------------
demand:     3 'test' variants, rotated per episode
 Retrying in 1 seconds
Warning: Could not set locale to 'C'.
  0       12      +93.30  832.8947368421053       120      1.6
Warning: Could not set locale to 'C'.
  1       10      +68.59       899.75       120      0.5
Warning: Could not set locale to 'C'.
  2       14     +114.94  831.6388888888889       120      0.6
Warning: Could not set locale to 'C'.
  3       12      +93.43  840.0526315789474       120      0.5
Warning: Could not set locale to 'C'.
  4       11      +79.20  900.974358974359       120      0.5
Warning: Could not set locale to 'C'.
  5       15     +125.30  843.0285714285715       120      0.5

mean over 6 episodes:
  completed passenger journeys: 12.33 ± 1.70
  reward:    +95.79 ± 19.43
  mean_wait: 858.1s
summary: /Users/hongweilin/Documents/workspace/documents/Personal/DMU/Final Dissertation/dissertation-v12-full-rerun/runs/dissertation_v12_sumo120/evaluations/H5_gat_degraded/seed_43/eval_seed_42.json
$ '/Users/hongweilin/Documents/workspace/documents/Personal/DMU/Final Dissertation/dissertation-v12-full-rerun/.venv/bin/python' scripts/eval_policy.py '/Users/hongweilin/Documents/workspace/documents/Personal/DMU/Final Dissertation/dissertation-v12-full-rerun/runs/dissertation_v12_sumo120/training/H5_gat_degraded/seed_43/ckpt_selected.pt' --episodes 6 --seed 43 --demand-split test --output '/Users/hongweilin/Documents/workspace/documents/Personal/DMU/Final Dissertation/dissertation-v12-full-rerun/runs/dissertation_v12_sumo120/evaluations/H5_gat_degraded/seed_43/eval_seed_43.json' --stochastic
checkpoint: ckpt_selected.pt  (epoch 10, 113,731 params)
env:        central_park  |  degradation: off  |  device: cpu
policy:     stochastic

 ep  pickups      reward  mean_wait_s  rl_steps   wall_s
------------------------------------------------------------
demand:     3 'test' variants, rotated per episode
 Retrying in 1 seconds
Warning: Could not set locale to 'C'.
  0       15     +124.29  850.3714285714286       120      1.7
Warning: Could not set locale to 'C'.
  1       10      +68.79      904.675       120      0.5
Warning: Could not set locale to 'C'.
  2       10      +72.11      848.925       120      0.5
Warning: Could not set locale to 'C'.
  3       16     +135.17  823.9117647058823       120      0.5
Warning: Could not set locale to 'C'.
  4       10      +68.01        910.0       120      0.5
Warning: Could not set locale to 'C'.
  5       11      +83.98        831.0       120      0.5

mean over 6 episodes:
  completed passenger journeys: 12.00 ± 2.52
  reward:    +92.06 ± 27.33
  mean_wait: 861.5s
summary: /Users/hongweilin/Documents/workspace/documents/Personal/DMU/Final Dissertation/dissertation-v12-full-rerun/runs/dissertation_v12_sumo120/evaluations/H5_gat_degraded/seed_43/eval_seed_43.json
$ '/Users/hongweilin/Documents/workspace/documents/Personal/DMU/Final Dissertation/dissertation-v12-full-rerun/.venv/bin/python' scripts/eval_policy.py '/Users/hongweilin/Documents/workspace/documents/Personal/DMU/Final Dissertation/dissertation-v12-full-rerun/runs/dissertation_v12_sumo120/training/H5_gat_degraded/seed_43/ckpt_selected.pt' --episodes 6 --seed 44 --demand-split test --output '/Users/hongweilin/Documents/workspace/documents/Personal/DMU/Final Dissertation/dissertation-v12-full-rerun/runs/dissertation_v12_sumo120/evaluations/H5_gat_degraded/seed_43/eval_seed_44.json' --stochastic
checkpoint: ckpt_selected.pt  (epoch 10, 113,731 params)
env:        central_park  |  degradation: off  |  device: cpu
policy:     stochastic

 ep  pickups      reward  mean_wait_s  rl_steps   wall_s
------------------------------------------------------------
demand:     3 'test' variants, rotated per episode
 Retrying in 1 seconds
Warning: Could not set locale to 'C'.
  0       12      +92.70        843.0       120      1.6
Warning: Could not set locale to 'C'.
  1       11      +78.49  913.0512820512821       120      0.5
Warning: Could not set locale to 'C'.
  2       14     +114.96  832.9722222222222       120      0.5
Warning: Could not set locale to 'C'.
  3       17     +145.75  850.6060606060606       120      0.5
Warning: Could not set locale to 'C'.
  4       12      +90.10  892.3684210526316       120      0.5
Warning: Could not set locale to 'C'.
  5       12      +93.86  839.921052631579       120      0.5

mean over 6 episodes:
  completed passenger journeys: 13.00 ± 2.00
  reward:    +102.64 ± 22.09
  mean_wait: 862.0s
summary: /Users/hongweilin/Documents/workspace/documents/Personal/DMU/Final Dissertation/dissertation-v12-full-rerun/runs/dissertation_v12_sumo120/evaluations/H5_gat_degraded/seed_43/eval_seed_44.json
$ '/Users/hongweilin/Documents/workspace/documents/Personal/DMU/Final Dissertation/dissertation-v12-full-rerun/.venv/bin/python' scripts/eval_policy.py '/Users/hongweilin/Documents/workspace/documents/Personal/DMU/Final Dissertation/dissertation-v12-full-rerun/runs/dissertation_v12_sumo120/training/H5_gat_degraded/seed_43/ckpt_selected.pt' --episodes 6 --seed 45 --demand-split test --output '/Users/hongweilin/Documents/workspace/documents/Personal/DMU/Final Dissertation/dissertation-v12-full-rerun/runs/dissertation_v12_sumo120/evaluations/H5_gat_degraded/seed_43/eval_seed_45.json' --stochastic
checkpoint: ckpt_selected.pt  (epoch 10, 113,731 params)
env:        central_park  |  degradation: off  |  device: cpu
policy:     stochastic

 ep  pickups      reward  mean_wait_s  rl_steps   wall_s
------------------------------------------------------------
demand:     3 'test' variants, rotated per episode
 Retrying in 1 seconds
Warning: Could not set locale to 'C'.
  0       12      +93.76  827.6578947368421       120      1.6
Warning: Could not set locale to 'C'.
  1        9      +57.68  912.5365853658536       120      0.5
Warning: Could not set locale to 'C'.
  2       16     +136.62        833.5       120      0.5
Warning: Could not set locale to 'C'.
  3       14     +114.64  825.9444444444445       120      0.5
Warning: Could not set locale to 'C'.
  4        8      +46.54  919.452380952381       120      0.5
Warning: Could not set locale to 'C'.
  5       12      +93.62  848.7105263157895       120      0.5

mean over 6 episodes:
  completed passenger journeys: 11.83 ± 2.73
  reward:    +90.48 ± 30.93
  mean_wait: 861.3s
summary: /Users/hongweilin/Documents/workspace/documents/Personal/DMU/Final Dissertation/dissertation-v12-full-rerun/runs/dissertation_v12_sumo120/evaluations/H5_gat_degraded/seed_43/eval_seed_45.json
$ '/Users/hongweilin/Documents/workspace/documents/Personal/DMU/Final Dissertation/dissertation-v12-full-rerun/.venv/bin/python' scripts/eval_policy.py '/Users/hongweilin/Documents/workspace/documents/Personal/DMU/Final Dissertation/dissertation-v12-full-rerun/runs/dissertation_v12_sumo120/training/H5_gat_degraded/seed_43/ckpt_selected.pt' --episodes 6 --seed 46 --demand-split test --output '/Users/hongweilin/Documents/workspace/documents/Personal/DMU/Final Dissertation/dissertation-v12-full-rerun/runs/dissertation_v12_sumo120/evaluations/H5_gat_degraded/seed_43/eval_seed_46.json' --stochastic
checkpoint: ckpt_selected.pt  (epoch 10, 113,731 params)
env:        central_park  |  degradation: off  |  device: cpu
policy:     stochastic

 ep  pickups      reward  mean_wait_s  rl_steps   wall_s
------------------------------------------------------------
demand:     3 'test' variants, rotated per episode
 Retrying in 1 seconds
Warning: Could not set locale to 'C'.
  0        8      +50.86  845.7142857142857       120      1.6
Warning: Could not set locale to 'C'.
  1        8      +47.37  908.1190476190476       120      0.5
Warning: Could not set locale to 'C'.
  2       14     +114.89        845.5       120      0.5
Warning: Could not set locale to 'C'.
  3       12      +92.31  843.7105263157895       120      0.5
Warning: Could not set locale to 'C'.
  4       10      +67.23       912.15       120      0.5
Warning: Could not set locale to 'C'.
  5       16     +136.56  831.2058823529412       120      0.6

mean over 6 episodes:
  completed passenger journeys: 11.33 ± 2.98
  reward:    +84.87 ± 32.92
  mean_wait: 864.4s
summary: /Users/hongweilin/Documents/workspace/documents/Personal/DMU/Final Dissertation/dissertation-v12-full-rerun/runs/dissertation_v12_sumo120/evaluations/H5_gat_degraded/seed_43/eval_seed_46.json
$ '/Users/hongweilin/Documents/workspace/documents/Personal/DMU/Final Dissertation/dissertation-v12-full-rerun/.venv/bin/python' scripts/eval_policy.py '/Users/hongweilin/Documents/workspace/documents/Personal/DMU/Final Dissertation/dissertation-v12-full-rerun/runs/dissertation_v12_sumo120/training/H5_gat_degraded/seed_43/ckpt_selected.pt' --episodes 6 --seed 47 --demand-split test --output '/Users/hongweilin/Documents/workspace/documents/Personal/DMU/Final Dissertation/dissertation-v12-full-rerun/runs/dissertation_v12_sumo120/evaluations/H5_gat_degraded/seed_43/eval_seed_47.json' --stochastic
checkpoint: ckpt_selected.pt  (epoch 10, 113,731 params)
env:        central_park  |  degradation: off  |  device: cpu
policy:     stochastic

 ep  pickups      reward  mean_wait_s  rl_steps   wall_s
------------------------------------------------------------
demand:     3 'test' variants, rotated per episode
 Retrying in 1 seconds
Warning: Could not set locale to 'C'.
  0       11      +82.68  842.1538461538462       120      1.6
Warning: Could not set locale to 'C'.
  1       10      +68.13      914.975       120      0.5
Warning: Could not set locale to 'C'.
  2       13     +104.49  838.1891891891892       120      0.5
Warning: Could not set locale to 'C'.
  3       13     +103.30  838.081081081081       120      0.5
Warning: Could not set locale to 'C'.
  4        7      +37.16  903.2093023255813       120      0.5
Warning: Could not set locale to 'C'.
  5       16     +136.23  838.5882352941177       120      0.5

mean over 6 episodes:
  completed passenger journeys: 11.67 ± 2.81
  reward:    +88.66 ± 31.19
  mean_wait: 862.5s
summary: /Users/hongweilin/Documents/workspace/documents/Personal/DMU/Final Dissertation/dissertation-v12-full-rerun/runs/dissertation_v12_sumo120/evaluations/H5_gat_degraded/seed_43/eval_seed_47.json
$ '/Users/hongweilin/Documents/workspace/documents/Personal/DMU/Final Dissertation/dissertation-v12-full-rerun/.venv/bin/python' scripts/eval_policy.py '/Users/hongweilin/Documents/workspace/documents/Personal/DMU/Final Dissertation/dissertation-v12-full-rerun/runs/dissertation_v12_sumo120/training/H5_gat_degraded/seed_43/ckpt_selected.pt' --episodes 6 --seed 48 --demand-split test --output '/Users/hongweilin/Documents/workspace/documents/Personal/DMU/Final Dissertation/dissertation-v12-full-rerun/runs/dissertation_v12_sumo120/evaluations/H5_gat_degraded/seed_43/eval_seed_48.json' --stochastic
checkpoint: ckpt_selected.pt  (epoch 10, 113,731 params)
env:        central_park  |  degradation: off  |  device: cpu
policy:     stochastic

 ep  pickups      reward  mean_wait_s  rl_steps   wall_s
------------------------------------------------------------
demand:     3 'test' variants, rotated per episode
 Retrying in 1 seconds
Warning: Could not set locale to 'C'.
  0       11      +82.77  836.1025641025641       120      1.6
Warning: Could not set locale to 'C'.
  1       10      +68.66      903.725       120      0.5
Warning: Could not set locale to 'C'.
  2       15     +125.00  834.5714285714286       120      0.5
Warning: Could not set locale to 'C'.
  3       12      +93.44  823.8947368421053       120      0.5
Warning: Could not set locale to 'C'.
  4       10      +68.14      903.475       120      0.5
Warning: Could not set locale to 'C'.
  5       16     +135.67  852.2941176470588       120      0.5

mean over 6 episodes:
  completed passenger journeys: 12.33 ± 2.36
  reward:    +95.61 ± 26.20
  mean_wait: 859.0s
summary: /Users/hongweilin/Documents/workspace/documents/Personal/DMU/Final Dissertation/dissertation-v12-full-rerun/runs/dissertation_v12_sumo120/evaluations/H5_gat_degraded/seed_43/eval_seed_48.json
$ '/Users/hongweilin/Documents/workspace/documents/Personal/DMU/Final Dissertation/dissertation-v12-full-rerun/.venv/bin/python' scripts/eval_policy.py '/Users/hongweilin/Documents/workspace/documents/Personal/DMU/Final Dissertation/dissertation-v12-full-rerun/runs/dissertation_v12_sumo120/training/H5_gat_degraded/seed_43/ckpt_selected.pt' --episodes 6 --seed 49 --demand-split test --output '/Users/hongweilin/Documents/workspace/documents/Personal/DMU/Final Dissertation/dissertation-v12-full-rerun/runs/dissertation_v12_sumo120/evaluations/H5_gat_degraded/seed_43/eval_seed_49.json' --stochastic
checkpoint: ckpt_selected.pt  (epoch 10, 113,731 params)
env:        central_park  |  degradation: off  |  device: cpu
policy:     stochastic

 ep  pickups      reward  mean_wait_s  rl_steps   wall_s
------------------------------------------------------------
demand:     3 'test' variants, rotated per episode
 Retrying in 1 seconds
Warning: Could not set locale to 'C'.
  0       13     +103.01  856.1351351351351       120      1.6
Warning: Could not set locale to 'C'.
  1       10      +68.57        902.5       120      0.5
Warning: Could not set locale to 'C'.
  2       15     +126.06  829.1142857142858       120      0.6
Warning: Could not set locale to 'C'.
  3       16     +136.15  824.7941176470588       120      0.5
Warning: Could not set locale to 'C'.
  4       12      +89.39  901.2368421052631       120      0.5
Warning: Could not set locale to 'C'.
  5       16     +135.86        814.5       120      0.5

mean over 6 episodes:
  completed passenger journeys: 13.67 ± 2.21
  reward:    +109.84 ± 25.17
  mean_wait: 854.7s
summary: /Users/hongweilin/Documents/workspace/documents/Personal/DMU/Final Dissertation/dissertation-v12-full-rerun/runs/dissertation_v12_sumo120/evaluations/H5_gat_degraded/seed_43/eval_seed_49.json
$ '/Users/hongweilin/Documents/workspace/documents/Personal/DMU/Final Dissertation/dissertation-v12-full-rerun/.venv/bin/python' scripts/eval_policy.py '/Users/hongweilin/Documents/workspace/documents/Personal/DMU/Final Dissertation/dissertation-v12-full-rerun/runs/dissertation_v12_sumo120/training/H5_gat_degraded/seed_44/ckpt_selected.pt' --episodes 6 --seed 42 --demand-split test --output '/Users/hongweilin/Documents/workspace/documents/Personal/DMU/Final Dissertation/dissertation-v12-full-rerun/runs/dissertation_v12_sumo120/evaluations/H5_gat_degraded/seed_44/eval_seed_42.json' --stochastic
checkpoint: ckpt_selected.pt  (epoch 30, 113,731 params)
env:        central_park  |  degradation: off  |  device: cpu
policy:     stochastic

 ep  pickups      reward  mean_wait_s  rl_steps   wall_s
------------------------------------------------------------
demand:     3 'test' variants, rotated per episode
 Retrying in 1 seconds
Warning: Could not set locale to 'C'.
  0       13     +103.86  832.8108108108108       120      1.6
Warning: Could not set locale to 'C'.
  1        9      +57.84  911.2926829268292       120      0.5
Warning: Could not set locale to 'C'.
  2       14     +114.45        848.0       120      0.5
Warning: Could not set locale to 'C'.
  3       15     +124.16  837.5428571428571       120      0.5
Warning: Could not set locale to 'C'.
  4       12      +89.38  900.3947368421053       120      0.5
Warning: Could not set locale to 'C'.
  5       13     +104.66  830.1081081081081       120      0.5

mean over 6 episodes:
  completed passenger journeys: 12.67 ± 1.89
  reward:    +99.06 ± 21.27
  mean_wait: 860.0s
summary: /Users/hongweilin/Documents/workspace/documents/Personal/DMU/Final Dissertation/dissertation-v12-full-rerun/runs/dissertation_v12_sumo120/evaluations/H5_gat_degraded/seed_44/eval_seed_42.json
$ '/Users/hongweilin/Documents/workspace/documents/Personal/DMU/Final Dissertation/dissertation-v12-full-rerun/.venv/bin/python' scripts/eval_policy.py '/Users/hongweilin/Documents/workspace/documents/Personal/DMU/Final Dissertation/dissertation-v12-full-rerun/runs/dissertation_v12_sumo120/training/H5_gat_degraded/seed_44/ckpt_selected.pt' --episodes 6 --seed 43 --demand-split test --output '/Users/hongweilin/Documents/workspace/documents/Personal/DMU/Final Dissertation/dissertation-v12-full-rerun/runs/dissertation_v12_sumo120/evaluations/H5_gat_degraded/seed_44/eval_seed_43.json' --stochastic
checkpoint: ckpt_selected.pt  (epoch 30, 113,731 params)
env:        central_park  |  degradation: off  |  device: cpu
policy:     stochastic

 ep  pickups      reward  mean_wait_s  rl_steps   wall_s
------------------------------------------------------------
demand:     3 'test' variants, rotated per episode
 Retrying in 1 seconds
Warning: Could not set locale to 'C'.
  0       14     +113.53  859.4444444444445       120      1.6
Warning: Could not set locale to 'C'.
  1       10      +68.65       904.35       120      0.5
Warning: Could not set locale to 'C'.
  2       15     +124.14  836.4571428571429       120      0.6
Warning: Could not set locale to 'C'.
  3       13     +103.53  837.0540540540541       120      0.5
Warning: Could not set locale to 'C'.
  4       10      +68.00       911.75       120      0.5
Warning: Could not set locale to 'C'.
  5       12      +93.31  843.9473684210526       120      0.5

mean over 6 episodes:
  completed passenger journeys: 12.33 ± 1.89
  reward:    +95.19 ± 21.18
  mean_wait: 865.5s
summary: /Users/hongweilin/Documents/workspace/documents/Personal/DMU/Final Dissertation/dissertation-v12-full-rerun/runs/dissertation_v12_sumo120/evaluations/H5_gat_degraded/seed_44/eval_seed_43.json
$ '/Users/hongweilin/Documents/workspace/documents/Personal/DMU/Final Dissertation/dissertation-v12-full-rerun/.venv/bin/python' scripts/eval_policy.py '/Users/hongweilin/Documents/workspace/documents/Personal/DMU/Final Dissertation/dissertation-v12-full-rerun/runs/dissertation_v12_sumo120/training/H5_gat_degraded/seed_44/ckpt_selected.pt' --episodes 6 --seed 44 --demand-split test --output '/Users/hongweilin/Documents/workspace/documents/Personal/DMU/Final Dissertation/dissertation-v12-full-rerun/runs/dissertation_v12_sumo120/evaluations/H5_gat_degraded/seed_44/eval_seed_44.json' --stochastic
checkpoint: ckpt_selected.pt  (epoch 30, 113,731 params)
env:        central_park  |  degradation: off  |  device: cpu
policy:     stochastic

 ep  pickups      reward  mean_wait_s  rl_steps   wall_s
------------------------------------------------------------
demand:     3 'test' variants, rotated per episode
 Retrying in 1 seconds
Warning: Could not set locale to 'C'.
  0       12      +92.38  836.8947368421053       120      1.6
Warning: Could not set locale to 'C'.
  1        8      +47.44  903.9761904761905       120      0.6
Warning: Could not set locale to 'C'.
  2       14     +115.39  825.1111111111111       120      0.6
Warning: Could not set locale to 'C'.
  3       12      +92.81  842.0526315789474       120      0.5
Warning: Could not set locale to 'C'.
  4        8      +47.25  903.9047619047619       120      0.5
Warning: Could not set locale to 'C'.
  5       16     +136.70  814.0882352941177       120      0.5

mean over 6 episodes:
  completed passenger journeys: 11.67 ± 2.92
  reward:    +88.66 ± 32.83
  mean_wait: 854.3s
summary: /Users/hongweilin/Documents/workspace/documents/Personal/DMU/Final Dissertation/dissertation-v12-full-rerun/runs/dissertation_v12_sumo120/evaluations/H5_gat_degraded/seed_44/eval_seed_44.json
$ '/Users/hongweilin/Documents/workspace/documents/Personal/DMU/Final Dissertation/dissertation-v12-full-rerun/.venv/bin/python' scripts/eval_policy.py '/Users/hongweilin/Documents/workspace/documents/Personal/DMU/Final Dissertation/dissertation-v12-full-rerun/runs/dissertation_v12_sumo120/training/H5_gat_degraded/seed_44/ckpt_selected.pt' --episodes 6 --seed 45 --demand-split test --output '/Users/hongweilin/Documents/workspace/documents/Personal/DMU/Final Dissertation/dissertation-v12-full-rerun/runs/dissertation_v12_sumo120/evaluations/H5_gat_degraded/seed_44/eval_seed_45.json' --stochastic
checkpoint: ckpt_selected.pt  (epoch 30, 113,731 params)
env:        central_park  |  degradation: off  |  device: cpu
policy:     stochastic

 ep  pickups      reward  mean_wait_s  rl_steps   wall_s
------------------------------------------------------------
demand:     3 'test' variants, rotated per episode
 Retrying in 1 seconds
Warning: Could not set locale to 'C'.
  0       12      +92.85  841.1578947368421       120      1.6
Warning: Could not set locale to 'C'.
  1       11      +78.51  921.5641025641025       120      0.5
Warning: Could not set locale to 'C'.
  2       19     +167.99  833.7096774193549       120      0.6
Warning: Could not set locale to 'C'.
  3       18     +155.34    828.90625       120      0.5
Warning: Could not set locale to 'C'.
  4       11      +78.71  913.5384615384615       120      0.5
Warning: Could not set locale to 'C'.
  5       16     +136.09  839.6176470588235       120      0.6

mean over 6 episodes:
  completed passenger journeys: 14.50 ± 3.30
  reward:    +118.25 ± 36.42
  mean_wait: 863.1s
summary: /Users/hongweilin/Documents/workspace/documents/Personal/DMU/Final Dissertation/dissertation-v12-full-rerun/runs/dissertation_v12_sumo120/evaluations/H5_gat_degraded/seed_44/eval_seed_45.json
$ '/Users/hongweilin/Documents/workspace/documents/Personal/DMU/Final Dissertation/dissertation-v12-full-rerun/.venv/bin/python' scripts/eval_policy.py '/Users/hongweilin/Documents/workspace/documents/Personal/DMU/Final Dissertation/dissertation-v12-full-rerun/runs/dissertation_v12_sumo120/training/H5_gat_degraded/seed_44/ckpt_selected.pt' --episodes 6 --seed 46 --demand-split test --output '/Users/hongweilin/Documents/workspace/documents/Personal/DMU/Final Dissertation/dissertation-v12-full-rerun/runs/dissertation_v12_sumo120/evaluations/H5_gat_degraded/seed_44/eval_seed_46.json' --stochastic
checkpoint: ckpt_selected.pt  (epoch 30, 113,731 params)
env:        central_park  |  degradation: off  |  device: cpu
policy:     stochastic

 ep  pickups      reward  mean_wait_s  rl_steps   wall_s
------------------------------------------------------------
demand:     3 'test' variants, rotated per episode
 Retrying in 1 seconds
Warning: Could not set locale to 'C'.
  0       10      +71.68      841.825       120      1.6
Warning: Could not set locale to 'C'.
  1       11      +78.72  906.5641025641025       120      0.5
Warning: Could not set locale to 'C'.
  2       16     +135.90  829.8823529411765       120      0.6
Warning: Could not set locale to 'C'.
  3       13     +102.94  863.972972972973       120      0.5
Warning: Could not set locale to 'C'.
  4       10      +68.07        906.3       120      0.5
Warning: Could not set locale to 'C'.
  5       17     +146.85  843.1818181818181       120      0.5

mean over 6 episodes:
  completed passenger journeys: 12.83 ± 2.79
  reward:    +100.69 ± 30.99
  mean_wait: 865.3s
summary: /Users/hongweilin/Documents/workspace/documents/Personal/DMU/Final Dissertation/dissertation-v12-full-rerun/runs/dissertation_v12_sumo120/evaluations/H5_gat_degraded/seed_44/eval_seed_46.json
$ '/Users/hongweilin/Documents/workspace/documents/Personal/DMU/Final Dissertation/dissertation-v12-full-rerun/.venv/bin/python' scripts/eval_policy.py '/Users/hongweilin/Documents/workspace/documents/Personal/DMU/Final Dissertation/dissertation-v12-full-rerun/runs/dissertation_v12_sumo120/training/H5_gat_degraded/seed_44/ckpt_selected.pt' --episodes 6 --seed 47 --demand-split test --output '/Users/hongweilin/Documents/workspace/documents/Personal/DMU/Final Dissertation/dissertation-v12-full-rerun/runs/dissertation_v12_sumo120/evaluations/H5_gat_degraded/seed_44/eval_seed_47.json' --stochastic
checkpoint: ckpt_selected.pt  (epoch 30, 113,731 params)
env:        central_park  |  degradation: off  |  device: cpu
policy:     stochastic

 ep  pickups      reward  mean_wait_s  rl_steps   wall_s
------------------------------------------------------------
demand:     3 'test' variants, rotated per episode
 Retrying in 1 seconds
Warning: Could not set locale to 'C'.
  0       12      +93.24  834.6052631578947       120      1.7
Warning: Could not set locale to 'C'.
  1       13     +100.22  896.2972972972973       120      0.5
Warning: Could not set locale to 'C'.
  2       16     +136.23  835.6764705882352       120      0.5
Warning: Could not set locale to 'C'.
  3        9      +61.03  832.4634146341464       120      0.5
Warning: Could not set locale to 'C'.
  4        8      +47.56        901.0       120      0.5
Warning: Could not set locale to 'C'.
  5       18     +156.80    840.65625       120      0.5

mean over 6 episodes:
  completed passenger journeys: 12.67 ± 3.54
  reward:    +99.18 ± 38.40
  mean_wait: 856.8s
summary: /Users/hongweilin/Documents/workspace/documents/Personal/DMU/Final Dissertation/dissertation-v12-full-rerun/runs/dissertation_v12_sumo120/evaluations/H5_gat_degraded/seed_44/eval_seed_47.json
$ '/Users/hongweilin/Documents/workspace/documents/Personal/DMU/Final Dissertation/dissertation-v12-full-rerun/.venv/bin/python' scripts/eval_policy.py '/Users/hongweilin/Documents/workspace/documents/Personal/DMU/Final Dissertation/dissertation-v12-full-rerun/runs/dissertation_v12_sumo120/training/H5_gat_degraded/seed_44/ckpt_selected.pt' --episodes 6 --seed 48 --demand-split test --output '/Users/hongweilin/Documents/workspace/documents/Personal/DMU/Final Dissertation/dissertation-v12-full-rerun/runs/dissertation_v12_sumo120/evaluations/H5_gat_degraded/seed_44/eval_seed_48.json' --stochastic
checkpoint: ckpt_selected.pt  (epoch 30, 113,731 params)
env:        central_park  |  degradation: off  |  device: cpu
policy:     stochastic

 ep  pickups      reward  mean_wait_s  rl_steps   wall_s
------------------------------------------------------------
demand:     3 'test' variants, rotated per episode
 Retrying in 1 seconds
Warning: Could not set locale to 'C'.
  0       15     +124.63        847.8       120      1.6
Warning: Could not set locale to 'C'.
  1        9      +58.00  901.8536585365854       120      0.5
Warning: Could not set locale to 'C'.
  2       18     +156.65    824.21875       120      0.5
Warning: Could not set locale to 'C'.
  3       15     +125.84        816.0       120      0.5
Warning: Could not set locale to 'C'.
  4       10      +68.20       911.25       120      0.5
Warning: Could not set locale to 'C'.
  5       16     +135.25  836.8571428571429       120      0.6

mean over 6 episodes:
  completed passenger journeys: 13.83 ± 3.24
  reward:    +111.43 ± 35.87
  mean_wait: 856.3s
summary: /Users/hongweilin/Documents/workspace/documents/Personal/DMU/Final Dissertation/dissertation-v12-full-rerun/runs/dissertation_v12_sumo120/evaluations/H5_gat_degraded/seed_44/eval_seed_48.json
$ '/Users/hongweilin/Documents/workspace/documents/Personal/DMU/Final Dissertation/dissertation-v12-full-rerun/.venv/bin/python' scripts/eval_policy.py '/Users/hongweilin/Documents/workspace/documents/Personal/DMU/Final Dissertation/dissertation-v12-full-rerun/runs/dissertation_v12_sumo120/training/H5_gat_degraded/seed_44/ckpt_selected.pt' --episodes 6 --seed 49 --demand-split test --output '/Users/hongweilin/Documents/workspace/documents/Personal/DMU/Final Dissertation/dissertation-v12-full-rerun/runs/dissertation_v12_sumo120/evaluations/H5_gat_degraded/seed_44/eval_seed_49.json' --stochastic
checkpoint: ckpt_selected.pt  (epoch 30, 113,731 params)
env:        central_park  |  degradation: off  |  device: cpu
policy:     stochastic

 ep  pickups      reward  mean_wait_s  rl_steps   wall_s
------------------------------------------------------------
demand:     3 'test' variants, rotated per episode
 Retrying in 1 seconds
Warning: Could not set locale to 'C'.
  0       14     +114.43  837.0277777777778       120      1.6
Warning: Could not set locale to 'C'.
  1        8      +47.26  911.6904761904761       120      0.5
Warning: Could not set locale to 'C'.
  2       17     +146.63  843.6666666666666       120      0.6
Warning: Could not set locale to 'C'.
  3       12      +93.81  836.3947368421053       120      0.5
Warning: Could not set locale to 'C'.
  4       10      +67.87        911.2       120      0.5
Warning: Could not set locale to 'C'.
  5       11      +83.77  831.9230769230769       120      0.5

mean over 6 episodes:
  completed passenger journeys: 12.00 ± 2.89
  reward:    +92.30 ± 31.99
  mean_wait: 862.0s
summary: /Users/hongweilin/Documents/workspace/documents/Personal/DMU/Final Dissertation/dissertation-v12-full-rerun/runs/dissertation_v12_sumo120/evaluations/H5_gat_degraded/seed_44/eval_seed_49.json
$ '/Users/hongweilin/Documents/workspace/documents/Personal/DMU/Final Dissertation/dissertation-v12-full-rerun/.venv/bin/python' scripts/eval_policy.py '/Users/hongweilin/Documents/workspace/documents/Personal/DMU/Final Dissertation/dissertation-v12-full-rerun/runs/dissertation_v12_sumo120/training/H5_gat_degraded/seed_45/ckpt_selected.pt' --episodes 6 --seed 42 --demand-split test --output '/Users/hongweilin/Documents/workspace/documents/Personal/DMU/Final Dissertation/dissertation-v12-full-rerun/runs/dissertation_v12_sumo120/evaluations/H5_gat_degraded/seed_45/eval_seed_42.json' --stochastic
checkpoint: ckpt_selected.pt  (epoch 20, 113,731 params)
env:        central_park  |  degradation: off  |  device: cpu
policy:     stochastic

 ep  pickups      reward  mean_wait_s  rl_steps   wall_s
------------------------------------------------------------
demand:     3 'test' variants, rotated per episode
 Retrying in 1 seconds
Warning: Could not set locale to 'C'.
  0       10      +72.69      831.075       120      1.7
Warning: Could not set locale to 'C'.
  1        9      +57.84  911.2926829268292       120      0.5
Warning: Could not set locale to 'C'.
  2       15     +125.07  848.0285714285715       120      0.5
Warning: Could not set locale to 'C'.
  3       13     +103.75  833.1081081081081       120      0.5
Warning: Could not set locale to 'C'.
  4       12      +89.38  900.3947368421053       120      0.5
Warning: Could not set locale to 'C'.
  5       14     +115.16  831.5277777777778       120      0.5

mean over 6 episodes:
  completed passenger journeys: 12.17 ± 2.11
  reward:    +93.98 ± 23.42
  mean_wait: 859.2s
summary: /Users/hongweilin/Documents/workspace/documents/Personal/DMU/Final Dissertation/dissertation-v12-full-rerun/runs/dissertation_v12_sumo120/evaluations/H5_gat_degraded/seed_45/eval_seed_42.json
$ '/Users/hongweilin/Documents/workspace/documents/Personal/DMU/Final Dissertation/dissertation-v12-full-rerun/.venv/bin/python' scripts/eval_policy.py '/Users/hongweilin/Documents/workspace/documents/Personal/DMU/Final Dissertation/dissertation-v12-full-rerun/runs/dissertation_v12_sumo120/training/H5_gat_degraded/seed_45/ckpt_selected.pt' --episodes 6 --seed 43 --demand-split test --output '/Users/hongweilin/Documents/workspace/documents/Personal/DMU/Final Dissertation/dissertation-v12-full-rerun/runs/dissertation_v12_sumo120/evaluations/H5_gat_degraded/seed_45/eval_seed_43.json' --stochastic
checkpoint: ckpt_selected.pt  (epoch 20, 113,731 params)
env:        central_park  |  degradation: off  |  device: cpu
policy:     stochastic

 ep  pickups      reward  mean_wait_s  rl_steps   wall_s
------------------------------------------------------------
demand:     3 'test' variants, rotated per episode
 Retrying in 1 seconds
Warning: Could not set locale to 'C'.
  0       15     +124.66  836.2285714285714       120      1.6
Warning: Could not set locale to 'C'.
  1       12      +89.17  903.4473684210526       120      0.5
Warning: Could not set locale to 'C'.
  2       13     +103.59  844.7297297297297       120      0.5
Warning: Could not set locale to 'C'.
  3       13     +103.99  822.7567567567568       120      0.5
Warning: Could not set locale to 'C'.
  4       10      +68.01        910.0       120      0.5
Warning: Could not set locale to 'C'.
  5       13     +104.39  839.972972972973       120      0.6

mean over 6 episodes:
  completed passenger journeys: 12.67 ± 1.49
  reward:    +98.97 ± 17.27
  mean_wait: 859.5s
summary: /Users/hongweilin/Documents/workspace/documents/Personal/DMU/Final Dissertation/dissertation-v12-full-rerun/runs/dissertation_v12_sumo120/evaluations/H5_gat_degraded/seed_45/eval_seed_43.json
$ '/Users/hongweilin/Documents/workspace/documents/Personal/DMU/Final Dissertation/dissertation-v12-full-rerun/.venv/bin/python' scripts/eval_policy.py '/Users/hongweilin/Documents/workspace/documents/Personal/DMU/Final Dissertation/dissertation-v12-full-rerun/runs/dissertation_v12_sumo120/training/H5_gat_degraded/seed_45/ckpt_selected.pt' --episodes 6 --seed 44 --demand-split test --output '/Users/hongweilin/Documents/workspace/documents/Personal/DMU/Final Dissertation/dissertation-v12-full-rerun/runs/dissertation_v12_sumo120/evaluations/H5_gat_degraded/seed_45/eval_seed_44.json' --stochastic
checkpoint: ckpt_selected.pt  (epoch 20, 113,731 params)
env:        central_park  |  degradation: off  |  device: cpu
policy:     stochastic

 ep  pickups      reward  mean_wait_s  rl_steps   wall_s
------------------------------------------------------------
demand:     3 'test' variants, rotated per episode
 Retrying in 1 seconds
Warning: Could not set locale to 'C'.
  0       12      +91.97  851.8947368421053       120      1.6
Warning: Could not set locale to 'C'.
  1        9      +57.83  908.4878048780488       120      0.5
Warning: Could not set locale to 'C'.
  2       17     +146.68  838.7878787878788       120      0.6
Warning: Could not set locale to 'C'.
  3       17     +145.75  850.6060606060606       120      0.5
Warning: Could not set locale to 'C'.
  4       10      +68.65      901.725       120      0.5
Warning: Could not set locale to 'C'.
  5       18     +157.65    829.28125       120      0.5

mean over 6 episodes:
  completed passenger journeys: 13.83 ± 3.62
  reward:    +111.42 ± 40.08
  mean_wait: 863.5s
summary: /Users/hongweilin/Documents/workspace/documents/Personal/DMU/Final Dissertation/dissertation-v12-full-rerun/runs/dissertation_v12_sumo120/evaluations/H5_gat_degraded/seed_45/eval_seed_44.json
$ '/Users/hongweilin/Documents/workspace/documents/Personal/DMU/Final Dissertation/dissertation-v12-full-rerun/.venv/bin/python' scripts/eval_policy.py '/Users/hongweilin/Documents/workspace/documents/Personal/DMU/Final Dissertation/dissertation-v12-full-rerun/runs/dissertation_v12_sumo120/training/H5_gat_degraded/seed_45/ckpt_selected.pt' --episodes 6 --seed 45 --demand-split test --output '/Users/hongweilin/Documents/workspace/documents/Personal/DMU/Final Dissertation/dissertation-v12-full-rerun/runs/dissertation_v12_sumo120/evaluations/H5_gat_degraded/seed_45/eval_seed_45.json' --stochastic
checkpoint: ckpt_selected.pt  (epoch 20, 113,731 params)
env:        central_park  |  degradation: off  |  device: cpu
policy:     stochastic

 ep  pickups      reward  mean_wait_s  rl_steps   wall_s
------------------------------------------------------------
demand:     3 'test' variants, rotated per episode
 Retrying in 1 seconds
Warning: Could not set locale to 'C'.
  0       12      +92.94  855.6842105263158       120      1.7
Warning: Could not set locale to 'C'.
  1       10      +68.05      911.775       120      0.5
Warning: Could not set locale to 'C'.
  2       18     +157.95    813.21875       120      0.5
Warning: Could not set locale to 'C'.
  3       14     +114.11  846.2777777777778       120      0.5
Warning: Could not set locale to 'C'.
  4        9      +57.77  902.560975609756       120      0.5
Warning: Could not set locale to 'C'.
  5       17     +146.45  841.9090909090909       120      0.5

mean over 6 episodes:
  completed passenger journeys: 13.33 ± 3.35
  reward:    +106.21 ± 37.28
  mean_wait: 861.9s
summary: /Users/hongweilin/Documents/workspace/documents/Personal/DMU/Final Dissertation/dissertation-v12-full-rerun/runs/dissertation_v12_sumo120/evaluations/H5_gat_degraded/seed_45/eval_seed_45.json
$ '/Users/hongweilin/Documents/workspace/documents/Personal/DMU/Final Dissertation/dissertation-v12-full-rerun/.venv/bin/python' scripts/eval_policy.py '/Users/hongweilin/Documents/workspace/documents/Personal/DMU/Final Dissertation/dissertation-v12-full-rerun/runs/dissertation_v12_sumo120/training/H5_gat_degraded/seed_45/ckpt_selected.pt' --episodes 6 --seed 46 --demand-split test --output '/Users/hongweilin/Documents/workspace/documents/Personal/DMU/Final Dissertation/dissertation-v12-full-rerun/runs/dissertation_v12_sumo120/evaluations/H5_gat_degraded/seed_45/eval_seed_46.json' --stochastic
checkpoint: ckpt_selected.pt  (epoch 20, 113,731 params)
env:        central_park  |  degradation: off  |  device: cpu
policy:     stochastic

 ep  pickups      reward  mean_wait_s  rl_steps   wall_s
------------------------------------------------------------
demand:     3 'test' variants, rotated per episode
 Retrying in 1 seconds
Warning: Could not set locale to 'C'.
  0       10      +71.04      844.225       120      1.6
Warning: Could not set locale to 'C'.
  1        8      +47.37  908.1190476190476       120      0.5
Warning: Could not set locale to 'C'.
  2       13     +104.91  828.3243243243244       120      0.5
Warning: Could not set locale to 'C'.
  3       13     +102.94  863.972972972973       120      0.5
Warning: Could not set locale to 'C'.
  4        8      +47.42  908.1190476190476       120      0.5
Warning: Could not set locale to 'C'.
  5       17     +146.85  843.1818181818181       120      0.6

mean over 6 episodes:
  completed passenger journeys: 11.50 ± 3.20
  reward:    +86.76 ± 35.47
  mean_wait: 866.0s
summary: /Users/hongweilin/Documents/workspace/documents/Personal/DMU/Final Dissertation/dissertation-v12-full-rerun/runs/dissertation_v12_sumo120/evaluations/H5_gat_degraded/seed_45/eval_seed_46.json
$ '/Users/hongweilin/Documents/workspace/documents/Personal/DMU/Final Dissertation/dissertation-v12-full-rerun/.venv/bin/python' scripts/eval_policy.py '/Users/hongweilin/Documents/workspace/documents/Personal/DMU/Final Dissertation/dissertation-v12-full-rerun/runs/dissertation_v12_sumo120/training/H5_gat_degraded/seed_45/ckpt_selected.pt' --episodes 6 --seed 47 --demand-split test --output '/Users/hongweilin/Documents/workspace/documents/Personal/DMU/Final Dissertation/dissertation-v12-full-rerun/runs/dissertation_v12_sumo120/evaluations/H5_gat_degraded/seed_45/eval_seed_47.json' --stochastic
checkpoint: ckpt_selected.pt  (epoch 20, 113,731 params)
env:        central_park  |  degradation: off  |  device: cpu
policy:     stochastic

 ep  pickups      reward  mean_wait_s  rl_steps   wall_s
------------------------------------------------------------
demand:     3 'test' variants, rotated per episode
 Retrying in 1 seconds
Warning: Could not set locale to 'C'.
  0       12      +93.24  834.6052631578947       120      1.6
Warning: Could not set locale to 'C'.
  1        8      +47.31  907.1666666666666       120      0.5
Warning: Could not set locale to 'C'.
  2       13     +104.90  825.5405405405405       120      0.5
Warning: Could not set locale to 'C'.
  3       13     +104.14  824.5405405405405       120      0.5
Warning: Could not set locale to 'C'.
  4       10      +68.28      913.025       120      0.5
Warning: Could not set locale to 'C'.
  5       14     +115.34  831.3333333333334       120      0.5

mean over 6 episodes:
  completed passenger journeys: 11.67 ± 2.05
  reward:    +88.87 ± 23.67
  mean_wait: 856.0s
summary: /Users/hongweilin/Documents/workspace/documents/Personal/DMU/Final Dissertation/dissertation-v12-full-rerun/runs/dissertation_v12_sumo120/evaluations/H5_gat_degraded/seed_45/eval_seed_47.json
$ '/Users/hongweilin/Documents/workspace/documents/Personal/DMU/Final Dissertation/dissertation-v12-full-rerun/.venv/bin/python' scripts/eval_policy.py '/Users/hongweilin/Documents/workspace/documents/Personal/DMU/Final Dissertation/dissertation-v12-full-rerun/runs/dissertation_v12_sumo120/training/H5_gat_degraded/seed_45/ckpt_selected.pt' --episodes 6 --seed 48 --demand-split test --output '/Users/hongweilin/Documents/workspace/documents/Personal/DMU/Final Dissertation/dissertation-v12-full-rerun/runs/dissertation_v12_sumo120/evaluations/H5_gat_degraded/seed_45/eval_seed_48.json' --stochastic
checkpoint: ckpt_selected.pt  (epoch 20, 113,731 params)
env:        central_park  |  degradation: off  |  device: cpu
policy:     stochastic

 ep  pickups      reward  mean_wait_s  rl_steps   wall_s
------------------------------------------------------------
demand:     3 'test' variants, rotated per episode
 Retrying in 1 seconds
Warning: Could not set locale to 'C'.
  0       13     +103.62  839.2972972972973       120      1.6
Warning: Could not set locale to 'C'.
  1        9      +58.00  901.8536585365854       120      0.5
Warning: Could not set locale to 'C'.
  2       17     +145.74  856.2121212121212       120      0.5
Warning: Could not set locale to 'C'.
  3       17     +146.40  816.7575757575758       120      0.5
Warning: Could not set locale to 'C'.
  4       13     +100.66  898.1351351351351       120      0.5
Warning: Could not set locale to 'C'.
  5       18     +157.12    834.21875       120      0.5

mean over 6 episodes:
  completed passenger journeys: 14.50 ± 3.15
  reward:    +118.59 ± 34.67
  mean_wait: 857.7s
summary: /Users/hongweilin/Documents/workspace/documents/Personal/DMU/Final Dissertation/dissertation-v12-full-rerun/runs/dissertation_v12_sumo120/evaluations/H5_gat_degraded/seed_45/eval_seed_48.json
$ '/Users/hongweilin/Documents/workspace/documents/Personal/DMU/Final Dissertation/dissertation-v12-full-rerun/.venv/bin/python' scripts/eval_policy.py '/Users/hongweilin/Documents/workspace/documents/Personal/DMU/Final Dissertation/dissertation-v12-full-rerun/runs/dissertation_v12_sumo120/training/H5_gat_degraded/seed_45/ckpt_selected.pt' --episodes 6 --seed 49 --demand-split test --output '/Users/hongweilin/Documents/workspace/documents/Personal/DMU/Final Dissertation/dissertation-v12-full-rerun/runs/dissertation_v12_sumo120/evaluations/H5_gat_degraded/seed_45/eval_seed_49.json' --stochastic
checkpoint: ckpt_selected.pt  (epoch 20, 113,731 params)
env:        central_park  |  degradation: off  |  device: cpu
policy:     stochastic

 ep  pickups      reward  mean_wait_s  rl_steps   wall_s
------------------------------------------------------------
demand:     3 'test' variants, rotated per episode
 Retrying in 1 seconds
Warning: Could not set locale to 'C'.
  0       13     +103.01  856.1351351351351       120      1.6
Warning: Could not set locale to 'C'.
  1        8      +47.47  906.7857142857143       120      0.5
Warning: Could not set locale to 'C'.
  2       17     +147.34  825.8181818181819       120      0.6
Warning: Could not set locale to 'C'.
  3       12      +93.81  836.3947368421053       120      0.5
Warning: Could not set locale to 'C'.
  4       11      +79.48  893.8974358974359       120      0.5
Warning: Could not set locale to 'C'.
  5       16     +136.01  834.8823529411765       120      0.5

mean over 6 episodes:
  completed passenger journeys: 12.83 ± 3.02
  reward:    +101.19 ± 33.56
  mean_wait: 859.0s
summary: /Users/hongweilin/Documents/workspace/documents/Personal/DMU/Final Dissertation/dissertation-v12-full-rerun/runs/dissertation_v12_sumo120/evaluations/H5_gat_degraded/seed_45/eval_seed_49.json
$ '/Users/hongweilin/Documents/workspace/documents/Personal/DMU/Final Dissertation/dissertation-v12-full-rerun/.venv/bin/python' scripts/eval_policy.py '/Users/hongweilin/Documents/workspace/documents/Personal/DMU/Final Dissertation/dissertation-v12-full-rerun/runs/dissertation_v12_sumo120/training/H5_gat_degraded/seed_46/ckpt_selected.pt' --episodes 6 --seed 42 --demand-split test --output '/Users/hongweilin/Documents/workspace/documents/Personal/DMU/Final Dissertation/dissertation-v12-full-rerun/runs/dissertation_v12_sumo120/evaluations/H5_gat_degraded/seed_46/eval_seed_42.json' --stochastic
checkpoint: ckpt_selected.pt  (epoch 31, 113,731 params)
env:        central_park  |  degradation: off  |  device: cpu
policy:     stochastic

 ep  pickups      reward  mean_wait_s  rl_steps   wall_s
------------------------------------------------------------
demand:     3 'test' variants, rotated per episode
 Retrying in 1 seconds
Warning: Could not set locale to 'C'.
  0       11      +82.60  848.6923076923077       120      1.6
Warning: Could not set locale to 'C'.
  1        9      +58.01  904.4146341463414       120      0.5
Warning: Could not set locale to 'C'.
  2       16     +134.93  845.4117647058823       120      0.5
Warning: Could not set locale to 'C'.
  3       14     +114.24  835.5833333333334       120      0.5
Warning: Could not set locale to 'C'.
  4       12      +89.38  900.3947368421053       120      0.5
Warning: Could not set locale to 'C'.
  5       14     +115.16  831.5277777777778       120      0.5

mean over 6 episodes:
  completed passenger journeys: 12.67 ± 2.29
  reward:    +99.05 ± 25.25
  mean_wait: 861.0s
summary: /Users/hongweilin/Documents/workspace/documents/Personal/DMU/Final Dissertation/dissertation-v12-full-rerun/runs/dissertation_v12_sumo120/evaluations/H5_gat_degraded/seed_46/eval_seed_42.json
$ '/Users/hongweilin/Documents/workspace/documents/Personal/DMU/Final Dissertation/dissertation-v12-full-rerun/.venv/bin/python' scripts/eval_policy.py '/Users/hongweilin/Documents/workspace/documents/Personal/DMU/Final Dissertation/dissertation-v12-full-rerun/runs/dissertation_v12_sumo120/training/H5_gat_degraded/seed_46/ckpt_selected.pt' --episodes 6 --seed 43 --demand-split test --output '/Users/hongweilin/Documents/workspace/documents/Personal/DMU/Final Dissertation/dissertation-v12-full-rerun/runs/dissertation_v12_sumo120/evaluations/H5_gat_degraded/seed_46/eval_seed_43.json' --stochastic
checkpoint: ckpt_selected.pt  (epoch 31, 113,731 params)
env:        central_park  |  degradation: off  |  device: cpu
policy:     stochastic

 ep  pickups      reward  mean_wait_s  rl_steps   wall_s
------------------------------------------------------------
demand:     3 'test' variants, rotated per episode
 Retrying in 1 seconds
Warning: Could not set locale to 'C'.
  0       15     +124.66  836.2285714285714       120      1.6
Warning: Could not set locale to 'C'.
  1       12      +89.17  903.4473684210526       120      0.5
Warning: Could not set locale to 'C'.
  2       14     +114.55  833.2222222222222       120      0.6
Warning: Could not set locale to 'C'.
  3       13     +103.99  822.7567567567568       120      0.5
Warning: Could not set locale to 'C'.
  4        9      +57.48  913.4634146341464       120      0.5
Warning: Could not set locale to 'C'.
  5       13     +104.39  839.972972972973       120      0.5

mean over 6 episodes:
  completed passenger journeys: 12.67 ± 1.89
  reward:    +99.04 ± 21.50
  mean_wait: 858.2s
summary: /Users/hongweilin/Documents/workspace/documents/Personal/DMU/Final Dissertation/dissertation-v12-full-rerun/runs/dissertation_v12_sumo120/evaluations/H5_gat_degraded/seed_46/eval_seed_43.json
$ '/Users/hongweilin/Documents/workspace/documents/Personal/DMU/Final Dissertation/dissertation-v12-full-rerun/.venv/bin/python' scripts/eval_policy.py '/Users/hongweilin/Documents/workspace/documents/Personal/DMU/Final Dissertation/dissertation-v12-full-rerun/runs/dissertation_v12_sumo120/training/H5_gat_degraded/seed_46/ckpt_selected.pt' --episodes 6 --seed 44 --demand-split test --output '/Users/hongweilin/Documents/workspace/documents/Personal/DMU/Final Dissertation/dissertation-v12-full-rerun/runs/dissertation_v12_sumo120/evaluations/H5_gat_degraded/seed_46/eval_seed_44.json' --stochastic
checkpoint: ckpt_selected.pt  (epoch 31, 113,731 params)
env:        central_park  |  degradation: off  |  device: cpu
policy:     stochastic

 ep  pickups      reward  mean_wait_s  rl_steps   wall_s
------------------------------------------------------------
demand:     3 'test' variants, rotated per episode
 Retrying in 1 seconds
Warning: Could not set locale to 'C'.
  0       12      +91.97  851.8947368421053       120      1.6
Warning: Could not set locale to 'C'.
  1       10      +68.26      915.125       120      0.5
Warning: Could not set locale to 'C'.
  2       16     +136.23  837.7352941176471       120      0.6
Warning: Could not set locale to 'C'.
  3       17     +145.75  850.6060606060606       120      0.5
Warning: Could not set locale to 'C'.
  4       10      +68.65      901.725       120      0.5
Warning: Could not set locale to 'C'.
  5       18     +157.65    829.28125       120      0.5

mean over 6 episodes:
  completed passenger journeys: 13.83 ± 3.29
  reward:    +111.42 ± 36.52
  mean_wait: 864.4s
summary: /Users/hongweilin/Documents/workspace/documents/Personal/DMU/Final Dissertation/dissertation-v12-full-rerun/runs/dissertation_v12_sumo120/evaluations/H5_gat_degraded/seed_46/eval_seed_44.json
$ '/Users/hongweilin/Documents/workspace/documents/Personal/DMU/Final Dissertation/dissertation-v12-full-rerun/.venv/bin/python' scripts/eval_policy.py '/Users/hongweilin/Documents/workspace/documents/Personal/DMU/Final Dissertation/dissertation-v12-full-rerun/runs/dissertation_v12_sumo120/training/H5_gat_degraded/seed_46/ckpt_selected.pt' --episodes 6 --seed 45 --demand-split test --output '/Users/hongweilin/Documents/workspace/documents/Personal/DMU/Final Dissertation/dissertation-v12-full-rerun/runs/dissertation_v12_sumo120/evaluations/H5_gat_degraded/seed_46/eval_seed_45.json' --stochastic
checkpoint: ckpt_selected.pt  (epoch 31, 113,731 params)
env:        central_park  |  degradation: off  |  device: cpu
policy:     stochastic

 ep  pickups      reward  mean_wait_s  rl_steps   wall_s
------------------------------------------------------------
demand:     3 'test' variants, rotated per episode
 Retrying in 1 seconds
Warning: Could not set locale to 'C'.
  0       12      +92.93  855.6842105263158       120      1.6
Warning: Could not set locale to 'C'.
  1       10      +68.05      911.775       120      0.5
Warning: Could not set locale to 'C'.
  2       20     +178.83  806.8333333333334       120      0.5
Warning: Could not set locale to 'C'.
  3       14     +114.11  846.2777777777778       120      0.5
Warning: Could not set locale to 'C'.
  4        9      +57.77  902.560975609756       120      0.5
Warning: Could not set locale to 'C'.
  5       14     +114.72  851.5555555555555       120      0.5

mean over 6 episodes:
  completed passenger journeys: 13.17 ± 3.58
  reward:    +104.40 ± 39.51
  mean_wait: 862.4s
summary: /Users/hongweilin/Documents/workspace/documents/Personal/DMU/Final Dissertation/dissertation-v12-full-rerun/runs/dissertation_v12_sumo120/evaluations/H5_gat_degraded/seed_46/eval_seed_45.json
$ '/Users/hongweilin/Documents/workspace/documents/Personal/DMU/Final Dissertation/dissertation-v12-full-rerun/.venv/bin/python' scripts/eval_policy.py '/Users/hongweilin/Documents/workspace/documents/Personal/DMU/Final Dissertation/dissertation-v12-full-rerun/runs/dissertation_v12_sumo120/training/H5_gat_degraded/seed_46/ckpt_selected.pt' --episodes 6 --seed 46 --demand-split test --output '/Users/hongweilin/Documents/workspace/documents/Personal/DMU/Final Dissertation/dissertation-v12-full-rerun/runs/dissertation_v12_sumo120/evaluations/H5_gat_degraded/seed_46/eval_seed_46.json' --stochastic
checkpoint: ckpt_selected.pt  (epoch 31, 113,731 params)
env:        central_park  |  degradation: off  |  device: cpu
policy:     stochastic

 ep  pickups      reward  mean_wait_s  rl_steps   wall_s
------------------------------------------------------------
demand:     3 'test' variants, rotated per episode
 Retrying in 1 seconds
Warning: Could not set locale to 'C'.
  0       10      +71.04      844.225       120      1.6
Warning: Could not set locale to 'C'.
  1        8      +47.37  908.1190476190476       120      0.5
Warning: Could not set locale to 'C'.
  2       14     +114.79  839.1388888888889       120      0.5
Warning: Could not set locale to 'C'.
  3       13     +102.94  863.972972972973       120      0.5
Warning: Could not set locale to 'C'.
  4        8      +47.42  908.1190476190476       120      0.5
Warning: Could not set locale to 'C'.
  5       17     +146.85  843.1818181818181       120      0.6

mean over 6 episodes:
  completed passenger journeys: 11.67 ± 3.30
  reward:    +88.40 ± 36.49
  mean_wait: 867.8s
summary: /Users/hongweilin/Documents/workspace/documents/Personal/DMU/Final Dissertation/dissertation-v12-full-rerun/runs/dissertation_v12_sumo120/evaluations/H5_gat_degraded/seed_46/eval_seed_46.json
$ '/Users/hongweilin/Documents/workspace/documents/Personal/DMU/Final Dissertation/dissertation-v12-full-rerun/.venv/bin/python' scripts/eval_policy.py '/Users/hongweilin/Documents/workspace/documents/Personal/DMU/Final Dissertation/dissertation-v12-full-rerun/runs/dissertation_v12_sumo120/training/H5_gat_degraded/seed_46/ckpt_selected.pt' --episodes 6 --seed 47 --demand-split test --output '/Users/hongweilin/Documents/workspace/documents/Personal/DMU/Final Dissertation/dissertation-v12-full-rerun/runs/dissertation_v12_sumo120/evaluations/H5_gat_degraded/seed_46/eval_seed_47.json' --stochastic
checkpoint: ckpt_selected.pt  (epoch 31, 113,731 params)
env:        central_park  |  degradation: off  |  device: cpu
policy:     stochastic

 ep  pickups      reward  mean_wait_s  rl_steps   wall_s
------------------------------------------------------------
demand:     3 'test' variants, rotated per episode
 Retrying in 1 seconds
Warning: Could not set locale to 'C'.
  0       10      +72.35      834.325       120      1.6
Warning: Could not set locale to 'C'.
  1        8      +47.31  907.1666666666666       120      0.5
Warning: Could not set locale to 'C'.
  2       13     +104.90  825.5405405405405       120      0.5
Warning: Could not set locale to 'C'.
  3       13     +104.14  824.5405405405405       120      0.5
Warning: Could not set locale to 'C'.
  4        9      +57.89  905.9268292682926       120      0.5
Warning: Could not set locale to 'C'.
  5       12      +94.57  826.8684210526316       120      0.6

mean over 6 episodes:
  completed passenger journeys: 10.83 ± 1.95
  reward:    +80.19 ± 22.48
  mean_wait: 854.1s
summary: /Users/hongweilin/Documents/workspace/documents/Personal/DMU/Final Dissertation/dissertation-v12-full-rerun/runs/dissertation_v12_sumo120/evaluations/H5_gat_degraded/seed_46/eval_seed_47.json
$ '/Users/hongweilin/Documents/workspace/documents/Personal/DMU/Final Dissertation/dissertation-v12-full-rerun/.venv/bin/python' scripts/eval_policy.py '/Users/hongweilin/Documents/workspace/documents/Personal/DMU/Final Dissertation/dissertation-v12-full-rerun/runs/dissertation_v12_sumo120/training/H5_gat_degraded/seed_46/ckpt_selected.pt' --episodes 6 --seed 48 --demand-split test --output '/Users/hongweilin/Documents/workspace/documents/Personal/DMU/Final Dissertation/dissertation-v12-full-rerun/runs/dissertation_v12_sumo120/evaluations/H5_gat_degraded/seed_46/eval_seed_48.json' --stochastic
checkpoint: ckpt_selected.pt  (epoch 31, 113,731 params)
env:        central_park  |  degradation: off  |  device: cpu
policy:     stochastic

 ep  pickups      reward  mean_wait_s  rl_steps   wall_s
------------------------------------------------------------
demand:     3 'test' variants, rotated per episode
 Retrying in 1 seconds
Warning: Could not set locale to 'C'.
  0       13     +103.62  839.2972972972973       120      1.6
Warning: Could not set locale to 'C'.
  1        9      +58.00  901.8536585365854       120      0.5
Warning: Could not set locale to 'C'.
  2       17     +145.74  856.2121212121212       120      0.5
Warning: Could not set locale to 'C'.
  3       18     +156.40     818.1875       120      0.5
Warning: Could not set locale to 'C'.
  4       13     +100.66  898.1351351351351       120      0.5
Warning: Could not set locale to 'C'.
  5       18     +157.12    834.21875       120      0.5

mean over 6 episodes:
  completed passenger journeys: 14.67 ± 3.30
  reward:    +120.26 ± 36.18
  mean_wait: 858.0s
summary: /Users/hongweilin/Documents/workspace/documents/Personal/DMU/Final Dissertation/dissertation-v12-full-rerun/runs/dissertation_v12_sumo120/evaluations/H5_gat_degraded/seed_46/eval_seed_48.json
$ '/Users/hongweilin/Documents/workspace/documents/Personal/DMU/Final Dissertation/dissertation-v12-full-rerun/.venv/bin/python' scripts/eval_policy.py '/Users/hongweilin/Documents/workspace/documents/Personal/DMU/Final Dissertation/dissertation-v12-full-rerun/runs/dissertation_v12_sumo120/training/H5_gat_degraded/seed_46/ckpt_selected.pt' --episodes 6 --seed 49 --demand-split test --output '/Users/hongweilin/Documents/workspace/documents/Personal/DMU/Final Dissertation/dissertation-v12-full-rerun/runs/dissertation_v12_sumo120/evaluations/H5_gat_degraded/seed_46/eval_seed_49.json' --stochastic
checkpoint: ckpt_selected.pt  (epoch 31, 113,731 params)
env:        central_park  |  degradation: off  |  device: cpu
policy:     stochastic

 ep  pickups      reward  mean_wait_s  rl_steps   wall_s
------------------------------------------------------------
demand:     3 'test' variants, rotated per episode
 Retrying in 1 seconds
Warning: Could not set locale to 'C'.
  0       12      +92.20  830.5263157894736       120      1.6
Warning: Could not set locale to 'C'.
  1        8      +47.47  906.7857142857143       120      0.5
Warning: Could not set locale to 'C'.
  2       17     +147.34  825.8181818181819       120      0.6
Warning: Could not set locale to 'C'.
  3       12      +93.81  836.3947368421053       120      0.5
Warning: Could not set locale to 'C'.
  4       11      +79.48  893.8974358974359       120      0.5
Warning: Could not set locale to 'C'.
  5       15     +125.39  816.0571428571428       120      0.5

mean over 6 episodes:
  completed passenger journeys: 12.50 ± 2.87
  reward:    +97.62 ± 31.97
  mean_wait: 851.6s
summary: /Users/hongweilin/Documents/workspace/documents/Personal/DMU/Final Dissertation/dissertation-v12-full-rerun/runs/dissertation_v12_sumo120/evaluations/H5_gat_degraded/seed_46/eval_seed_49.json
