$ '/Users/hongweilin/Documents/workspace/documents/Personal/DMU/Final Dissertation/dissertation-v12-full-rerun/.venv/bin/python' scripts/select_checkpoint.py '/Users/hongweilin/Documents/workspace/documents/Personal/DMU/Final Dissertation/dissertation-v12-full-rerun/runs/dissertation_v12_sumo120/training/B1_mlp/seed_42' --episodes 8 --seed 2026 --demand-split val --minimum-mean-pickups 2.0 --resume
$ /Users/hongweilin/Documents/workspace/documents/Personal/DMU/Final Dissertation/dissertation-v12-full-rerun/.venv/bin/python /Users/hongweilin/Documents/workspace/documents/Personal/DMU/Final Dissertation/dissertation-v12-full-rerun/scripts/eval_policy.py /Users/hongweilin/Documents/workspace/documents/Personal/DMU/Final Dissertation/dissertation-v12-full-rerun/runs/dissertation_v12_sumo120/training/B1_mlp/seed_42/ckpt_epoch_0000.pt --episodes 8 --seed 2026 --demand-split val --output /Users/hongweilin/Documents/workspace/documents/Personal/DMU/Final Dissertation/dissertation-v12-full-rerun/runs/dissertation_v12_sumo120/training/B1_mlp/seed_42/validation/ckpt_epoch_0000.json --stochastic
checkpoint: ckpt_epoch_0000.pt  (epoch 0, 106,487 params)
env:        central_park  |  degradation: off  |  device: cpu
policy:     stochastic

 ep  pickups      reward  mean_wait_s  rl_steps   wall_s
------------------------------------------------------------
demand:     3 'val' variants, rotated per episode
 Retrying in 1 seconds
Warning: Could not set locale to 'C'.
  0       16     +133.75  856.2058823529412       120      1.6
Warning: Could not set locale to 'C'.
  1       11      +83.79  834.7692307692307       120      0.5
Warning: Could not set locale to 'C'.
  2       15     +125.19  853.0857142857143       120      0.5
Warning: Could not set locale to 'C'.
  3       12      +92.36        857.5       120      0.5
Warning: Could not set locale to 'C'.
  4        9      +62.63  823.1463414634146       120      0.5
Warning: Could not set locale to 'C'.
  5       12      +92.82  861.3684210526316       120      0.5
Warning: Could not set locale to 'C'.
  6       15     +124.10  847.2571428571429       120      0.5
Warning: Could not set locale to 'C'.
  7       16     +136.79  833.2941176470588       120      0.5

mean over 8 episodes:
  completed passenger journeys: 13.25 ± 2.44
  reward:    +106.43 ± 25.36
  mean_wait: 845.8s
summary: /Users/hongweilin/Documents/workspace/documents/Personal/DMU/Final Dissertation/dissertation-v12-full-rerun/runs/dissertation_v12_sumo120/training/B1_mlp/seed_42/validation/ckpt_epoch_0000.json
$ /Users/hongweilin/Documents/workspace/documents/Personal/DMU/Final Dissertation/dissertation-v12-full-rerun/.venv/bin/python /Users/hongweilin/Documents/workspace/documents/Personal/DMU/Final Dissertation/dissertation-v12-full-rerun/scripts/eval_policy.py /Users/hongweilin/Documents/workspace/documents/Personal/DMU/Final Dissertation/dissertation-v12-full-rerun/runs/dissertation_v12_sumo120/training/B1_mlp/seed_42/ckpt_epoch_0010.pt --episodes 8 --seed 2026 --demand-split val --output /Users/hongweilin/Documents/workspace/documents/Personal/DMU/Final Dissertation/dissertation-v12-full-rerun/runs/dissertation_v12_sumo120/training/B1_mlp/seed_42/validation/ckpt_epoch_0010.json --stochastic
checkpoint: ckpt_epoch_0010.pt  (epoch 10, 106,487 params)
env:        central_park  |  degradation: off  |  device: cpu
policy:     stochastic

 ep  pickups      reward  mean_wait_s  rl_steps   wall_s
------------------------------------------------------------
demand:     3 'val' variants, rotated per episode
 Retrying in 1 seconds
Warning: Could not set locale to 'C'.
  0       13     +102.93  864.3513513513514       120      1.6
Warning: Could not set locale to 'C'.
  1       14     +115.75  822.7222222222222       120      0.5
Warning: Could not set locale to 'C'.
  2       11      +82.96  855.2307692307693       120      0.5
Warning: Could not set locale to 'C'.
  3       15     +123.73  856.5142857142857       120      0.5
Warning: Could not set locale to 'C'.
  4       10      +73.48       822.85       120      0.5
Warning: Could not set locale to 'C'.
  5        9      +61.16  867.0731707317074       120      0.5
Warning: Could not set locale to 'C'.
  6       10      +71.06       870.45       120      0.5
Warning: Could not set locale to 'C'.
  7        9      +63.00  830.3170731707318       120      0.5

mean over 8 episodes:
  completed passenger journeys: 11.38 ± 2.18
  reward:    +86.76 ± 22.71
  mean_wait: 848.7s
summary: /Users/hongweilin/Documents/workspace/documents/Personal/DMU/Final Dissertation/dissertation-v12-full-rerun/runs/dissertation_v12_sumo120/training/B1_mlp/seed_42/validation/ckpt_epoch_0010.json
$ /Users/hongweilin/Documents/workspace/documents/Personal/DMU/Final Dissertation/dissertation-v12-full-rerun/.venv/bin/python /Users/hongweilin/Documents/workspace/documents/Personal/DMU/Final Dissertation/dissertation-v12-full-rerun/scripts/eval_policy.py /Users/hongweilin/Documents/workspace/documents/Personal/DMU/Final Dissertation/dissertation-v12-full-rerun/runs/dissertation_v12_sumo120/training/B1_mlp/seed_42/ckpt_best.pt --episodes 8 --seed 2026 --demand-split val --output /Users/hongweilin/Documents/workspace/documents/Personal/DMU/Final Dissertation/dissertation-v12-full-rerun/runs/dissertation_v12_sumo120/training/B1_mlp/seed_42/validation/ckpt_best.json --stochastic
checkpoint: ckpt_best.pt  (epoch 15, 106,487 params)
env:        central_park  |  degradation: off  |  device: cpu
policy:     stochastic

 ep  pickups      reward  mean_wait_s  rl_steps   wall_s
------------------------------------------------------------
demand:     3 'val' variants, rotated per episode
 Retrying in 1 seconds
Warning: Could not set locale to 'C'.
  0       12      +92.56  857.0263157894736       120      1.6
Warning: Could not set locale to 'C'.
  1       15     +125.00  824.8857142857142       120      0.5
Warning: Could not set locale to 'C'.
  2       12      +93.25  860.078947368421       120      0.5
Warning: Could not set locale to 'C'.
  3       12      +91.52  878.2105263157895       120      0.5
Warning: Could not set locale to 'C'.
  4        8      +51.99  838.952380952381       120      0.5
Warning: Could not set locale to 'C'.
  5       10      +71.69      869.075       120      0.5
Warning: Could not set locale to 'C'.
  6       11      +80.85  864.9230769230769       120      0.5
Warning: Could not set locale to 'C'.
  7       16     +137.17        818.5       120      0.5

mean over 8 episodes:
  completed passenger journeys: 12.00 ± 2.40
  reward:    +93.01 ± 25.65
  mean_wait: 851.5s
summary: /Users/hongweilin/Documents/workspace/documents/Personal/DMU/Final Dissertation/dissertation-v12-full-rerun/runs/dissertation_v12_sumo120/training/B1_mlp/seed_42/validation/ckpt_best.json
$ /Users/hongweilin/Documents/workspace/documents/Personal/DMU/Final Dissertation/dissertation-v12-full-rerun/.venv/bin/python /Users/hongweilin/Documents/workspace/documents/Personal/DMU/Final Dissertation/dissertation-v12-full-rerun/scripts/eval_policy.py /Users/hongweilin/Documents/workspace/documents/Personal/DMU/Final Dissertation/dissertation-v12-full-rerun/runs/dissertation_v12_sumo120/training/B1_mlp/seed_42/ckpt_epoch_0020.pt --episodes 8 --seed 2026 --demand-split val --output /Users/hongweilin/Documents/workspace/documents/Personal/DMU/Final Dissertation/dissertation-v12-full-rerun/runs/dissertation_v12_sumo120/training/B1_mlp/seed_42/validation/ckpt_epoch_0020.json --stochastic
checkpoint: ckpt_epoch_0020.pt  (epoch 20, 106,487 params)
env:        central_park  |  degradation: off  |  device: cpu
policy:     stochastic

 ep  pickups      reward  mean_wait_s  rl_steps   wall_s
------------------------------------------------------------
demand:     3 'val' variants, rotated per episode
 Retrying in 1 seconds
Warning: Could not set locale to 'C'.
  0       11      +81.39  874.5384615384615       120      1.6
Warning: Could not set locale to 'C'.
  1       13     +104.95  829.081081081081       120      0.5
Warning: Could not set locale to 'C'.
  2       12      +92.90  869.9473684210526       120      0.5
Warning: Could not set locale to 'C'.
  3       15     +123.85        859.6       120      0.5
Warning: Could not set locale to 'C'.
  4       14     +115.73  833.2222222222222       120      0.5
Warning: Could not set locale to 'C'.
  5       10      +71.67      875.725       120      0.5
Warning: Could not set locale to 'C'.
  6       11      +81.59  859.7948717948718       120      0.5
Warning: Could not set locale to 'C'.
  7       16     +136.74  807.7647058823529       120      0.5

mean over 8 episodes:
  completed passenger journeys: 12.75 ± 1.98
  reward:    +101.10 ± 21.56
  mean_wait: 851.2s
summary: /Users/hongweilin/Documents/workspace/documents/Personal/DMU/Final Dissertation/dissertation-v12-full-rerun/runs/dissertation_v12_sumo120/training/B1_mlp/seed_42/validation/ckpt_epoch_0020.json
$ /Users/hongweilin/Documents/workspace/documents/Personal/DMU/Final Dissertation/dissertation-v12-full-rerun/.venv/bin/python /Users/hongweilin/Documents/workspace/documents/Personal/DMU/Final Dissertation/dissertation-v12-full-rerun/scripts/eval_policy.py /Users/hongweilin/Documents/workspace/documents/Personal/DMU/Final Dissertation/dissertation-v12-full-rerun/runs/dissertation_v12_sumo120/training/B1_mlp/seed_42/ckpt_epoch_0030.pt --episodes 8 --seed 2026 --demand-split val --output /Users/hongweilin/Documents/workspace/documents/Personal/DMU/Final Dissertation/dissertation-v12-full-rerun/runs/dissertation_v12_sumo120/training/B1_mlp/seed_42/validation/ckpt_epoch_0030.json --stochastic
checkpoint: ckpt_epoch_0030.pt  (epoch 30, 106,487 params)
env:        central_park  |  degradation: off  |  device: cpu
policy:     stochastic

 ep  pickups      reward  mean_wait_s  rl_steps   wall_s
------------------------------------------------------------
demand:     3 'val' variants, rotated per episode
 Retrying in 1 seconds
Warning: Could not set locale to 'C'.
  0       16     +135.31  852.7058823529412       120      1.6
Warning: Could not set locale to 'C'.
  1       11      +84.10  830.8461538461538       120      0.5
Warning: Could not set locale to 'C'.
  2       10      +71.90        868.2       120      0.5
Warning: Could not set locale to 'C'.
  3       11      +81.55  868.5641025641025       120      0.5
Warning: Could not set locale to 'C'.
  4       10      +73.71      821.625       120      0.5
Warning: Could not set locale to 'C'.
  5        8      +51.09  866.8333333333334       120      0.5
Warning: Could not set locale to 'C'.
  6       12      +91.67  869.7631578947369       120      0.5
Warning: Could not set locale to 'C'.
  7       15     +126.94  800.1142857142858       120      0.5

mean over 8 episodes:
  completed passenger journeys: 11.62 ± 2.50
  reward:    +89.53 ± 26.53
  mean_wait: 847.3s
summary: /Users/hongweilin/Documents/workspace/documents/Personal/DMU/Final Dissertation/dissertation-v12-full-rerun/runs/dissertation_v12_sumo120/training/B1_mlp/seed_42/validation/ckpt_epoch_0030.json
$ /Users/hongweilin/Documents/workspace/documents/Personal/DMU/Final Dissertation/dissertation-v12-full-rerun/.venv/bin/python /Users/hongweilin/Documents/workspace/documents/Personal/DMU/Final Dissertation/dissertation-v12-full-rerun/scripts/eval_policy.py /Users/hongweilin/Documents/workspace/documents/Personal/DMU/Final Dissertation/dissertation-v12-full-rerun/runs/dissertation_v12_sumo120/training/B1_mlp/seed_42/ckpt_epoch_0040.pt --episodes 8 --seed 2026 --demand-split val --output /Users/hongweilin/Documents/workspace/documents/Personal/DMU/Final Dissertation/dissertation-v12-full-rerun/runs/dissertation_v12_sumo120/training/B1_mlp/seed_42/validation/ckpt_epoch_0040.json --stochastic
checkpoint: ckpt_epoch_0040.pt  (epoch 40, 106,487 params)
env:        central_park  |  degradation: off  |  device: cpu
policy:     stochastic

 ep  pickups      reward  mean_wait_s  rl_steps   wall_s
------------------------------------------------------------
demand:     3 'val' variants, rotated per episode
 Retrying in 1 seconds
Warning: Could not set locale to 'C'.
  0       13     +103.13  858.918918918919       120      1.7
Warning: Could not set locale to 'C'.
  1       13     +105.19  838.027027027027       120      0.5
Warning: Could not set locale to 'C'.
  2        8      +50.93  867.0952380952381       120      0.5
Warning: Could not set locale to 'C'.
  3       12      +92.50  855.6315789473684       120      0.5
Warning: Could not set locale to 'C'.
  4       13     +105.20  808.5675675675676       120      0.5
Warning: Could not set locale to 'C'.
  5       10      +72.08      863.925       120      0.5
Warning: Could not set locale to 'C'.
  6       14     +113.39  868.1944444444445       120      0.5
Warning: Could not set locale to 'C'.
  7       13     +105.19  825.1891891891892       120      0.5

mean over 8 episodes:
  completed passenger journeys: 12.00 ± 1.87
  reward:    +93.45 ± 19.91
  mean_wait: 848.2s
summary: /Users/hongweilin/Documents/workspace/documents/Personal/DMU/Final Dissertation/dissertation-v12-full-rerun/runs/dissertation_v12_sumo120/training/B1_mlp/seed_42/validation/ckpt_epoch_0040.json
$ /Users/hongweilin/Documents/workspace/documents/Personal/DMU/Final Dissertation/dissertation-v12-full-rerun/.venv/bin/python /Users/hongweilin/Documents/workspace/documents/Personal/DMU/Final Dissertation/dissertation-v12-full-rerun/scripts/eval_policy.py /Users/hongweilin/Documents/workspace/documents/Personal/DMU/Final Dissertation/dissertation-v12-full-rerun/runs/dissertation_v12_sumo120/training/B1_mlp/seed_42/ckpt_epoch_0049.pt --episodes 8 --seed 2026 --demand-split val --output /Users/hongweilin/Documents/workspace/documents/Personal/DMU/Final Dissertation/dissertation-v12-full-rerun/runs/dissertation_v12_sumo120/training/B1_mlp/seed_42/validation/ckpt_epoch_0049.json --stochastic
checkpoint: ckpt_epoch_0049.pt  (epoch 49, 106,487 params)
env:        central_park  |  degradation: off  |  device: cpu
policy:     stochastic

 ep  pickups      reward  mean_wait_s  rl_steps   wall_s
------------------------------------------------------------
demand:     3 'val' variants, rotated per episode
 Retrying in 1 seconds
Warning: Could not set locale to 'C'.
  0       13     +103.07  851.6486486486486       120      1.6
Warning: Could not set locale to 'C'.
  1       11      +83.87  832.5128205128206       120      0.5
Warning: Could not set locale to 'C'.
  2        9      +61.40  873.439024390244       120      0.5
Warning: Could not set locale to 'C'.
  3       14     +112.98  851.9722222222222       120      0.5
Warning: Could not set locale to 'C'.
  4       13     +105.33  827.4054054054054       120      0.5
Warning: Could not set locale to 'C'.
  5       11      +82.50  857.1025641025641       120      0.5
Warning: Could not set locale to 'C'.
  6       13     +102.87  873.7297297297297       120      0.5
Warning: Could not set locale to 'C'.
  7       13     +105.05  834.972972972973       120      0.5

mean over 8 episodes:
  completed passenger journeys: 12.12 ± 1.54
  reward:    +94.63 ± 16.07
  mean_wait: 850.3s
summary: /Users/hongweilin/Documents/workspace/documents/Personal/DMU/Final Dissertation/dissertation-v12-full-rerun/runs/dissertation_v12_sumo120/training/B1_mlp/seed_42/validation/ckpt_epoch_0049.json
selected epoch 20 with validation mean 12.75 pickups: /Users/hongweilin/Documents/workspace/documents/Personal/DMU/Final Dissertation/dissertation-v12-full-rerun/runs/dissertation_v12_sumo120/training/B1_mlp/seed_42/ckpt_selected.pt
$ '/Users/hongweilin/Documents/workspace/documents/Personal/DMU/Final Dissertation/dissertation-v12-full-rerun/.venv/bin/python' scripts/check_training_stability.py '/Users/hongweilin/Documents/workspace/documents/Personal/DMU/Final Dissertation/dissertation-v12-full-rerun/runs/dissertation_v12_sumo120/training/B1_mlp/seed_42' --final-window 10 --minimum-final-mean-pickups 5.0 --maximum-consecutive-zero-pickups 4 --minimum-selected-mean-pickups 5.0 --minimum-final-validation-retention 0.8
{
  "ok": true,
  "checks": {
    "final_mean_pickups": true,
    "maximum_consecutive_zero_pickups": true,
    "selected_validation_pickups": true,
    "final_validation_retention": true
  },
  "observed": {
    "epochs": 50,
    "final_window": 10,
    "final_mean_pickups": 12.7,
    "longest_consecutive_zero_pickups": 0,
    "selected_validation_mean_pickups": 12.75,
    "final_validation_mean_pickups": 12.125,
    "final_validation_retention": 0.9509803921568627
  },
  "thresholds": {
    "minimum_final_mean_pickups": 5.0,
    "maximum_consecutive_zero_pickups": 4,
    "minimum_selected_mean_pickups": 5.0,
    "minimum_final_validation_retention": 0.8
  }
}
stability: OK (/Users/hongweilin/Documents/workspace/documents/Personal/DMU/Final Dissertation/dissertation-v12-full-rerun/runs/dissertation_v12_sumo120/training/B1_mlp/seed_42/training_stability.json)
$ '/Users/hongweilin/Documents/workspace/documents/Personal/DMU/Final Dissertation/dissertation-v12-full-rerun/.venv/bin/python' scripts/select_checkpoint.py '/Users/hongweilin/Documents/workspace/documents/Personal/DMU/Final Dissertation/dissertation-v12-full-rerun/runs/dissertation_v12_sumo120/training/B1_mlp/seed_43' --episodes 8 --seed 2026 --demand-split val --minimum-mean-pickups 2.0 --resume
$ /Users/hongweilin/Documents/workspace/documents/Personal/DMU/Final Dissertation/dissertation-v12-full-rerun/.venv/bin/python /Users/hongweilin/Documents/workspace/documents/Personal/DMU/Final Dissertation/dissertation-v12-full-rerun/scripts/eval_policy.py /Users/hongweilin/Documents/workspace/documents/Personal/DMU/Final Dissertation/dissertation-v12-full-rerun/runs/dissertation_v12_sumo120/training/B1_mlp/seed_43/ckpt_epoch_0000.pt --episodes 8 --seed 2026 --demand-split val --output /Users/hongweilin/Documents/workspace/documents/Personal/DMU/Final Dissertation/dissertation-v12-full-rerun/runs/dissertation_v12_sumo120/training/B1_mlp/seed_43/validation/ckpt_epoch_0000.json --stochastic
checkpoint: ckpt_epoch_0000.pt  (epoch 0, 106,487 params)
env:        central_park  |  degradation: off  |  device: cpu
policy:     stochastic

 ep  pickups      reward  mean_wait_s  rl_steps   wall_s
------------------------------------------------------------
demand:     3 'val' variants, rotated per episode
 Retrying in 1 seconds
Warning: Could not set locale to 'C'.
  0       14     +113.09  857.7222222222222       120      1.6
Warning: Could not set locale to 'C'.
  1       13     +105.04  823.7837837837837       120      0.5
Warning: Could not set locale to 'C'.
  2       11      +83.11  856.3846153846154       120      0.5
Warning: Could not set locale to 'C'.
  3       12      +92.02  863.6315789473684       120      0.5
Warning: Could not set locale to 'C'.
  4       10      +73.13      825.975       120      0.5
Warning: Could not set locale to 'C'.
  5       12      +92.83  861.3684210526316       120      0.5
Warning: Could not set locale to 'C'.
  6       14     +113.57       842.25       120      0.5
Warning: Could not set locale to 'C'.
  7       16     +136.84  832.6470588235294       120      0.5

mean over 8 episodes:
  completed passenger journeys: 12.75 ± 1.79
  reward:    +101.20 ± 18.87
  mean_wait: 845.5s
summary: /Users/hongweilin/Documents/workspace/documents/Personal/DMU/Final Dissertation/dissertation-v12-full-rerun/runs/dissertation_v12_sumo120/training/B1_mlp/seed_43/validation/ckpt_epoch_0000.json
$ /Users/hongweilin/Documents/workspace/documents/Personal/DMU/Final Dissertation/dissertation-v12-full-rerun/.venv/bin/python /Users/hongweilin/Documents/workspace/documents/Personal/DMU/Final Dissertation/dissertation-v12-full-rerun/scripts/eval_policy.py /Users/hongweilin/Documents/workspace/documents/Personal/DMU/Final Dissertation/dissertation-v12-full-rerun/runs/dissertation_v12_sumo120/training/B1_mlp/seed_43/ckpt_epoch_0010.pt --episodes 8 --seed 2026 --demand-split val --output /Users/hongweilin/Documents/workspace/documents/Personal/DMU/Final Dissertation/dissertation-v12-full-rerun/runs/dissertation_v12_sumo120/training/B1_mlp/seed_43/validation/ckpt_epoch_0010.json --stochastic
checkpoint: ckpt_epoch_0010.pt  (epoch 10, 106,487 params)
env:        central_park  |  degradation: off  |  device: cpu
policy:     stochastic

 ep  pickups      reward  mean_wait_s  rl_steps   wall_s
------------------------------------------------------------
demand:     3 'val' variants, rotated per episode
 Retrying in 1 seconds
Warning: Could not set locale to 'C'.
  0       16     +134.47  857.5882352941177       120      1.6
Warning: Could not set locale to 'C'.
  1       13     +105.85  821.8648648648649       120      0.5
Warning: Could not set locale to 'C'.
  2       12      +93.14  856.5263157894736       120      0.5
Warning: Could not set locale to 'C'.
  3       13     +102.53  865.0540540540541       120      0.5
Warning: Could not set locale to 'C'.
  4       10      +72.34       837.25       120      0.5
Warning: Could not set locale to 'C'.
  5        9      +61.77  858.3658536585366       120      0.5
Warning: Could not set locale to 'C'.
  6       14     +112.99  855.0555555555555       120      0.5
Warning: Could not set locale to 'C'.
  7       12      +94.50        823.5       120      0.5

mean over 8 episodes:
  completed passenger journeys: 12.38 ± 2.06
  reward:    +97.20 ± 21.33
  mean_wait: 846.9s
summary: /Users/hongweilin/Documents/workspace/documents/Personal/DMU/Final Dissertation/dissertation-v12-full-rerun/runs/dissertation_v12_sumo120/training/B1_mlp/seed_43/validation/ckpt_epoch_0010.json
$ /Users/hongweilin/Documents/workspace/documents/Personal/DMU/Final Dissertation/dissertation-v12-full-rerun/.venv/bin/python /Users/hongweilin/Documents/workspace/documents/Personal/DMU/Final Dissertation/dissertation-v12-full-rerun/scripts/eval_policy.py /Users/hongweilin/Documents/workspace/documents/Personal/DMU/Final Dissertation/dissertation-v12-full-rerun/runs/dissertation_v12_sumo120/training/B1_mlp/seed_43/ckpt_epoch_0020.pt --episodes 8 --seed 2026 --demand-split val --output /Users/hongweilin/Documents/workspace/documents/Personal/DMU/Final Dissertation/dissertation-v12-full-rerun/runs/dissertation_v12_sumo120/training/B1_mlp/seed_43/validation/ckpt_epoch_0020.json --stochastic
checkpoint: ckpt_epoch_0020.pt  (epoch 20, 106,487 params)
env:        central_park  |  degradation: off  |  device: cpu
policy:     stochastic

 ep  pickups      reward  mean_wait_s  rl_steps   wall_s
------------------------------------------------------------
demand:     3 'val' variants, rotated per episode
 Retrying in 1 seconds
Warning: Could not set locale to 'C'.
  0       19     +166.03  851.1612903225806       120      1.6
Warning: Could not set locale to 'C'.
  1       13     +104.90  824.8648648648649       120      0.5
Warning: Could not set locale to 'C'.
  2       13     +103.48  867.2432432432432       120      0.5
Warning: Could not set locale to 'C'.
  3       15     +123.78  854.8857142857142       120      0.5
Warning: Could not set locale to 'C'.
  4       14     +115.93  821.1388888888889       120      0.5
Warning: Could not set locale to 'C'.
  5       12      +92.89  866.578947368421       120      0.5
Warning: Could not set locale to 'C'.
  6       14     +113.70  848.1666666666666       120      0.5
Warning: Could not set locale to 'C'.
  7       13     +105.39  809.4594594594595       120      0.5

mean over 8 episodes:
  completed passenger journeys: 14.12 ± 2.03
  reward:    +115.76 ± 20.90
  mean_wait: 842.9s
summary: /Users/hongweilin/Documents/workspace/documents/Personal/DMU/Final Dissertation/dissertation-v12-full-rerun/runs/dissertation_v12_sumo120/training/B1_mlp/seed_43/validation/ckpt_epoch_0020.json
$ /Users/hongweilin/Documents/workspace/documents/Personal/DMU/Final Dissertation/dissertation-v12-full-rerun/.venv/bin/python /Users/hongweilin/Documents/workspace/documents/Personal/DMU/Final Dissertation/dissertation-v12-full-rerun/scripts/eval_policy.py /Users/hongweilin/Documents/workspace/documents/Personal/DMU/Final Dissertation/dissertation-v12-full-rerun/runs/dissertation_v12_sumo120/training/B1_mlp/seed_43/ckpt_best.pt --episodes 8 --seed 2026 --demand-split val --output /Users/hongweilin/Documents/workspace/documents/Personal/DMU/Final Dissertation/dissertation-v12-full-rerun/runs/dissertation_v12_sumo120/training/B1_mlp/seed_43/validation/ckpt_best.json --stochastic
checkpoint: ckpt_best.pt  (epoch 24, 106,487 params)
env:        central_park  |  degradation: off  |  device: cpu
policy:     stochastic

 ep  pickups      reward  mean_wait_s  rl_steps   wall_s
------------------------------------------------------------
demand:     3 'val' variants, rotated per episode
 Retrying in 1 seconds
Warning: Could not set locale to 'C'.
  0       15     +123.98        846.0       120      1.6
Warning: Could not set locale to 'C'.
  1       10      +72.86      835.275       120      0.5
Warning: Could not set locale to 'C'.
  2       11      +82.27  868.8461538461538       120      0.5
Warning: Could not set locale to 'C'.
  3       16     +134.91  833.8235294117648       120      0.5
Warning: Could not set locale to 'C'.
  4       13     +105.23  828.6216216216217       120      0.5
Warning: Could not set locale to 'C'.
  5        9      +61.49  864.6829268292682       120      0.5
Warning: Could not set locale to 'C'.
  6       11      +81.78  859.8974358974359       120      0.5
Warning: Could not set locale to 'C'.
  7       11      +83.91  820.2820512820513       120      0.5

mean over 8 episodes:
  completed passenger journeys: 12.00 ± 2.29
  reward:    +93.30 ± 23.95
  mean_wait: 844.7s
summary: /Users/hongweilin/Documents/workspace/documents/Personal/DMU/Final Dissertation/dissertation-v12-full-rerun/runs/dissertation_v12_sumo120/training/B1_mlp/seed_43/validation/ckpt_best.json
$ /Users/hongweilin/Documents/workspace/documents/Personal/DMU/Final Dissertation/dissertation-v12-full-rerun/.venv/bin/python /Users/hongweilin/Documents/workspace/documents/Personal/DMU/Final Dissertation/dissertation-v12-full-rerun/scripts/eval_policy.py /Users/hongweilin/Documents/workspace/documents/Personal/DMU/Final Dissertation/dissertation-v12-full-rerun/runs/dissertation_v12_sumo120/training/B1_mlp/seed_43/ckpt_epoch_0030.pt --episodes 8 --seed 2026 --demand-split val --output /Users/hongweilin/Documents/workspace/documents/Personal/DMU/Final Dissertation/dissertation-v12-full-rerun/runs/dissertation_v12_sumo120/training/B1_mlp/seed_43/validation/ckpt_epoch_0030.json --stochastic
checkpoint: ckpt_epoch_0030.pt  (epoch 30, 106,487 params)
env:        central_park  |  degradation: off  |  device: cpu
policy:     stochastic

 ep  pickups      reward  mean_wait_s  rl_steps   wall_s
------------------------------------------------------------
demand:     3 'val' variants, rotated per episode
 Retrying in 1 seconds
Warning: Could not set locale to 'C'.
  0       12      +90.82  876.7105263157895       120      1.6
Warning: Could not set locale to 'C'.
  1       10      +72.86      835.275       120      0.5
Warning: Could not set locale to 'C'.
  2       10      +72.07      866.425       120      0.5
Warning: Could not set locale to 'C'.
  3       10      +71.14       859.75       120      0.5
Warning: Could not set locale to 'C'.
  4        8      +52.25  844.3571428571429       120      0.5
Warning: Could not set locale to 'C'.
  5        8      +50.78  871.452380952381       120      0.5
Warning: Could not set locale to 'C'.
  6       13     +101.96  854.4324324324324       120      0.5
Warning: Could not set locale to 'C'.
  7        9      +62.37  838.8536585365854       120      0.5

mean over 8 episodes:
  completed passenger journeys: 10.00 ± 1.66
  reward:    +71.78 ± 16.53
  mean_wait: 855.9s
summary: /Users/hongweilin/Documents/workspace/documents/Personal/DMU/Final Dissertation/dissertation-v12-full-rerun/runs/dissertation_v12_sumo120/training/B1_mlp/seed_43/validation/ckpt_epoch_0030.json
$ /Users/hongweilin/Documents/workspace/documents/Personal/DMU/Final Dissertation/dissertation-v12-full-rerun/.venv/bin/python /Users/hongweilin/Documents/workspace/documents/Personal/DMU/Final Dissertation/dissertation-v12-full-rerun/scripts/eval_policy.py /Users/hongweilin/Documents/workspace/documents/Personal/DMU/Final Dissertation/dissertation-v12-full-rerun/runs/dissertation_v12_sumo120/training/B1_mlp/seed_43/ckpt_epoch_0040.pt --episodes 8 --seed 2026 --demand-split val --output /Users/hongweilin/Documents/workspace/documents/Personal/DMU/Final Dissertation/dissertation-v12-full-rerun/runs/dissertation_v12_sumo120/training/B1_mlp/seed_43/validation/ckpt_epoch_0040.json --stochastic
checkpoint: ckpt_epoch_0040.pt  (epoch 40, 106,487 params)
env:        central_park  |  degradation: off  |  device: cpu
policy:     stochastic

 ep  pickups      reward  mean_wait_s  rl_steps   wall_s
------------------------------------------------------------
demand:     3 'val' variants, rotated per episode
 Retrying in 1 seconds
Warning: Could not set locale to 'C'.
  0       14     +113.01  858.9166666666666       120      1.6
Warning: Could not set locale to 'C'.
  1       14     +115.72       809.25       120      0.5
Warning: Could not set locale to 'C'.
  2       11      +82.43  860.0769230769231       120      0.5
Warning: Could not set locale to 'C'.
  3       11      +81.79  864.0769230769231       120      0.5
Warning: Could not set locale to 'C'.
  4        9      +62.30  834.0487804878048       120      0.5
Warning: Could not set locale to 'C'.
  5       14     +113.87  857.1944444444445       120      0.5
Warning: Could not set locale to 'C'.
  6       15     +123.86  864.6285714285714       120      0.5
Warning: Could not set locale to 'C'.
  7       11      +84.47  811.974358974359       120      0.5

mean over 8 episodes:
  completed passenger journeys: 12.38 ± 2.00
  reward:    +97.18 ± 20.67
  mean_wait: 845.0s
summary: /Users/hongweilin/Documents/workspace/documents/Personal/DMU/Final Dissertation/dissertation-v12-full-rerun/runs/dissertation_v12_sumo120/training/B1_mlp/seed_43/validation/ckpt_epoch_0040.json
$ /Users/hongweilin/Documents/workspace/documents/Personal/DMU/Final Dissertation/dissertation-v12-full-rerun/.venv/bin/python /Users/hongweilin/Documents/workspace/documents/Personal/DMU/Final Dissertation/dissertation-v12-full-rerun/scripts/eval_policy.py /Users/hongweilin/Documents/workspace/documents/Personal/DMU/Final Dissertation/dissertation-v12-full-rerun/runs/dissertation_v12_sumo120/training/B1_mlp/seed_43/ckpt_epoch_0049.pt --episodes 8 --seed 2026 --demand-split val --output /Users/hongweilin/Documents/workspace/documents/Personal/DMU/Final Dissertation/dissertation-v12-full-rerun/runs/dissertation_v12_sumo120/training/B1_mlp/seed_43/validation/ckpt_epoch_0049.json --stochastic
checkpoint: ckpt_epoch_0049.pt  (epoch 49, 106,487 params)
env:        central_park  |  degradation: off  |  device: cpu
policy:     stochastic

 ep  pickups      reward  mean_wait_s  rl_steps   wall_s
------------------------------------------------------------
demand:     3 'val' variants, rotated per episode
 Retrying in 1 seconds
Warning: Could not set locale to 'C'.
  0       15     +123.93  848.6285714285714       120      1.6
Warning: Could not set locale to 'C'.
  1       13     +105.77  822.7567567567568       120      0.5
Warning: Could not set locale to 'C'.
  2       11      +81.94  865.9487179487179       120      0.5
Warning: Could not set locale to 'C'.
  3       13     +102.70  851.972972972973       120      0.5
Warning: Could not set locale to 'C'.
  4       12      +94.90  823.3684210526316       120      0.5
Warning: Could not set locale to 'C'.
  5       10      +71.95       863.15       120      0.5
Warning: Could not set locale to 'C'.
  6       17     +145.43  856.7272727272727       120      0.5
Warning: Could not set locale to 'C'.
  7       14     +114.55  843.3888888888889       120      0.5

mean over 8 episodes:
  completed passenger journeys: 13.12 ± 2.09
  reward:    +105.14 ± 21.84
  mean_wait: 847.0s
summary: /Users/hongweilin/Documents/workspace/documents/Personal/DMU/Final Dissertation/dissertation-v12-full-rerun/runs/dissertation_v12_sumo120/training/B1_mlp/seed_43/validation/ckpt_epoch_0049.json
selected epoch 20 with validation mean 14.12 pickups: /Users/hongweilin/Documents/workspace/documents/Personal/DMU/Final Dissertation/dissertation-v12-full-rerun/runs/dissertation_v12_sumo120/training/B1_mlp/seed_43/ckpt_selected.pt
$ '/Users/hongweilin/Documents/workspace/documents/Personal/DMU/Final Dissertation/dissertation-v12-full-rerun/.venv/bin/python' scripts/check_training_stability.py '/Users/hongweilin/Documents/workspace/documents/Personal/DMU/Final Dissertation/dissertation-v12-full-rerun/runs/dissertation_v12_sumo120/training/B1_mlp/seed_43' --final-window 10 --minimum-final-mean-pickups 5.0 --maximum-consecutive-zero-pickups 4 --minimum-selected-mean-pickups 5.0 --minimum-final-validation-retention 0.8
{
  "ok": true,
  "checks": {
    "final_mean_pickups": true,
    "maximum_consecutive_zero_pickups": true,
    "selected_validation_pickups": true,
    "final_validation_retention": true
  },
  "observed": {
    "epochs": 50,
    "final_window": 10,
    "final_mean_pickups": 12.7,
    "longest_consecutive_zero_pickups": 0,
    "selected_validation_mean_pickups": 14.125,
    "final_validation_mean_pickups": 13.125,
    "final_validation_retention": 0.9292035398230089
  },
  "thresholds": {
    "minimum_final_mean_pickups": 5.0,
    "maximum_consecutive_zero_pickups": 4,
    "minimum_selected_mean_pickups": 5.0,
    "minimum_final_validation_retention": 0.8
  }
}
stability: OK (/Users/hongweilin/Documents/workspace/documents/Personal/DMU/Final Dissertation/dissertation-v12-full-rerun/runs/dissertation_v12_sumo120/training/B1_mlp/seed_43/training_stability.json)
$ '/Users/hongweilin/Documents/workspace/documents/Personal/DMU/Final Dissertation/dissertation-v12-full-rerun/.venv/bin/python' scripts/select_checkpoint.py '/Users/hongweilin/Documents/workspace/documents/Personal/DMU/Final Dissertation/dissertation-v12-full-rerun/runs/dissertation_v12_sumo120/training/B1_mlp/seed_44' --episodes 8 --seed 2026 --demand-split val --minimum-mean-pickups 2.0 --resume
$ /Users/hongweilin/Documents/workspace/documents/Personal/DMU/Final Dissertation/dissertation-v12-full-rerun/.venv/bin/python /Users/hongweilin/Documents/workspace/documents/Personal/DMU/Final Dissertation/dissertation-v12-full-rerun/scripts/eval_policy.py /Users/hongweilin/Documents/workspace/documents/Personal/DMU/Final Dissertation/dissertation-v12-full-rerun/runs/dissertation_v12_sumo120/training/B1_mlp/seed_44/ckpt_epoch_0000.pt --episodes 8 --seed 2026 --demand-split val --output /Users/hongweilin/Documents/workspace/documents/Personal/DMU/Final Dissertation/dissertation-v12-full-rerun/runs/dissertation_v12_sumo120/training/B1_mlp/seed_44/validation/ckpt_epoch_0000.json --stochastic
checkpoint: ckpt_epoch_0000.pt  (epoch 0, 106,487 params)
env:        central_park  |  degradation: off  |  device: cpu
policy:     stochastic

 ep  pickups      reward  mean_wait_s  rl_steps   wall_s
------------------------------------------------------------
demand:     3 'val' variants, rotated per episode
 Retrying in 1 seconds
Warning: Could not set locale to 'C'.
  0       15     +123.39  849.6857142857143       120      1.6
Warning: Could not set locale to 'C'.
  1       13     +105.07  838.1621621621622       120      0.5
Warning: Could not set locale to 'C'.
  2       13     +104.08  858.8108108108108       120      0.5
Warning: Could not set locale to 'C'.
  3       12      +92.02  863.6315789473684       120      0.5
Warning: Could not set locale to 'C'.
  4       11      +84.15  827.3333333333334       120      0.5
Warning: Could not set locale to 'C'.
  5       12      +92.83  861.3684210526316       120      0.5
Warning: Could not set locale to 'C'.
  6       15     +124.01  843.7714285714286       120      0.5
Warning: Could not set locale to 'C'.
  7       16     +136.84  832.6470588235294       120      0.5

mean over 8 episodes:
  completed passenger journeys: 13.38 ± 1.65
  reward:    +107.80 ± 17.33
  mean_wait: 846.9s
summary: /Users/hongweilin/Documents/workspace/documents/Personal/DMU/Final Dissertation/dissertation-v12-full-rerun/runs/dissertation_v12_sumo120/training/B1_mlp/seed_44/validation/ckpt_epoch_0000.json
$ /Users/hongweilin/Documents/workspace/documents/Personal/DMU/Final Dissertation/dissertation-v12-full-rerun/.venv/bin/python /Users/hongweilin/Documents/workspace/documents/Personal/DMU/Final Dissertation/dissertation-v12-full-rerun/scripts/eval_policy.py /Users/hongweilin/Documents/workspace/documents/Personal/DMU/Final Dissertation/dissertation-v12-full-rerun/runs/dissertation_v12_sumo120/training/B1_mlp/seed_44/ckpt_epoch_0010.pt --episodes 8 --seed 2026 --demand-split val --output /Users/hongweilin/Documents/workspace/documents/Personal/DMU/Final Dissertation/dissertation-v12-full-rerun/runs/dissertation_v12_sumo120/training/B1_mlp/seed_44/validation/ckpt_epoch_0010.json --stochastic
checkpoint: ckpt_epoch_0010.pt  (epoch 10, 106,487 params)
env:        central_park  |  degradation: off  |  device: cpu
policy:     stochastic

 ep  pickups      reward  mean_wait_s  rl_steps   wall_s
------------------------------------------------------------
demand:     3 'val' variants, rotated per episode
 Retrying in 1 seconds
Warning: Could not set locale to 'C'.
  0       13     +103.12  861.7837837837837       120      1.6
Warning: Could not set locale to 'C'.
  1       11      +83.94  830.5641025641025       120      0.5
Warning: Could not set locale to 'C'.
  2       12      +92.92  855.6578947368421       120      0.5
Warning: Could not set locale to 'C'.
  3       13     +102.53  865.0540540540541       120      0.5
Warning: Could not set locale to 'C'.
  4       15     +125.45  816.6857142857143       120      0.5
Warning: Could not set locale to 'C'.
  5       12      +92.80  859.3421052631579       120      0.5
Warning: Could not set locale to 'C'.
  6       14     +113.46  848.8611111111111       120      0.5
Warning: Could not set locale to 'C'.
  7       11      +83.48  832.3076923076923       120      0.5

mean over 8 episodes:
  completed passenger journeys: 12.62 ± 1.32
  reward:    +99.71 ± 13.59
  mean_wait: 846.3s
summary: /Users/hongweilin/Documents/workspace/documents/Personal/DMU/Final Dissertation/dissertation-v12-full-rerun/runs/dissertation_v12_sumo120/training/B1_mlp/seed_44/validation/ckpt_epoch_0010.json
$ /Users/hongweilin/Documents/workspace/documents/Personal/DMU/Final Dissertation/dissertation-v12-full-rerun/.venv/bin/python /Users/hongweilin/Documents/workspace/documents/Personal/DMU/Final Dissertation/dissertation-v12-full-rerun/scripts/eval_policy.py /Users/hongweilin/Documents/workspace/documents/Personal/DMU/Final Dissertation/dissertation-v12-full-rerun/runs/dissertation_v12_sumo120/training/B1_mlp/seed_44/ckpt_epoch_0020.pt --episodes 8 --seed 2026 --demand-split val --output /Users/hongweilin/Documents/workspace/documents/Personal/DMU/Final Dissertation/dissertation-v12-full-rerun/runs/dissertation_v12_sumo120/training/B1_mlp/seed_44/validation/ckpt_epoch_0020.json --stochastic
checkpoint: ckpt_epoch_0020.pt  (epoch 20, 106,487 params)
env:        central_park  |  degradation: off  |  device: cpu
policy:     stochastic

 ep  pickups      reward  mean_wait_s  rl_steps   wall_s
------------------------------------------------------------
demand:     3 'val' variants, rotated per episode
 Retrying in 1 seconds
Warning: Could not set locale to 'C'.
  0       12      +92.16  859.1842105263158       120      1.6
Warning: Could not set locale to 'C'.
  1       11      +84.03  820.974358974359       120      0.5
Warning: Could not set locale to 'C'.
  2       11      +82.63  866.6410256410256       120      0.5
Warning: Could not set locale to 'C'.
  3       11      +81.93  859.0512820512821       120      0.5
Warning: Could not set locale to 'C'.
  4        9      +62.47  836.3658536585366       120      0.5
Warning: Could not set locale to 'C'.
  5       11      +82.61  866.8717948717949       120      0.5
Warning: Could not set locale to 'C'.
  6       14     +112.95  858.6388888888889       120      0.5
Warning: Could not set locale to 'C'.
  7       11      +83.79  830.1282051282051       120      0.5

mean over 8 episodes:
  completed passenger journeys: 11.25 ± 1.30
  reward:    +85.32 ± 13.05
  mean_wait: 849.7s
summary: /Users/hongweilin/Documents/workspace/documents/Personal/DMU/Final Dissertation/dissertation-v12-full-rerun/runs/dissertation_v12_sumo120/training/B1_mlp/seed_44/validation/ckpt_epoch_0020.json
$ /Users/hongweilin/Documents/workspace/documents/Personal/DMU/Final Dissertation/dissertation-v12-full-rerun/.venv/bin/python /Users/hongweilin/Documents/workspace/documents/Personal/DMU/Final Dissertation/dissertation-v12-full-rerun/scripts/eval_policy.py /Users/hongweilin/Documents/workspace/documents/Personal/DMU/Final Dissertation/dissertation-v12-full-rerun/runs/dissertation_v12_sumo120/training/B1_mlp/seed_44/ckpt_best.pt --episodes 8 --seed 2026 --demand-split val --output /Users/hongweilin/Documents/workspace/documents/Personal/DMU/Final Dissertation/dissertation-v12-full-rerun/runs/dissertation_v12_sumo120/training/B1_mlp/seed_44/validation/ckpt_best.json --stochastic
checkpoint: ckpt_best.pt  (epoch 29, 106,487 params)
env:        central_park  |  degradation: off  |  device: cpu
policy:     stochastic

 ep  pickups      reward  mean_wait_s  rl_steps   wall_s
------------------------------------------------------------
demand:     3 'val' variants, rotated per episode
 Retrying in 1 seconds
Warning: Could not set locale to 'C'.
  0       11      +81.31  868.7692307692307       120      1.6
Warning: Could not set locale to 'C'.
  1       14     +116.11        812.5       120      0.5
Warning: Could not set locale to 'C'.
  2       12      +93.14  863.0263157894736       120      0.5
Warning: Could not set locale to 'C'.
  3       11      +81.93  859.0512820512821       120      0.5
Warning: Could not set locale to 'C'.
  4       14     +116.01        821.0       120      0.5
Warning: Could not set locale to 'C'.
  5       12      +93.35  858.1052631578947       120      0.5
Warning: Could not set locale to 'C'.
  6       10      +70.65      877.875       120      0.5
Warning: Could not set locale to 'C'.
  7       13     +104.53  828.8648648648649       120      0.5

mean over 8 episodes:
  completed passenger journeys: 12.12 ± 1.36
  reward:    +94.63 ± 15.55
  mean_wait: 848.6s
summary: /Users/hongweilin/Documents/workspace/documents/Personal/DMU/Final Dissertation/dissertation-v12-full-rerun/runs/dissertation_v12_sumo120/training/B1_mlp/seed_44/validation/ckpt_best.json
$ /Users/hongweilin/Documents/workspace/documents/Personal/DMU/Final Dissertation/dissertation-v12-full-rerun/.venv/bin/python /Users/hongweilin/Documents/workspace/documents/Personal/DMU/Final Dissertation/dissertation-v12-full-rerun/scripts/eval_policy.py /Users/hongweilin/Documents/workspace/documents/Personal/DMU/Final Dissertation/dissertation-v12-full-rerun/runs/dissertation_v12_sumo120/training/B1_mlp/seed_44/ckpt_epoch_0030.pt --episodes 8 --seed 2026 --demand-split val --output /Users/hongweilin/Documents/workspace/documents/Personal/DMU/Final Dissertation/dissertation-v12-full-rerun/runs/dissertation_v12_sumo120/training/B1_mlp/seed_44/validation/ckpt_epoch_0030.json --stochastic
checkpoint: ckpt_epoch_0030.pt  (epoch 30, 106,487 params)
env:        central_park  |  degradation: off  |  device: cpu
policy:     stochastic

 ep  pickups      reward  mean_wait_s  rl_steps   wall_s
------------------------------------------------------------
demand:     3 'val' variants, rotated per episode
 Retrying in 1 seconds
Warning: Could not set locale to 'C'.
  0       11      +81.31  868.7692307692307       120      1.6
Warning: Could not set locale to 'C'.
  1       13     +105.31  810.4594594594595       120      0.5
Warning: Could not set locale to 'C'.
  2       10      +72.16      867.775       120      0.5
Warning: Could not set locale to 'C'.
  3       15     +124.58  844.4285714285714       120      0.5
Warning: Could not set locale to 'C'.
  4       11      +84.42  817.9487179487179       120      0.5
Warning: Could not set locale to 'C'.
  5       12      +93.35  858.1052631578947       120      0.5
Warning: Could not set locale to 'C'.
  6       10      +70.65      877.875       120      0.5
Warning: Could not set locale to 'C'.
  7        8      +51.37  839.5714285714286       120      0.5

mean over 8 episodes:
  completed passenger journeys: 11.25 ± 1.98
  reward:    +85.39 ± 21.10
  mean_wait: 848.1s
summary: /Users/hongweilin/Documents/workspace/documents/Personal/DMU/Final Dissertation/dissertation-v12-full-rerun/runs/dissertation_v12_sumo120/training/B1_mlp/seed_44/validation/ckpt_epoch_0030.json
$ /Users/hongweilin/Documents/workspace/documents/Personal/DMU/Final Dissertation/dissertation-v12-full-rerun/.venv/bin/python /Users/hongweilin/Documents/workspace/documents/Personal/DMU/Final Dissertation/dissertation-v12-full-rerun/scripts/eval_policy.py /Users/hongweilin/Documents/workspace/documents/Personal/DMU/Final Dissertation/dissertation-v12-full-rerun/runs/dissertation_v12_sumo120/training/B1_mlp/seed_44/ckpt_epoch_0040.pt --episodes 8 --seed 2026 --demand-split val --output /Users/hongweilin/Documents/workspace/documents/Personal/DMU/Final Dissertation/dissertation-v12-full-rerun/runs/dissertation_v12_sumo120/training/B1_mlp/seed_44/validation/ckpt_epoch_0040.json --stochastic
checkpoint: ckpt_epoch_0040.pt  (epoch 40, 106,487 params)
env:        central_park  |  degradation: off  |  device: cpu
policy:     stochastic

 ep  pickups      reward  mean_wait_s  rl_steps   wall_s
------------------------------------------------------------
demand:     3 'val' variants, rotated per episode
 Retrying in 1 seconds
Warning: Could not set locale to 'C'.
  0       17     +145.20  858.6060606060606       120      1.6
Warning: Could not set locale to 'C'.
  1       12      +94.19  831.6842105263158       120      0.5
Warning: Could not set locale to 'C'.
  2       10      +72.07      866.425       120      0.5
Warning: Could not set locale to 'C'.
  3       10      +71.14       859.75       120      0.5
Warning: Could not set locale to 'C'.
  4       16     +137.18  820.1764705882352       120      0.5
Warning: Could not set locale to 'C'.
  5       15     +124.65  863.1428571428571       120      0.5
Warning: Could not set locale to 'C'.
  6       13     +102.84  844.2972972972973       120      0.5
Warning: Could not set locale to 'C'.
  7       10      +72.81        832.5       120      0.5

mean over 8 episodes:
  completed passenger journeys: 12.88 ± 2.67
  reward:    +102.51 ± 28.23
  mean_wait: 847.1s
summary: /Users/hongweilin/Documents/workspace/documents/Personal/DMU/Final Dissertation/dissertation-v12-full-rerun/runs/dissertation_v12_sumo120/training/B1_mlp/seed_44/validation/ckpt_epoch_0040.json
$ /Users/hongweilin/Documents/workspace/documents/Personal/DMU/Final Dissertation/dissertation-v12-full-rerun/.venv/bin/python /Users/hongweilin/Documents/workspace/documents/Personal/DMU/Final Dissertation/dissertation-v12-full-rerun/scripts/eval_policy.py /Users/hongweilin/Documents/workspace/documents/Personal/DMU/Final Dissertation/dissertation-v12-full-rerun/runs/dissertation_v12_sumo120/training/B1_mlp/seed_44/ckpt_epoch_0049.pt --episodes 8 --seed 2026 --demand-split val --output /Users/hongweilin/Documents/workspace/documents/Personal/DMU/Final Dissertation/dissertation-v12-full-rerun/runs/dissertation_v12_sumo120/training/B1_mlp/seed_44/validation/ckpt_epoch_0049.json --stochastic
checkpoint: ckpt_epoch_0049.pt  (epoch 49, 106,487 params)
env:        central_park  |  degradation: off  |  device: cpu
policy:     stochastic

 ep  pickups      reward  mean_wait_s  rl_steps   wall_s
------------------------------------------------------------
demand:     3 'val' variants, rotated per episode
 Retrying in 1 seconds
Warning: Could not set locale to 'C'.
  0       10      +69.89      874.075       120      1.5
Warning: Could not set locale to 'C'.
  1       10      +72.46        845.3       120      0.5
Warning: Could not set locale to 'C'.
  2       12      +93.06  862.3684210526316       120      0.5
Warning: Could not set locale to 'C'.
  3       12      +92.60  857.7894736842105       120      0.5
Warning: Could not set locale to 'C'.
  4       11      +84.40        822.0       120      0.5
Warning: Could not set locale to 'C'.
  5       12      +93.28  856.078947368421       120      0.5
Warning: Could not set locale to 'C'.
  6       16     +134.94  841.7058823529412       120      0.5
Warning: Could not set locale to 'C'.
  7        9      +62.34  834.8780487804878       120      0.5

mean over 8 episodes:
  completed passenger journeys: 11.50 ± 2.00
  reward:    +87.87 ± 20.97
  mean_wait: 849.3s
summary: /Users/hongweilin/Documents/workspace/documents/Personal/DMU/Final Dissertation/dissertation-v12-full-rerun/runs/dissertation_v12_sumo120/training/B1_mlp/seed_44/validation/ckpt_epoch_0049.json
selected epoch 40 with validation mean 12.88 pickups: /Users/hongweilin/Documents/workspace/documents/Personal/DMU/Final Dissertation/dissertation-v12-full-rerun/runs/dissertation_v12_sumo120/training/B1_mlp/seed_44/ckpt_selected.pt
$ '/Users/hongweilin/Documents/workspace/documents/Personal/DMU/Final Dissertation/dissertation-v12-full-rerun/.venv/bin/python' scripts/check_training_stability.py '/Users/hongweilin/Documents/workspace/documents/Personal/DMU/Final Dissertation/dissertation-v12-full-rerun/runs/dissertation_v12_sumo120/training/B1_mlp/seed_44' --final-window 10 --minimum-final-mean-pickups 5.0 --maximum-consecutive-zero-pickups 4 --minimum-selected-mean-pickups 5.0 --minimum-final-validation-retention 0.8
{
  "ok": true,
  "checks": {
    "final_mean_pickups": true,
    "maximum_consecutive_zero_pickups": true,
    "selected_validation_pickups": true,
    "final_validation_retention": true
  },
  "observed": {
    "epochs": 50,
    "final_window": 10,
    "final_mean_pickups": 12.4,
    "longest_consecutive_zero_pickups": 0,
    "selected_validation_mean_pickups": 12.875,
    "final_validation_mean_pickups": 11.5,
    "final_validation_retention": 0.8932038834951457
  },
  "thresholds": {
    "minimum_final_mean_pickups": 5.0,
    "maximum_consecutive_zero_pickups": 4,
    "minimum_selected_mean_pickups": 5.0,
    "minimum_final_validation_retention": 0.8
  }
}
stability: OK (/Users/hongweilin/Documents/workspace/documents/Personal/DMU/Final Dissertation/dissertation-v12-full-rerun/runs/dissertation_v12_sumo120/training/B1_mlp/seed_44/training_stability.json)
$ '/Users/hongweilin/Documents/workspace/documents/Personal/DMU/Final Dissertation/dissertation-v12-full-rerun/.venv/bin/python' scripts/select_checkpoint.py '/Users/hongweilin/Documents/workspace/documents/Personal/DMU/Final Dissertation/dissertation-v12-full-rerun/runs/dissertation_v12_sumo120/training/B1_mlp/seed_45' --episodes 8 --seed 2026 --demand-split val --minimum-mean-pickups 2.0 --resume
$ /Users/hongweilin/Documents/workspace/documents/Personal/DMU/Final Dissertation/dissertation-v12-full-rerun/.venv/bin/python /Users/hongweilin/Documents/workspace/documents/Personal/DMU/Final Dissertation/dissertation-v12-full-rerun/scripts/eval_policy.py /Users/hongweilin/Documents/workspace/documents/Personal/DMU/Final Dissertation/dissertation-v12-full-rerun/runs/dissertation_v12_sumo120/training/B1_mlp/seed_45/ckpt_epoch_0000.pt --episodes 8 --seed 2026 --demand-split val --output /Users/hongweilin/Documents/workspace/documents/Personal/DMU/Final Dissertation/dissertation-v12-full-rerun/runs/dissertation_v12_sumo120/training/B1_mlp/seed_45/validation/ckpt_epoch_0000.json --stochastic
checkpoint: ckpt_epoch_0000.pt  (epoch 0, 106,487 params)
env:        central_park  |  degradation: off  |  device: cpu
policy:     stochastic

 ep  pickups      reward  mean_wait_s  rl_steps   wall_s
------------------------------------------------------------
demand:     3 'val' variants, rotated per episode
 Retrying in 1 seconds
Warning: Could not set locale to 'C'.
  0       13     +102.36  866.2162162162163       120      1.6
Warning: Could not set locale to 'C'.
  1       11      +83.30  848.025641025641       120      0.5
Warning: Could not set locale to 'C'.
  2        8      +50.79  871.1190476190476       120      0.6
Warning: Could not set locale to 'C'.
  3       12      +92.02  863.6315789473684       120      0.5
Warning: Could not set locale to 'C'.
  4       10      +73.15      824.225       120      0.5
Warning: Could not set locale to 'C'.
  5       12      +92.82  861.3684210526316       120      0.5
Warning: Could not set locale to 'C'.
  6       16     +134.50        850.0       120      0.5
Warning: Could not set locale to 'C'.
  7       16     +136.84  832.6470588235294       120      0.5

mean over 8 episodes:
  completed passenger journeys: 12.25 ± 2.59
  reward:    +95.72 ± 27.26
  mean_wait: 852.2s
summary: /Users/hongweilin/Documents/workspace/documents/Personal/DMU/Final Dissertation/dissertation-v12-full-rerun/runs/dissertation_v12_sumo120/training/B1_mlp/seed_45/validation/ckpt_epoch_0000.json
$ /Users/hongweilin/Documents/workspace/documents/Personal/DMU/Final Dissertation/dissertation-v12-full-rerun/.venv/bin/python /Users/hongweilin/Documents/workspace/documents/Personal/DMU/Final Dissertation/dissertation-v12-full-rerun/scripts/eval_policy.py /Users/hongweilin/Documents/workspace/documents/Personal/DMU/Final Dissertation/dissertation-v12-full-rerun/runs/dissertation_v12_sumo120/training/B1_mlp/seed_45/ckpt_epoch_0010.pt --episodes 8 --seed 2026 --demand-split val --output /Users/hongweilin/Documents/workspace/documents/Personal/DMU/Final Dissertation/dissertation-v12-full-rerun/runs/dissertation_v12_sumo120/training/B1_mlp/seed_45/validation/ckpt_epoch_0010.json --stochastic
checkpoint: ckpt_epoch_0010.pt  (epoch 10, 106,487 params)
env:        central_park  |  degradation: off  |  device: cpu
policy:     stochastic

 ep  pickups      reward  mean_wait_s  rl_steps   wall_s
------------------------------------------------------------
demand:     3 'val' variants, rotated per episode
 Retrying in 1 seconds
Warning: Could not set locale to 'C'.
  0       15     +123.50  870.0857142857143       120      1.6
Warning: Could not set locale to 'C'.
  1       13     +105.15  824.4054054054054       120      0.5
Warning: Could not set locale to 'C'.
  2        9      +61.01  869.829268292683       120      0.5
Warning: Could not set locale to 'C'.
  3       13     +102.53  865.0540540540541       120      0.5
Warning: Could not set locale to 'C'.
  4       12      +94.17  838.0263157894736       120      0.6
Warning: Could not set locale to 'C'.
  5       10      +72.26        859.8       120      0.5
Warning: Could not set locale to 'C'.
  6       11      +81.05  876.8717948717949       120      0.5
Warning: Could not set locale to 'C'.
  7       12      +94.45  831.2631578947369       120      0.5

mean over 8 episodes:
  completed passenger journeys: 11.88 ± 1.76
  reward:    +91.77 ± 18.56
  mean_wait: 854.4s
summary: /Users/hongweilin/Documents/workspace/documents/Personal/DMU/Final Dissertation/dissertation-v12-full-rerun/runs/dissertation_v12_sumo120/training/B1_mlp/seed_45/validation/ckpt_epoch_0010.json
$ /Users/hongweilin/Documents/workspace/documents/Personal/DMU/Final Dissertation/dissertation-v12-full-rerun/.venv/bin/python /Users/hongweilin/Documents/workspace/documents/Personal/DMU/Final Dissertation/dissertation-v12-full-rerun/scripts/eval_policy.py /Users/hongweilin/Documents/workspace/documents/Personal/DMU/Final Dissertation/dissertation-v12-full-rerun/runs/dissertation_v12_sumo120/training/B1_mlp/seed_45/ckpt_epoch_0020.pt --episodes 8 --seed 2026 --demand-split val --output /Users/hongweilin/Documents/workspace/documents/Personal/DMU/Final Dissertation/dissertation-v12-full-rerun/runs/dissertation_v12_sumo120/training/B1_mlp/seed_45/validation/ckpt_epoch_0020.json --stochastic
checkpoint: ckpt_epoch_0020.pt  (epoch 20, 106,487 params)
env:        central_park  |  degradation: off  |  device: cpu
policy:     stochastic

 ep  pickups      reward  mean_wait_s  rl_steps   wall_s
------------------------------------------------------------
demand:     3 'val' variants, rotated per episode
 Retrying in 1 seconds
Warning: Could not set locale to 'C'.
  0       10      +71.33      856.525       120      1.6
Warning: Could not set locale to 'C'.
  1       13     +104.62  830.8648648648649       120      0.5
Warning: Could not set locale to 'C'.
  2       10      +71.81        872.7       120      0.5
Warning: Could not set locale to 'C'.
  3       15     +124.21  842.6285714285714       120      0.5
Warning: Could not set locale to 'C'.
  4       13     +104.12  842.3513513513514       120      0.5
Warning: Could not set locale to 'C'.
  5        7      +40.43  870.3720930232558       120      0.5
Warning: Could not set locale to 'C'.
  6       15     +123.60  860.1714285714286       120      0.5
Warning: Could not set locale to 'C'.
  7        9      +62.89  830.780487804878       120      0.5

mean over 8 episodes:
  completed passenger journeys: 11.50 ± 2.74
  reward:    +87.88 ± 28.61
  mean_wait: 850.8s
summary: /Users/hongweilin/Documents/workspace/documents/Personal/DMU/Final Dissertation/dissertation-v12-full-rerun/runs/dissertation_v12_sumo120/training/B1_mlp/seed_45/validation/ckpt_epoch_0020.json
$ /Users/hongweilin/Documents/workspace/documents/Personal/DMU/Final Dissertation/dissertation-v12-full-rerun/.venv/bin/python /Users/hongweilin/Documents/workspace/documents/Personal/DMU/Final Dissertation/dissertation-v12-full-rerun/scripts/eval_policy.py /Users/hongweilin/Documents/workspace/documents/Personal/DMU/Final Dissertation/dissertation-v12-full-rerun/runs/dissertation_v12_sumo120/training/B1_mlp/seed_45/ckpt_epoch_0030.pt --episodes 8 --seed 2026 --demand-split val --output /Users/hongweilin/Documents/workspace/documents/Personal/DMU/Final Dissertation/dissertation-v12-full-rerun/runs/dissertation_v12_sumo120/training/B1_mlp/seed_45/validation/ckpt_epoch_0030.json --stochastic
checkpoint: ckpt_epoch_0030.pt  (epoch 30, 106,487 params)
env:        central_park  |  degradation: off  |  device: cpu
policy:     stochastic

 ep  pickups      reward  mean_wait_s  rl_steps   wall_s
------------------------------------------------------------
demand:     3 'val' variants, rotated per episode
 Retrying in 1 seconds
Warning: Could not set locale to 'C'.
  0       13     +102.56  860.9459459459459       120      1.6
Warning: Could not set locale to 'C'.
  1       11      +83.41  827.4102564102565       120      0.5
Warning: Could not set locale to 'C'.
  2       14     +114.20  854.7777777777778       120      0.5
Warning: Could not set locale to 'C'.
  3       14     +113.28  845.2777777777778       120      0.5
Warning: Could not set locale to 'C'.
  4       14     +115.55  820.3888888888889       120      0.5
Warning: Could not set locale to 'C'.
  5       14     +113.25  869.8333333333334       120      0.5
Warning: Could not set locale to 'C'.
  6       13     +101.65  860.1351351351351       120      0.5
Warning: Could not set locale to 'C'.
  7       11      +83.52  831.6153846153846       120      0.5

mean over 8 episodes:
  completed passenger journeys: 13.00 ± 1.22
  reward:    +103.43 ± 12.54
  mean_wait: 846.3s
summary: /Users/hongweilin/Documents/workspace/documents/Personal/DMU/Final Dissertation/dissertation-v12-full-rerun/runs/dissertation_v12_sumo120/training/B1_mlp/seed_45/validation/ckpt_epoch_0030.json
$ /Users/hongweilin/Documents/workspace/documents/Personal/DMU/Final Dissertation/dissertation-v12-full-rerun/.venv/bin/python /Users/hongweilin/Documents/workspace/documents/Personal/DMU/Final Dissertation/dissertation-v12-full-rerun/scripts/eval_policy.py /Users/hongweilin/Documents/workspace/documents/Personal/DMU/Final Dissertation/dissertation-v12-full-rerun/runs/dissertation_v12_sumo120/training/B1_mlp/seed_45/ckpt_best.pt --episodes 8 --seed 2026 --demand-split val --output /Users/hongweilin/Documents/workspace/documents/Personal/DMU/Final Dissertation/dissertation-v12-full-rerun/runs/dissertation_v12_sumo120/training/B1_mlp/seed_45/validation/ckpt_best.json --stochastic
checkpoint: ckpt_best.pt  (epoch 38, 106,487 params)
env:        central_park  |  degradation: off  |  device: cpu
policy:     stochastic

 ep  pickups      reward  mean_wait_s  rl_steps   wall_s
------------------------------------------------------------
demand:     3 'val' variants, rotated per episode
 Retrying in 1 seconds
Warning: Could not set locale to 'C'.
  0       18     +155.92       834.25       120      1.6
Warning: Could not set locale to 'C'.
  1       13     +104.98  825.3513513513514       120      0.6
Warning: Could not set locale to 'C'.
  2       11      +82.41  866.3589743589744       120      0.5
Warning: Could not set locale to 'C'.
  3       17     +145.10  840.3333333333334       120      0.5
Warning: Could not set locale to 'C'.
  4       11      +84.05  822.4102564102565       120      0.5
Warning: Could not set locale to 'C'.
  5        9      +61.27  867.829268292683       120      0.5
Warning: Could not set locale to 'C'.
  6       14     +113.52  862.8055555555555       120      0.5
Warning: Could not set locale to 'C'.
  7       12      +94.46  821.1842105263158       120      0.5

mean over 8 episodes:
  completed passenger journeys: 13.12 ± 2.89
  reward:    +105.21 ± 30.09
  mean_wait: 842.6s
summary: /Users/hongweilin/Documents/workspace/documents/Personal/DMU/Final Dissertation/dissertation-v12-full-rerun/runs/dissertation_v12_sumo120/training/B1_mlp/seed_45/validation/ckpt_best.json
$ /Users/hongweilin/Documents/workspace/documents/Personal/DMU/Final Dissertation/dissertation-v12-full-rerun/.venv/bin/python /Users/hongweilin/Documents/workspace/documents/Personal/DMU/Final Dissertation/dissertation-v12-full-rerun/scripts/eval_policy.py /Users/hongweilin/Documents/workspace/documents/Personal/DMU/Final Dissertation/dissertation-v12-full-rerun/runs/dissertation_v12_sumo120/training/B1_mlp/seed_45/ckpt_epoch_0040.pt --episodes 8 --seed 2026 --demand-split val --output /Users/hongweilin/Documents/workspace/documents/Personal/DMU/Final Dissertation/dissertation-v12-full-rerun/runs/dissertation_v12_sumo120/training/B1_mlp/seed_45/validation/ckpt_epoch_0040.json --stochastic
checkpoint: ckpt_epoch_0040.pt  (epoch 40, 106,487 params)
env:        central_park  |  degradation: off  |  device: cpu
policy:     stochastic

 ep  pickups      reward  mean_wait_s  rl_steps   wall_s
------------------------------------------------------------
demand:     3 'val' variants, rotated per episode
 Retrying in 1 seconds
Warning: Could not set locale to 'C'.
  0       16     +134.41  845.3235294117648       120      1.6
Warning: Could not set locale to 'C'.
  1       12      +94.21  826.5263157894736       120      0.5
Warning: Could not set locale to 'C'.
  2       12      +93.24  857.1315789473684       120      0.5
Warning: Could not set locale to 'C'.
  3       17     +145.10  840.3333333333334       120      0.5
Warning: Could not set locale to 'C'.
  4       12      +94.40  832.2368421052631       120      0.5
Warning: Could not set locale to 'C'.
  5       10      +71.98      861.675       120      0.5
Warning: Could not set locale to 'C'.
  6       12      +91.76  851.7368421052631       120      0.5
Warning: Could not set locale to 'C'.
  7       15     +125.74  828.7714285714286       120      0.5

mean over 8 episodes:
  completed passenger journeys: 13.25 ± 2.28
  reward:    +106.35 ± 23.77
  mean_wait: 843.0s
summary: /Users/hongweilin/Documents/workspace/documents/Personal/DMU/Final Dissertation/dissertation-v12-full-rerun/runs/dissertation_v12_sumo120/training/B1_mlp/seed_45/validation/ckpt_epoch_0040.json
$ /Users/hongweilin/Documents/workspace/documents/Personal/DMU/Final Dissertation/dissertation-v12-full-rerun/.venv/bin/python /Users/hongweilin/Documents/workspace/documents/Personal/DMU/Final Dissertation/dissertation-v12-full-rerun/scripts/eval_policy.py /Users/hongweilin/Documents/workspace/documents/Personal/DMU/Final Dissertation/dissertation-v12-full-rerun/runs/dissertation_v12_sumo120/training/B1_mlp/seed_45/ckpt_epoch_0049.pt --episodes 8 --seed 2026 --demand-split val --output /Users/hongweilin/Documents/workspace/documents/Personal/DMU/Final Dissertation/dissertation-v12-full-rerun/runs/dissertation_v12_sumo120/training/B1_mlp/seed_45/validation/ckpt_epoch_0049.json --stochastic
checkpoint: ckpt_epoch_0049.pt  (epoch 49, 106,487 params)
env:        central_park  |  degradation: off  |  device: cpu
policy:     stochastic

 ep  pickups      reward  mean_wait_s  rl_steps   wall_s
------------------------------------------------------------
demand:     3 'val' variants, rotated per episode
 Retrying in 1 seconds
Warning: Could not set locale to 'C'.
  0       12      +91.88  854.921052631579       120      1.6
Warning: Could not set locale to 'C'.
  1       11      +84.80  810.9230769230769       120      0.5
Warning: Could not set locale to 'C'.
  2       13     +103.66  855.918918918919       120      0.5
Warning: Could not set locale to 'C'.
  3       12      +92.71  858.6578947368421       120      0.5
Warning: Could not set locale to 'C'.
  4       15     +126.87  803.5142857142857       120      0.5
Warning: Could not set locale to 'C'.
  5       10      +71.85      871.725       120      0.5
Warning: Could not set locale to 'C'.
  6       11      +81.16  857.3589743589744       120      0.5
Warning: Could not set locale to 'C'.
  7       13     +106.17  804.1081081081081       120      0.5

mean over 8 episodes:
  completed passenger journeys: 12.12 ± 1.45
  reward:    +94.89 ± 16.05
  mean_wait: 839.6s
summary: /Users/hongweilin/Documents/workspace/documents/Personal/DMU/Final Dissertation/dissertation-v12-full-rerun/runs/dissertation_v12_sumo120/training/B1_mlp/seed_45/validation/ckpt_epoch_0049.json
selected epoch 40 with validation mean 13.25 pickups: /Users/hongweilin/Documents/workspace/documents/Personal/DMU/Final Dissertation/dissertation-v12-full-rerun/runs/dissertation_v12_sumo120/training/B1_mlp/seed_45/ckpt_selected.pt
$ '/Users/hongweilin/Documents/workspace/documents/Personal/DMU/Final Dissertation/dissertation-v12-full-rerun/.venv/bin/python' scripts/check_training_stability.py '/Users/hongweilin/Documents/workspace/documents/Personal/DMU/Final Dissertation/dissertation-v12-full-rerun/runs/dissertation_v12_sumo120/training/B1_mlp/seed_45' --final-window 10 --minimum-final-mean-pickups 5.0 --maximum-consecutive-zero-pickups 4 --minimum-selected-mean-pickups 5.0 --minimum-final-validation-retention 0.8
{
  "ok": true,
  "checks": {
    "final_mean_pickups": true,
    "maximum_consecutive_zero_pickups": true,
    "selected_validation_pickups": true,
    "final_validation_retention": true
  },
  "observed": {
    "epochs": 50,
    "final_window": 10,
    "final_mean_pickups": 12.9,
    "longest_consecutive_zero_pickups": 0,
    "selected_validation_mean_pickups": 13.25,
    "final_validation_mean_pickups": 12.125,
    "final_validation_retention": 0.9150943396226415
  },
  "thresholds": {
    "minimum_final_mean_pickups": 5.0,
    "maximum_consecutive_zero_pickups": 4,
    "minimum_selected_mean_pickups": 5.0,
    "minimum_final_validation_retention": 0.8
  }
}
stability: OK (/Users/hongweilin/Documents/workspace/documents/Personal/DMU/Final Dissertation/dissertation-v12-full-rerun/runs/dissertation_v12_sumo120/training/B1_mlp/seed_45/training_stability.json)
$ '/Users/hongweilin/Documents/workspace/documents/Personal/DMU/Final Dissertation/dissertation-v12-full-rerun/.venv/bin/python' scripts/select_checkpoint.py '/Users/hongweilin/Documents/workspace/documents/Personal/DMU/Final Dissertation/dissertation-v12-full-rerun/runs/dissertation_v12_sumo120/training/B1_mlp/seed_46' --episodes 8 --seed 2026 --demand-split val --minimum-mean-pickups 2.0 --resume
$ /Users/hongweilin/Documents/workspace/documents/Personal/DMU/Final Dissertation/dissertation-v12-full-rerun/.venv/bin/python /Users/hongweilin/Documents/workspace/documents/Personal/DMU/Final Dissertation/dissertation-v12-full-rerun/scripts/eval_policy.py /Users/hongweilin/Documents/workspace/documents/Personal/DMU/Final Dissertation/dissertation-v12-full-rerun/runs/dissertation_v12_sumo120/training/B1_mlp/seed_46/ckpt_epoch_0000.pt --episodes 8 --seed 2026 --demand-split val --output /Users/hongweilin/Documents/workspace/documents/Personal/DMU/Final Dissertation/dissertation-v12-full-rerun/runs/dissertation_v12_sumo120/training/B1_mlp/seed_46/validation/ckpt_epoch_0000.json --stochastic
checkpoint: ckpt_epoch_0000.pt  (epoch 0, 106,487 params)
env:        central_park  |  degradation: off  |  device: cpu
policy:     stochastic

 ep  pickups      reward  mean_wait_s  rl_steps   wall_s
------------------------------------------------------------
demand:     3 'val' variants, rotated per episode
 Retrying in 1 seconds
Warning: Could not set locale to 'C'.
  0       10      +70.24       885.25       120      1.6
Warning: Could not set locale to 'C'.
  1       14     +116.05  817.7222222222222       120      0.5
Warning: Could not set locale to 'C'.
  2       11      +83.11  859.2307692307693       120      0.5
Warning: Could not set locale to 'C'.
  3       12      +92.02  863.6315789473684       120      0.5
Warning: Could not set locale to 'C'.
  4       11      +83.79  831.0769230769231       120      0.5
Warning: Could not set locale to 'C'.
  5       12      +92.82  861.3684210526316       120      0.5
Warning: Could not set locale to 'C'.
  6       15     +124.10  847.2571428571429       120      0.5
Warning: Could not set locale to 'C'.
  7       16     +136.84  832.6470588235294       120      0.5

mean over 8 episodes:
  completed passenger journeys: 12.62 ± 2.00
  reward:    +99.87 ± 21.63
  mean_wait: 849.8s
summary: /Users/hongweilin/Documents/workspace/documents/Personal/DMU/Final Dissertation/dissertation-v12-full-rerun/runs/dissertation_v12_sumo120/training/B1_mlp/seed_46/validation/ckpt_epoch_0000.json
$ /Users/hongweilin/Documents/workspace/documents/Personal/DMU/Final Dissertation/dissertation-v12-full-rerun/.venv/bin/python /Users/hongweilin/Documents/workspace/documents/Personal/DMU/Final Dissertation/dissertation-v12-full-rerun/scripts/eval_policy.py /Users/hongweilin/Documents/workspace/documents/Personal/DMU/Final Dissertation/dissertation-v12-full-rerun/runs/dissertation_v12_sumo120/training/B1_mlp/seed_46/ckpt_epoch_0010.pt --episodes 8 --seed 2026 --demand-split val --output /Users/hongweilin/Documents/workspace/documents/Personal/DMU/Final Dissertation/dissertation-v12-full-rerun/runs/dissertation_v12_sumo120/training/B1_mlp/seed_46/validation/ckpt_epoch_0010.json --stochastic
checkpoint: ckpt_epoch_0010.pt  (epoch 10, 106,487 params)
env:        central_park  |  degradation: off  |  device: cpu
policy:     stochastic

 ep  pickups      reward  mean_wait_s  rl_steps   wall_s
------------------------------------------------------------
demand:     3 'val' variants, rotated per episode
 Retrying in 1 seconds
Warning: Could not set locale to 'C'.
  0       16     +134.13  871.1470588235294       120      1.6
Warning: Could not set locale to 'C'.
  1       14     +115.47  813.4166666666666       120      0.5
Warning: Could not set locale to 'C'.
  2       12      +92.36  863.578947368421       120      0.5
Warning: Could not set locale to 'C'.
  3       15     +123.75  861.9428571428572       120      0.5
Warning: Could not set locale to 'C'.
  4       11      +83.13  839.4615384615385       120      0.5
Warning: Could not set locale to 'C'.
  5        8      +51.00  862.7619047619048       120      0.5
Warning: Could not set locale to 'C'.
  6       13     +103.19  860.4864864864865       120      0.5
Warning: Could not set locale to 'C'.
  7       10      +73.50      827.525       120      0.5

mean over 8 episodes:
  completed passenger journeys: 12.38 ± 2.50
  reward:    +97.07 ± 25.87
  mean_wait: 850.0s
summary: /Users/hongweilin/Documents/workspace/documents/Personal/DMU/Final Dissertation/dissertation-v12-full-rerun/runs/dissertation_v12_sumo120/training/B1_mlp/seed_46/validation/ckpt_epoch_0010.json
$ /Users/hongweilin/Documents/workspace/documents/Personal/DMU/Final Dissertation/dissertation-v12-full-rerun/.venv/bin/python /Users/hongweilin/Documents/workspace/documents/Personal/DMU/Final Dissertation/dissertation-v12-full-rerun/scripts/eval_policy.py /Users/hongweilin/Documents/workspace/documents/Personal/DMU/Final Dissertation/dissertation-v12-full-rerun/runs/dissertation_v12_sumo120/training/B1_mlp/seed_46/ckpt_epoch_0020.pt --episodes 8 --seed 2026 --demand-split val --output /Users/hongweilin/Documents/workspace/documents/Personal/DMU/Final Dissertation/dissertation-v12-full-rerun/runs/dissertation_v12_sumo120/training/B1_mlp/seed_46/validation/ckpt_epoch_0020.json --stochastic
checkpoint: ckpt_epoch_0020.pt  (epoch 20, 106,487 params)
env:        central_park  |  degradation: off  |  device: cpu
policy:     stochastic

 ep  pickups      reward  mean_wait_s  rl_steps   wall_s
------------------------------------------------------------
demand:     3 'val' variants, rotated per episode
 Retrying in 1 seconds
Warning: Could not set locale to 'C'.
  0       12      +91.79  869.5526315789474       120      1.6
Warning: Could not set locale to 'C'.
  1        9      +62.36  833.6341463414634       120      0.5
Warning: Could not set locale to 'C'.
  2       14     +114.03       861.75       120      0.5
Warning: Could not set locale to 'C'.
  3       13     +102.97  861.972972972973       120      0.5
Warning: Could not set locale to 'C'.
  4       13     +105.16  837.4594594594595       120      0.5
Warning: Could not set locale to 'C'.
  5       10      +71.95      865.925       120      0.6
Warning: Could not set locale to 'C'.
  6       14     +112.47  864.9444444444445       120      0.5
Warning: Could not set locale to 'C'.
  7        7      +41.17  847.4883720930233       120      0.5

mean over 8 episodes:
  completed passenger journeys: 11.50 ± 2.40
  reward:    +87.74 ± 24.79
  mean_wait: 855.3s
summary: /Users/hongweilin/Documents/workspace/documents/Personal/DMU/Final Dissertation/dissertation-v12-full-rerun/runs/dissertation_v12_sumo120/training/B1_mlp/seed_46/validation/ckpt_epoch_0020.json
$ /Users/hongweilin/Documents/workspace/documents/Personal/DMU/Final Dissertation/dissertation-v12-full-rerun/.venv/bin/python /Users/hongweilin/Documents/workspace/documents/Personal/DMU/Final Dissertation/dissertation-v12-full-rerun/scripts/eval_policy.py /Users/hongweilin/Documents/workspace/documents/Personal/DMU/Final Dissertation/dissertation-v12-full-rerun/runs/dissertation_v12_sumo120/training/B1_mlp/seed_46/ckpt_epoch_0030.pt --episodes 8 --seed 2026 --demand-split val --output /Users/hongweilin/Documents/workspace/documents/Personal/DMU/Final Dissertation/dissertation-v12-full-rerun/runs/dissertation_v12_sumo120/training/B1_mlp/seed_46/validation/ckpt_epoch_0030.json --stochastic
checkpoint: ckpt_epoch_0030.pt  (epoch 30, 106,487 params)
env:        central_park  |  degradation: off  |  device: cpu
policy:     stochastic

 ep  pickups      reward  mean_wait_s  rl_steps   wall_s
------------------------------------------------------------
demand:     3 'val' variants, rotated per episode
 Retrying in 1 seconds
Warning: Could not set locale to 'C'.
  0       13     +102.50        868.0       120      1.6
Warning: Could not set locale to 'C'.
  1       13     +104.58  836.2162162162163       120      0.5
Warning: Could not set locale to 'C'.
  2       10      +71.49      870.575       120      0.5
Warning: Could not set locale to 'C'.
  3       15     +123.43  874.4571428571429       120      0.5
Warning: Could not set locale to 'C'.
  4       14     +115.50  839.8888888888889       120      0.5
Warning: Could not set locale to 'C'.
  5       13     +102.96  860.7027027027027       120      0.5
Warning: Could not set locale to 'C'.
  6       12      +92.05  863.578947368421       120      0.5
Warning: Could not set locale to 'C'.
  7       12      +94.76  820.5526315789474       120      0.5

mean over 8 episodes:
  completed passenger journeys: 12.75 ± 1.39
  reward:    +100.91 ± 14.67
  mean_wait: 854.2s
summary: /Users/hongweilin/Documents/workspace/documents/Personal/DMU/Final Dissertation/dissertation-v12-full-rerun/runs/dissertation_v12_sumo120/training/B1_mlp/seed_46/validation/ckpt_epoch_0030.json
$ /Users/hongweilin/Documents/workspace/documents/Personal/DMU/Final Dissertation/dissertation-v12-full-rerun/.venv/bin/python /Users/hongweilin/Documents/workspace/documents/Personal/DMU/Final Dissertation/dissertation-v12-full-rerun/scripts/eval_policy.py /Users/hongweilin/Documents/workspace/documents/Personal/DMU/Final Dissertation/dissertation-v12-full-rerun/runs/dissertation_v12_sumo120/training/B1_mlp/seed_46/ckpt_epoch_0040.pt --episodes 8 --seed 2026 --demand-split val --output /Users/hongweilin/Documents/workspace/documents/Personal/DMU/Final Dissertation/dissertation-v12-full-rerun/runs/dissertation_v12_sumo120/training/B1_mlp/seed_46/validation/ckpt_epoch_0040.json --stochastic
checkpoint: ckpt_epoch_0040.pt  (epoch 40, 106,487 params)
env:        central_park  |  degradation: off  |  device: cpu
policy:     stochastic

 ep  pickups      reward  mean_wait_s  rl_steps   wall_s
------------------------------------------------------------
demand:     3 'val' variants, rotated per episode
 Retrying in 1 seconds
Warning: Could not set locale to 'C'.
  0       12      +92.24  862.1315789473684       120      1.6
Warning: Could not set locale to 'C'.
  1       16     +136.81  824.0588235294117       120      0.5
Warning: Could not set locale to 'C'.
  2       12      +93.13  863.9473684210526       120      0.5
Warning: Could not set locale to 'C'.
  3       14     +113.21  856.3055555555555       120      0.5
Warning: Could not set locale to 'C'.
  4       10      +73.06       845.25       120      0.5
Warning: Could not set locale to 'C'.
  5       11      +82.78  859.5897435897435       120      0.5
Warning: Could not set locale to 'C'.
  6       11      +81.39  863.3589743589744       120      0.5
Warning: Could not set locale to 'C'.
  7       15     +125.98  826.9428571428572       120      0.5

mean over 8 episodes:
  completed passenger journeys: 12.62 ± 2.00
  reward:    +99.83 ± 21.45
  mean_wait: 850.2s
summary: /Users/hongweilin/Documents/workspace/documents/Personal/DMU/Final Dissertation/dissertation-v12-full-rerun/runs/dissertation_v12_sumo120/training/B1_mlp/seed_46/validation/ckpt_epoch_0040.json
$ /Users/hongweilin/Documents/workspace/documents/Personal/DMU/Final Dissertation/dissertation-v12-full-rerun/.venv/bin/python /Users/hongweilin/Documents/workspace/documents/Personal/DMU/Final Dissertation/dissertation-v12-full-rerun/scripts/eval_policy.py /Users/hongweilin/Documents/workspace/documents/Personal/DMU/Final Dissertation/dissertation-v12-full-rerun/runs/dissertation_v12_sumo120/training/B1_mlp/seed_46/ckpt_best.pt --episodes 8 --seed 2026 --demand-split val --output /Users/hongweilin/Documents/workspace/documents/Personal/DMU/Final Dissertation/dissertation-v12-full-rerun/runs/dissertation_v12_sumo120/training/B1_mlp/seed_46/validation/ckpt_best.json --stochastic
checkpoint: ckpt_best.pt  (epoch 49, 106,487 params)
env:        central_park  |  degradation: off  |  device: cpu
policy:     stochastic

 ep  pickups      reward  mean_wait_s  rl_steps   wall_s
------------------------------------------------------------
demand:     3 'val' variants, rotated per episode
 Retrying in 1 seconds
Warning: Could not set locale to 'C'.
  0       15     +123.67  851.7428571428571       120      1.6
Warning: Could not set locale to 'C'.
  1       17     +148.05  806.8181818181819       120      0.6
Warning: Could not set locale to 'C'.
  2       12      +92.43  866.9473684210526       120      0.5
Warning: Could not set locale to 'C'.
  3       15     +122.76  867.4285714285714       120      0.5
Warning: Could not set locale to 'C'.
  4       12      +94.41  824.421052631579       120      0.5
Warning: Could not set locale to 'C'.
  5       10      +72.17      865.725       120      0.5
Warning: Could not set locale to 'C'.
  6       15     +124.17  847.4571428571429       120      0.5
Warning: Could not set locale to 'C'.
  7       11      +83.77  830.1282051282051       120      0.5

mean over 8 episodes:
  completed passenger journeys: 13.38 ± 2.29
  reward:    +107.68 ± 24.05
  mean_wait: 845.1s
summary: /Users/hongweilin/Documents/workspace/documents/Personal/DMU/Final Dissertation/dissertation-v12-full-rerun/runs/dissertation_v12_sumo120/training/B1_mlp/seed_46/validation/ckpt_best.json
$ /Users/hongweilin/Documents/workspace/documents/Personal/DMU/Final Dissertation/dissertation-v12-full-rerun/.venv/bin/python /Users/hongweilin/Documents/workspace/documents/Personal/DMU/Final Dissertation/dissertation-v12-full-rerun/scripts/eval_policy.py /Users/hongweilin/Documents/workspace/documents/Personal/DMU/Final Dissertation/dissertation-v12-full-rerun/runs/dissertation_v12_sumo120/training/B1_mlp/seed_46/ckpt_epoch_0049.pt --episodes 8 --seed 2026 --demand-split val --output /Users/hongweilin/Documents/workspace/documents/Personal/DMU/Final Dissertation/dissertation-v12-full-rerun/runs/dissertation_v12_sumo120/training/B1_mlp/seed_46/validation/ckpt_epoch_0049.json --stochastic
checkpoint: ckpt_epoch_0049.pt  (epoch 49, 106,487 params)
env:        central_park  |  degradation: off  |  device: cpu
policy:     stochastic

 ep  pickups      reward  mean_wait_s  rl_steps   wall_s
------------------------------------------------------------
demand:     3 'val' variants, rotated per episode
 Retrying in 1 seconds
Warning: Could not set locale to 'C'.
  0       15     +123.67  851.7428571428571       120      1.6
Warning: Could not set locale to 'C'.
  1       17     +148.05  806.8181818181819       120      0.5
Warning: Could not set locale to 'C'.
  2       12      +92.43  866.9473684210526       120      0.5
Warning: Could not set locale to 'C'.
  3       15     +122.76  867.4285714285714       120      0.5
Warning: Could not set locale to 'C'.
  4       12      +94.41  824.421052631579       120      0.5
Warning: Could not set locale to 'C'.
  5       10      +72.17      865.725       120      0.5
Warning: Could not set locale to 'C'.
  6       15     +124.17  847.4571428571429       120      0.5
Warning: Could not set locale to 'C'.
  7       11      +83.77  830.1282051282051       120      0.5

mean over 8 episodes:
  completed passenger journeys: 13.38 ± 2.29
  reward:    +107.68 ± 24.05
  mean_wait: 845.1s
summary: /Users/hongweilin/Documents/workspace/documents/Personal/DMU/Final Dissertation/dissertation-v12-full-rerun/runs/dissertation_v12_sumo120/training/B1_mlp/seed_46/validation/ckpt_epoch_0049.json
selected epoch 49 with validation mean 13.38 pickups: /Users/hongweilin/Documents/workspace/documents/Personal/DMU/Final Dissertation/dissertation-v12-full-rerun/runs/dissertation_v12_sumo120/training/B1_mlp/seed_46/ckpt_selected.pt
$ '/Users/hongweilin/Documents/workspace/documents/Personal/DMU/Final Dissertation/dissertation-v12-full-rerun/.venv/bin/python' scripts/check_training_stability.py '/Users/hongweilin/Documents/workspace/documents/Personal/DMU/Final Dissertation/dissertation-v12-full-rerun/runs/dissertation_v12_sumo120/training/B1_mlp/seed_46' --final-window 10 --minimum-final-mean-pickups 5.0 --maximum-consecutive-zero-pickups 4 --minimum-selected-mean-pickups 5.0 --minimum-final-validation-retention 0.8
{
  "ok": true,
  "checks": {
    "final_mean_pickups": true,
    "maximum_consecutive_zero_pickups": true,
    "selected_validation_pickups": true,
    "final_validation_retention": true
  },
  "observed": {
    "epochs": 50,
    "final_window": 10,
    "final_mean_pickups": 12.7,
    "longest_consecutive_zero_pickups": 0,
    "selected_validation_mean_pickups": 13.375,
    "final_validation_mean_pickups": 13.375,
    "final_validation_retention": 1.0
  },
  "thresholds": {
    "minimum_final_mean_pickups": 5.0,
    "maximum_consecutive_zero_pickups": 4,
    "minimum_selected_mean_pickups": 5.0,
    "minimum_final_validation_retention": 0.8
  }
}
stability: OK (/Users/hongweilin/Documents/workspace/documents/Personal/DMU/Final Dissertation/dissertation-v12-full-rerun/runs/dissertation_v12_sumo120/training/B1_mlp/seed_46/training_stability.json)
$ '/Users/hongweilin/Documents/workspace/documents/Personal/DMU/Final Dissertation/dissertation-v12-full-rerun/.venv/bin/python' scripts/select_checkpoint.py '/Users/hongweilin/Documents/workspace/documents/Personal/DMU/Final Dissertation/dissertation-v12-full-rerun/runs/dissertation_v12_sumo120/training/B2_gat/seed_42' --episodes 8 --seed 2026 --demand-split val --minimum-mean-pickups 2.0 --resume
$ /Users/hongweilin/Documents/workspace/documents/Personal/DMU/Final Dissertation/dissertation-v12-full-rerun/.venv/bin/python /Users/hongweilin/Documents/workspace/documents/Personal/DMU/Final Dissertation/dissertation-v12-full-rerun/scripts/eval_policy.py /Users/hongweilin/Documents/workspace/documents/Personal/DMU/Final Dissertation/dissertation-v12-full-rerun/runs/dissertation_v12_sumo120/training/B2_gat/seed_42/ckpt_epoch_0000.pt --episodes 8 --seed 2026 --demand-split val --output /Users/hongweilin/Documents/workspace/documents/Personal/DMU/Final Dissertation/dissertation-v12-full-rerun/runs/dissertation_v12_sumo120/training/B2_gat/seed_42/validation/ckpt_epoch_0000.json --stochastic
checkpoint: ckpt_epoch_0000.pt  (epoch 0, 113,731 params)
env:        central_park  |  degradation: off  |  device: cpu
policy:     stochastic

 ep  pickups      reward  mean_wait_s  rl_steps   wall_s
------------------------------------------------------------
demand:     3 'val' variants, rotated per episode
 Retrying in 1 seconds
Warning: Could not set locale to 'C'.
  0       17     +145.90  851.3939393939394       120      1.6
Warning: Could not set locale to 'C'.
  1        9      +62.40  821.829268292683       120      0.5
Warning: Could not set locale to 'C'.
  2       14     +114.15  853.3333333333334       120      0.6
Warning: Could not set locale to 'C'.
  3       13     +102.37  874.7567567567568       120      0.5
Warning: Could not set locale to 'C'.
  4       10      +73.15      824.225       120      0.5
Warning: Could not set locale to 'C'.
  5       12      +92.83  861.3684210526316       120      0.6
Warning: Could not set locale to 'C'.
  6       15     +124.01  843.7714285714286       120      0.5
Warning: Could not set locale to 'C'.
  7       16     +136.84  832.6470588235294       120      0.6

mean over 8 episodes:
  completed passenger journeys: 13.25 ± 2.63
  reward:    +106.46 ± 27.61
  mean_wait: 845.4s
summary: /Users/hongweilin/Documents/workspace/documents/Personal/DMU/Final Dissertation/dissertation-v12-full-rerun/runs/dissertation_v12_sumo120/training/B2_gat/seed_42/validation/ckpt_epoch_0000.json
$ /Users/hongweilin/Documents/workspace/documents/Personal/DMU/Final Dissertation/dissertation-v12-full-rerun/.venv/bin/python /Users/hongweilin/Documents/workspace/documents/Personal/DMU/Final Dissertation/dissertation-v12-full-rerun/scripts/eval_policy.py /Users/hongweilin/Documents/workspace/documents/Personal/DMU/Final Dissertation/dissertation-v12-full-rerun/runs/dissertation_v12_sumo120/training/B2_gat/seed_42/ckpt_epoch_0010.pt --episodes 8 --seed 2026 --demand-split val --output /Users/hongweilin/Documents/workspace/documents/Personal/DMU/Final Dissertation/dissertation-v12-full-rerun/runs/dissertation_v12_sumo120/training/B2_gat/seed_42/validation/ckpt_epoch_0010.json --stochastic
checkpoint: ckpt_epoch_0010.pt  (epoch 10, 113,731 params)
env:        central_park  |  degradation: off  |  device: cpu
policy:     stochastic

 ep  pickups      reward  mean_wait_s  rl_steps   wall_s
------------------------------------------------------------
demand:     3 'val' variants, rotated per episode
 Retrying in 1 seconds
Warning: Could not set locale to 'C'.
  0       17     +145.90  851.3939393939394       120      1.6
Warning: Could not set locale to 'C'.
  1        9      +62.40  821.829268292683       120      0.5
Warning: Could not set locale to 'C'.
  2       15     +124.70  845.4571428571429       120      0.6
Warning: Could not set locale to 'C'.
  3       13     +102.37  874.7567567567568       120      0.5
Warning: Could not set locale to 'C'.
  4       10      +72.93       846.15       120      0.5
Warning: Could not set locale to 'C'.
  5       12      +92.83  861.3684210526316       120      0.5
Warning: Could not set locale to 'C'.
  6       15     +124.01  843.7714285714286       120      0.5
Warning: Could not set locale to 'C'.
  7       16     +136.84  832.6470588235294       120      0.5

mean over 8 episodes:
  completed passenger journeys: 13.38 ± 2.69
  reward:    +107.75 ± 28.23
  mean_wait: 847.2s
summary: /Users/hongweilin/Documents/workspace/documents/Personal/DMU/Final Dissertation/dissertation-v12-full-rerun/runs/dissertation_v12_sumo120/training/B2_gat/seed_42/validation/ckpt_epoch_0010.json
$ /Users/hongweilin/Documents/workspace/documents/Personal/DMU/Final Dissertation/dissertation-v12-full-rerun/.venv/bin/python /Users/hongweilin/Documents/workspace/documents/Personal/DMU/Final Dissertation/dissertation-v12-full-rerun/scripts/eval_policy.py /Users/hongweilin/Documents/workspace/documents/Personal/DMU/Final Dissertation/dissertation-v12-full-rerun/runs/dissertation_v12_sumo120/training/B2_gat/seed_42/ckpt_epoch_0020.pt --episodes 8 --seed 2026 --demand-split val --output /Users/hongweilin/Documents/workspace/documents/Personal/DMU/Final Dissertation/dissertation-v12-full-rerun/runs/dissertation_v12_sumo120/training/B2_gat/seed_42/validation/ckpt_epoch_0020.json --stochastic
checkpoint: ckpt_epoch_0020.pt  (epoch 20, 113,731 params)
env:        central_park  |  degradation: off  |  device: cpu
policy:     stochastic

 ep  pickups      reward  mean_wait_s  rl_steps   wall_s
------------------------------------------------------------
demand:     3 'val' variants, rotated per episode
 Retrying in 1 seconds
Warning: Could not set locale to 'C'.
  0       17     +145.90  851.3939393939394       120      1.6
Warning: Could not set locale to 'C'.
  1        9      +62.40  821.829268292683       120      0.5
Warning: Could not set locale to 'C'.
  2       15     +124.70  845.4571428571429       120      0.6
Warning: Could not set locale to 'C'.
  3       13     +102.37  874.7567567567568       120      0.5
Warning: Could not set locale to 'C'.
  4       10      +72.93       846.15       120      0.5
Warning: Could not set locale to 'C'.
  5       12      +92.82  861.3684210526316       120      0.5
Warning: Could not set locale to 'C'.
  6       15     +124.01  843.7714285714286       120      0.5
Warning: Could not set locale to 'C'.
  7       16     +136.84  832.6470588235294       120      0.5

mean over 8 episodes:
  completed passenger journeys: 13.38 ± 2.69
  reward:    +107.75 ± 28.23
  mean_wait: 847.2s
summary: /Users/hongweilin/Documents/workspace/documents/Personal/DMU/Final Dissertation/dissertation-v12-full-rerun/runs/dissertation_v12_sumo120/training/B2_gat/seed_42/validation/ckpt_epoch_0020.json
$ /Users/hongweilin/Documents/workspace/documents/Personal/DMU/Final Dissertation/dissertation-v12-full-rerun/.venv/bin/python /Users/hongweilin/Documents/workspace/documents/Personal/DMU/Final Dissertation/dissertation-v12-full-rerun/scripts/eval_policy.py /Users/hongweilin/Documents/workspace/documents/Personal/DMU/Final Dissertation/dissertation-v12-full-rerun/runs/dissertation_v12_sumo120/training/B2_gat/seed_42/ckpt_best.pt --episodes 8 --seed 2026 --demand-split val --output /Users/hongweilin/Documents/workspace/documents/Personal/DMU/Final Dissertation/dissertation-v12-full-rerun/runs/dissertation_v12_sumo120/training/B2_gat/seed_42/validation/ckpt_best.json --stochastic
checkpoint: ckpt_best.pt  (epoch 24, 113,731 params)
env:        central_park  |  degradation: off  |  device: cpu
policy:     stochastic

 ep  pickups      reward  mean_wait_s  rl_steps   wall_s
------------------------------------------------------------
demand:     3 'val' variants, rotated per episode
 Retrying in 1 seconds
Warning: Could not set locale to 'C'.
  0       13     +102.36  866.2162162162163       120      1.7
Warning: Could not set locale to 'C'.
  1       11      +83.30  848.025641025641       120      0.5
Warning: Could not set locale to 'C'.
  2       15     +124.70  845.4571428571429       120      0.6
Warning: Could not set locale to 'C'.
  3       13     +102.37  874.7567567567568       120      0.5
Warning: Could not set locale to 'C'.
  4       10      +72.93       846.15       120      0.5
Warning: Could not set locale to 'C'.
  5       12      +92.82  861.3684210526316       120      0.6
Warning: Could not set locale to 'C'.
  6       15     +124.01  843.7714285714286       120      0.5
Warning: Could not set locale to 'C'.
  7       16     +136.84  832.6470588235294       120      0.5

mean over 8 episodes:
  completed passenger journeys: 13.12 ± 1.96
  reward:    +104.92 ± 20.69
  mean_wait: 852.3s
summary: /Users/hongweilin/Documents/workspace/documents/Personal/DMU/Final Dissertation/dissertation-v12-full-rerun/runs/dissertation_v12_sumo120/training/B2_gat/seed_42/validation/ckpt_best.json
$ /Users/hongweilin/Documents/workspace/documents/Personal/DMU/Final Dissertation/dissertation-v12-full-rerun/.venv/bin/python /Users/hongweilin/Documents/workspace/documents/Personal/DMU/Final Dissertation/dissertation-v12-full-rerun/scripts/eval_policy.py /Users/hongweilin/Documents/workspace/documents/Personal/DMU/Final Dissertation/dissertation-v12-full-rerun/runs/dissertation_v12_sumo120/training/B2_gat/seed_42/ckpt_epoch_0030.pt --episodes 8 --seed 2026 --demand-split val --output /Users/hongweilin/Documents/workspace/documents/Personal/DMU/Final Dissertation/dissertation-v12-full-rerun/runs/dissertation_v12_sumo120/training/B2_gat/seed_42/validation/ckpt_epoch_0030.json --stochastic
checkpoint: ckpt_epoch_0030.pt  (epoch 30, 113,731 params)
env:        central_park  |  degradation: off  |  device: cpu
policy:     stochastic

 ep  pickups      reward  mean_wait_s  rl_steps   wall_s
------------------------------------------------------------
demand:     3 'val' variants, rotated per episode
 Retrying in 1 seconds
Warning: Could not set locale to 'C'.
  0       13     +102.36  866.2162162162163       120      1.6
Warning: Could not set locale to 'C'.
  1       11      +83.30  848.025641025641       120      0.5
Warning: Could not set locale to 'C'.
  2       15     +124.70  845.4571428571429       120      0.5
Warning: Could not set locale to 'C'.
  3       13     +102.37  874.7567567567568       120      0.6
Warning: Could not set locale to 'C'.
  4       10      +72.93       846.15       120      0.5
Warning: Could not set locale to 'C'.
  5       12      +92.82  861.3684210526316       120      0.5
Warning: Could not set locale to 'C'.
  6       15     +124.01  843.7714285714286       120      0.5
Warning: Could not set locale to 'C'.
  7       16     +136.84  832.6470588235294       120      0.5

mean over 8 episodes:
  completed passenger journeys: 13.12 ± 1.96
  reward:    +104.92 ± 20.69
  mean_wait: 852.3s
summary: /Users/hongweilin/Documents/workspace/documents/Personal/DMU/Final Dissertation/dissertation-v12-full-rerun/runs/dissertation_v12_sumo120/training/B2_gat/seed_42/validation/ckpt_epoch_0030.json
$ /Users/hongweilin/Documents/workspace/documents/Personal/DMU/Final Dissertation/dissertation-v12-full-rerun/.venv/bin/python /Users/hongweilin/Documents/workspace/documents/Personal/DMU/Final Dissertation/dissertation-v12-full-rerun/scripts/eval_policy.py /Users/hongweilin/Documents/workspace/documents/Personal/DMU/Final Dissertation/dissertation-v12-full-rerun/runs/dissertation_v12_sumo120/training/B2_gat/seed_42/ckpt_epoch_0040.pt --episodes 8 --seed 2026 --demand-split val --output /Users/hongweilin/Documents/workspace/documents/Personal/DMU/Final Dissertation/dissertation-v12-full-rerun/runs/dissertation_v12_sumo120/training/B2_gat/seed_42/validation/ckpt_epoch_0040.json --stochastic
checkpoint: ckpt_epoch_0040.pt  (epoch 40, 113,731 params)
env:        central_park  |  degradation: off  |  device: cpu
policy:     stochastic

 ep  pickups      reward  mean_wait_s  rl_steps   wall_s
------------------------------------------------------------
demand:     3 'val' variants, rotated per episode
 Retrying in 1 seconds
Warning: Could not set locale to 'C'.
  0       17     +145.90  851.3939393939394       120      1.7
Warning: Could not set locale to 'C'.
  1       11      +83.30  848.025641025641       120      0.5
Warning: Could not set locale to 'C'.
  2       14     +114.15  853.3333333333334       120      0.6
Warning: Could not set locale to 'C'.
  3       13     +102.37  874.7567567567568       120      0.5
Warning: Could not set locale to 'C'.
  4       10      +73.11       837.65       120      0.5
Warning: Could not set locale to 'C'.
  5       12      +92.82  861.3684210526316       120      0.6
Warning: Could not set locale to 'C'.
  6       15     +124.01  843.7714285714286       120      0.6
Warning: Could not set locale to 'C'.
  7       16     +136.84  832.6470588235294       120      0.5

mean over 8 episodes:
  completed passenger journeys: 13.50 ± 2.29
  reward:    +109.06 ± 24.09
  mean_wait: 850.4s
summary: /Users/hongweilin/Documents/workspace/documents/Personal/DMU/Final Dissertation/dissertation-v12-full-rerun/runs/dissertation_v12_sumo120/training/B2_gat/seed_42/validation/ckpt_epoch_0040.json
$ /Users/hongweilin/Documents/workspace/documents/Personal/DMU/Final Dissertation/dissertation-v12-full-rerun/.venv/bin/python /Users/hongweilin/Documents/workspace/documents/Personal/DMU/Final Dissertation/dissertation-v12-full-rerun/scripts/eval_policy.py /Users/hongweilin/Documents/workspace/documents/Personal/DMU/Final Dissertation/dissertation-v12-full-rerun/runs/dissertation_v12_sumo120/training/B2_gat/seed_42/ckpt_epoch_0049.pt --episodes 8 --seed 2026 --demand-split val --output /Users/hongweilin/Documents/workspace/documents/Personal/DMU/Final Dissertation/dissertation-v12-full-rerun/runs/dissertation_v12_sumo120/training/B2_gat/seed_42/validation/ckpt_epoch_0049.json --stochastic
checkpoint: ckpt_epoch_0049.pt  (epoch 49, 113,731 params)
env:        central_park  |  degradation: off  |  device: cpu
policy:     stochastic

 ep  pickups      reward  mean_wait_s  rl_steps   wall_s
------------------------------------------------------------
demand:     3 'val' variants, rotated per episode
 Retrying in 1 seconds
Warning: Could not set locale to 'C'.
  0       17     +145.90  851.3939393939394       120      1.6
Warning: Could not set locale to 'C'.
  1        9      +62.40  821.829268292683       120      0.5
Warning: Could not set locale to 'C'.
  2       14     +114.15  853.3333333333334       120      0.5
Warning: Could not set locale to 'C'.
  3       13     +102.37  874.7567567567568       120      0.5
Warning: Could not set locale to 'C'.
  4       10      +73.11       837.65       120      0.5
Warning: Could not set locale to 'C'.
  5       12      +92.82  861.3684210526316       120      0.5
Warning: Could not set locale to 'C'.
  6       15     +124.01  843.7714285714286       120      0.5
Warning: Could not set locale to 'C'.
  7       16     +136.84  832.6470588235294       120      0.6

mean over 8 episodes:
  completed passenger journeys: 13.25 ± 2.63
  reward:    +106.45 ± 27.62
  mean_wait: 847.1s
summary: /Users/hongweilin/Documents/workspace/documents/Personal/DMU/Final Dissertation/dissertation-v12-full-rerun/runs/dissertation_v12_sumo120/training/B2_gat/seed_42/validation/ckpt_epoch_0049.json
selected epoch 40 with validation mean 13.50 pickups: /Users/hongweilin/Documents/workspace/documents/Personal/DMU/Final Dissertation/dissertation-v12-full-rerun/runs/dissertation_v12_sumo120/training/B2_gat/seed_42/ckpt_selected.pt
$ '/Users/hongweilin/Documents/workspace/documents/Personal/DMU/Final Dissertation/dissertation-v12-full-rerun/.venv/bin/python' scripts/check_training_stability.py '/Users/hongweilin/Documents/workspace/documents/Personal/DMU/Final Dissertation/dissertation-v12-full-rerun/runs/dissertation_v12_sumo120/training/B2_gat/seed_42' --final-window 10 --minimum-final-mean-pickups 5.0 --maximum-consecutive-zero-pickups 4 --minimum-selected-mean-pickups 5.0 --minimum-final-validation-retention 0.8
{
  "ok": true,
  "checks": {
    "final_mean_pickups": true,
    "maximum_consecutive_zero_pickups": true,
    "selected_validation_pickups": true,
    "final_validation_retention": true
  },
  "observed": {
    "epochs": 50,
    "final_window": 10,
    "final_mean_pickups": 12.1,
    "longest_consecutive_zero_pickups": 0,
    "selected_validation_mean_pickups": 13.5,
    "final_validation_mean_pickups": 13.25,
    "final_validation_retention": 0.9814814814814815
  },
  "thresholds": {
    "minimum_final_mean_pickups": 5.0,
    "maximum_consecutive_zero_pickups": 4,
    "minimum_selected_mean_pickups": 5.0,
    "minimum_final_validation_retention": 0.8
  }
}
stability: OK (/Users/hongweilin/Documents/workspace/documents/Personal/DMU/Final Dissertation/dissertation-v12-full-rerun/runs/dissertation_v12_sumo120/training/B2_gat/seed_42/training_stability.json)
$ '/Users/hongweilin/Documents/workspace/documents/Personal/DMU/Final Dissertation/dissertation-v12-full-rerun/.venv/bin/python' scripts/select_checkpoint.py '/Users/hongweilin/Documents/workspace/documents/Personal/DMU/Final Dissertation/dissertation-v12-full-rerun/runs/dissertation_v12_sumo120/training/B2_gat/seed_43' --episodes 8 --seed 2026 --demand-split val --minimum-mean-pickups 2.0 --resume
$ /Users/hongweilin/Documents/workspace/documents/Personal/DMU/Final Dissertation/dissertation-v12-full-rerun/.venv/bin/python /Users/hongweilin/Documents/workspace/documents/Personal/DMU/Final Dissertation/dissertation-v12-full-rerun/scripts/eval_policy.py /Users/hongweilin/Documents/workspace/documents/Personal/DMU/Final Dissertation/dissertation-v12-full-rerun/runs/dissertation_v12_sumo120/training/B2_gat/seed_43/ckpt_epoch_0000.pt --episodes 8 --seed 2026 --demand-split val --output /Users/hongweilin/Documents/workspace/documents/Personal/DMU/Final Dissertation/dissertation-v12-full-rerun/runs/dissertation_v12_sumo120/training/B2_gat/seed_43/validation/ckpt_epoch_0000.json --stochastic
checkpoint: ckpt_epoch_0000.pt  (epoch 0, 113,731 params)
env:        central_park  |  degradation: off  |  device: cpu
policy:     stochastic

 ep  pickups      reward  mean_wait_s  rl_steps   wall_s
------------------------------------------------------------
demand:     3 'val' variants, rotated per episode
 Retrying in 1 seconds
Warning: Could not set locale to 'C'.
  0       13     +103.03  851.918918918919       120      1.7
Warning: Could not set locale to 'C'.
  1       11      +83.01  842.6923076923077       120      0.5
Warning: Could not set locale to 'C'.
  2       17     +146.27  844.6363636363636       120      0.6
Warning: Could not set locale to 'C'.
  3       12      +92.02  863.6315789473684       120      0.5
Warning: Could not set locale to 'C'.
  4       12      +93.84  837.7894736842105       120      0.5
Warning: Could not set locale to 'C'.
  5       12      +92.82  861.3684210526316       120      0.6
Warning: Could not set locale to 'C'.
  6       17     +144.70  850.8181818181819       120      0.6
Warning: Could not set locale to 'C'.
  7       15     +125.88  828.6571428571428       120      0.5

mean over 8 episodes:
  completed passenger journeys: 13.62 ± 2.23
  reward:    +110.20 ± 23.53
  mean_wait: 847.7s
summary: /Users/hongweilin/Documents/workspace/documents/Personal/DMU/Final Dissertation/dissertation-v12-full-rerun/runs/dissertation_v12_sumo120/training/B2_gat/seed_43/validation/ckpt_epoch_0000.json
$ /Users/hongweilin/Documents/workspace/documents/Personal/DMU/Final Dissertation/dissertation-v12-full-rerun/.venv/bin/python /Users/hongweilin/Documents/workspace/documents/Personal/DMU/Final Dissertation/dissertation-v12-full-rerun/scripts/eval_policy.py /Users/hongweilin/Documents/workspace/documents/Personal/DMU/Final Dissertation/dissertation-v12-full-rerun/runs/dissertation_v12_sumo120/training/B2_gat/seed_43/ckpt_epoch_0010.pt --episodes 8 --seed 2026 --demand-split val --output /Users/hongweilin/Documents/workspace/documents/Personal/DMU/Final Dissertation/dissertation-v12-full-rerun/runs/dissertation_v12_sumo120/training/B2_gat/seed_43/validation/ckpt_epoch_0010.json --stochastic
checkpoint: ckpt_epoch_0010.pt  (epoch 10, 113,731 params)
env:        central_park  |  degradation: off  |  device: cpu
policy:     stochastic

 ep  pickups      reward  mean_wait_s  rl_steps   wall_s
------------------------------------------------------------
demand:     3 'val' variants, rotated per episode
 Retrying in 1 seconds
Warning: Could not set locale to 'C'.
  0       17     +145.90  851.3939393939394       120      1.7
Warning: Could not set locale to 'C'.
  1        9      +62.40  821.829268292683       120      0.5
Warning: Could not set locale to 'C'.
  2       15     +124.70  845.4571428571429       120      0.6
Warning: Could not set locale to 'C'.
  3       13     +102.37  874.7567567567568       120      0.5
Warning: Could not set locale to 'C'.
  4        9      +62.58  831.1951219512196       120      0.5
Warning: Could not set locale to 'C'.
  5       12      +92.82  861.3684210526316       120      0.5
Warning: Could not set locale to 'C'.
  6       16     +134.50        850.0       120      0.5
Warning: Could not set locale to 'C'.
  7       16     +136.84  832.6470588235294       120      0.5

mean over 8 episodes:
  completed passenger journeys: 13.38 ± 2.96
  reward:    +107.76 ± 30.93
  mean_wait: 846.1s
summary: /Users/hongweilin/Documents/workspace/documents/Personal/DMU/Final Dissertation/dissertation-v12-full-rerun/runs/dissertation_v12_sumo120/training/B2_gat/seed_43/validation/ckpt_epoch_0010.json
$ /Users/hongweilin/Documents/workspace/documents/Personal/DMU/Final Dissertation/dissertation-v12-full-rerun/.venv/bin/python /Users/hongweilin/Documents/workspace/documents/Personal/DMU/Final Dissertation/dissertation-v12-full-rerun/scripts/eval_policy.py /Users/hongweilin/Documents/workspace/documents/Personal/DMU/Final Dissertation/dissertation-v12-full-rerun/runs/dissertation_v12_sumo120/training/B2_gat/seed_43/ckpt_epoch_0020.pt --episodes 8 --seed 2026 --demand-split val --output /Users/hongweilin/Documents/workspace/documents/Personal/DMU/Final Dissertation/dissertation-v12-full-rerun/runs/dissertation_v12_sumo120/training/B2_gat/seed_43/validation/ckpt_epoch_0020.json --stochastic
checkpoint: ckpt_epoch_0020.pt  (epoch 20, 113,731 params)
env:        central_park  |  degradation: off  |  device: cpu
policy:     stochastic

 ep  pickups      reward  mean_wait_s  rl_steps   wall_s
------------------------------------------------------------
demand:     3 'val' variants, rotated per episode
 Retrying in 1 seconds
Warning: Could not set locale to 'C'.
  0       17     +145.90  851.3939393939394       120      1.6
Warning: Could not set locale to 'C'.
  1        9      +62.40  821.829268292683       120      0.5
Warning: Could not set locale to 'C'.
  2       15     +124.70  845.4571428571429       120      0.6
Warning: Could not set locale to 'C'.
  3       13     +102.37  874.7567567567568       120      0.5
Warning: Could not set locale to 'C'.
  4       10      +73.15      824.225       120      0.5
Warning: Could not set locale to 'C'.
  5       12      +92.83  861.3684210526316       120      0.6
Warning: Could not set locale to 'C'.
  6       16     +134.50        850.0       120      0.5
Warning: Could not set locale to 'C'.
  7       16     +136.84  832.6470588235294       120      0.5

mean over 8 episodes:
  completed passenger journeys: 13.50 ± 2.78
  reward:    +109.09 ± 29.15
  mean_wait: 845.2s
summary: /Users/hongweilin/Documents/workspace/documents/Personal/DMU/Final Dissertation/dissertation-v12-full-rerun/runs/dissertation_v12_sumo120/training/B2_gat/seed_43/validation/ckpt_epoch_0020.json
$ /Users/hongweilin/Documents/workspace/documents/Personal/DMU/Final Dissertation/dissertation-v12-full-rerun/.venv/bin/python /Users/hongweilin/Documents/workspace/documents/Personal/DMU/Final Dissertation/dissertation-v12-full-rerun/scripts/eval_policy.py /Users/hongweilin/Documents/workspace/documents/Personal/DMU/Final Dissertation/dissertation-v12-full-rerun/runs/dissertation_v12_sumo120/training/B2_gat/seed_43/ckpt_best.pt --episodes 8 --seed 2026 --demand-split val --output /Users/hongweilin/Documents/workspace/documents/Personal/DMU/Final Dissertation/dissertation-v12-full-rerun/runs/dissertation_v12_sumo120/training/B2_gat/seed_43/validation/ckpt_best.json --stochastic
checkpoint: ckpt_best.pt  (epoch 28, 113,731 params)
env:        central_park  |  degradation: off  |  device: cpu
policy:     stochastic

 ep  pickups      reward  mean_wait_s  rl_steps   wall_s
------------------------------------------------------------
demand:     3 'val' variants, rotated per episode
 Retrying in 1 seconds
Warning: Could not set locale to 'C'.
  0       17     +145.90  851.3939393939394       120      1.6
Warning: Could not set locale to 'C'.
  1       10      +72.86        845.0       120      0.5
Warning: Could not set locale to 'C'.
  2       15     +124.70  845.4571428571429       120      0.6
Warning: Could not set locale to 'C'.
  3       14     +112.70  880.3055555555555       120      0.5
Warning: Could not set locale to 'C'.
  4       14     +115.77  820.9444444444445       120      0.5
Warning: Could not set locale to 'C'.
  5       12      +92.83  861.3684210526316       120      0.6
Warning: Could not set locale to 'C'.
  6       13     +103.26  847.5945945945946       120      0.5
Warning: Could not set locale to 'C'.
  7       16     +136.84  832.6470588235294       120      0.6

mean over 8 episodes:
  completed passenger journeys: 13.88 ± 2.09
  reward:    +113.11 ± 22.10
  mean_wait: 848.1s
summary: /Users/hongweilin/Documents/workspace/documents/Personal/DMU/Final Dissertation/dissertation-v12-full-rerun/runs/dissertation_v12_sumo120/training/B2_gat/seed_43/validation/ckpt_best.json
$ /Users/hongweilin/Documents/workspace/documents/Personal/DMU/Final Dissertation/dissertation-v12-full-rerun/.venv/bin/python /Users/hongweilin/Documents/workspace/documents/Personal/DMU/Final Dissertation/dissertation-v12-full-rerun/scripts/eval_policy.py /Users/hongweilin/Documents/workspace/documents/Personal/DMU/Final Dissertation/dissertation-v12-full-rerun/runs/dissertation_v12_sumo120/training/B2_gat/seed_43/ckpt_epoch_0030.pt --episodes 8 --seed 2026 --demand-split val --output /Users/hongweilin/Documents/workspace/documents/Personal/DMU/Final Dissertation/dissertation-v12-full-rerun/runs/dissertation_v12_sumo120/training/B2_gat/seed_43/validation/ckpt_epoch_0030.json --stochastic
checkpoint: ckpt_epoch_0030.pt  (epoch 30, 113,731 params)
env:        central_park  |  degradation: off  |  device: cpu
policy:     stochastic

 ep  pickups      reward  mean_wait_s  rl_steps   wall_s
------------------------------------------------------------
demand:     3 'val' variants, rotated per episode
 Retrying in 1 seconds
Warning: Could not set locale to 'C'.
  0       17     +145.90  851.3939393939394       120      1.6
Warning: Could not set locale to 'C'.
  1       10      +72.86        845.0       120      0.5
Warning: Could not set locale to 'C'.
  2       15     +124.68  849.8285714285714       120      0.5
Warning: Could not set locale to 'C'.
  3       14     +112.70  880.3055555555555       120      0.5
Warning: Could not set locale to 'C'.
  4       14     +115.77  820.9444444444445       120      0.5
Warning: Could not set locale to 'C'.
  5       12      +92.83  861.3684210526316       120      0.5
Warning: Could not set locale to 'C'.
  6       13     +103.26  847.5945945945946       120      0.5
Warning: Could not set locale to 'C'.
  7       14     +114.90  828.1666666666666       120      0.5

mean over 8 episodes:
  completed passenger journeys: 13.62 ± 1.93
  reward:    +110.36 ± 20.27
  mean_wait: 848.1s
summary: /Users/hongweilin/Documents/workspace/documents/Personal/DMU/Final Dissertation/dissertation-v12-full-rerun/runs/dissertation_v12_sumo120/training/B2_gat/seed_43/validation/ckpt_epoch_0030.json
$ /Users/hongweilin/Documents/workspace/documents/Personal/DMU/Final Dissertation/dissertation-v12-full-rerun/.venv/bin/python /Users/hongweilin/Documents/workspace/documents/Personal/DMU/Final Dissertation/dissertation-v12-full-rerun/scripts/eval_policy.py /Users/hongweilin/Documents/workspace/documents/Personal/DMU/Final Dissertation/dissertation-v12-full-rerun/runs/dissertation_v12_sumo120/training/B2_gat/seed_43/ckpt_epoch_0040.pt --episodes 8 --seed 2026 --demand-split val --output /Users/hongweilin/Documents/workspace/documents/Personal/DMU/Final Dissertation/dissertation-v12-full-rerun/runs/dissertation_v12_sumo120/training/B2_gat/seed_43/validation/ckpt_epoch_0040.json --stochastic
checkpoint: ckpt_epoch_0040.pt  (epoch 40, 113,731 params)
env:        central_park  |  degradation: off  |  device: cpu
policy:     stochastic

 ep  pickups      reward  mean_wait_s  rl_steps   wall_s
------------------------------------------------------------
demand:     3 'val' variants, rotated per episode
 Retrying in 1 seconds
Warning: Could not set locale to 'C'.
  0       13     +102.94  865.4324324324324       120      1.6
Warning: Could not set locale to 'C'.
  1       10      +72.86        845.0       120      0.5
Warning: Could not set locale to 'C'.
  2        9      +61.09  871.8048780487804       120      0.5
Warning: Could not set locale to 'C'.
  3       14     +112.70  880.3055555555555       120      0.5
Warning: Could not set locale to 'C'.
  4       14     +115.77  820.9444444444445       120      0.5
Warning: Could not set locale to 'C'.
  5       12      +93.20  868.7368421052631       120      0.5
Warning: Could not set locale to 'C'.
  6       12      +92.25  863.3684210526316       120      0.5
Warning: Could not set locale to 'C'.
  7       14     +115.98  821.6944444444445       120      0.5

mean over 8 episodes:
  completed passenger journeys: 12.25 ± 1.79
  reward:    +95.85 ± 19.02
  mean_wait: 854.7s
summary: /Users/hongweilin/Documents/workspace/documents/Personal/DMU/Final Dissertation/dissertation-v12-full-rerun/runs/dissertation_v12_sumo120/training/B2_gat/seed_43/validation/ckpt_epoch_0040.json
$ /Users/hongweilin/Documents/workspace/documents/Personal/DMU/Final Dissertation/dissertation-v12-full-rerun/.venv/bin/python /Users/hongweilin/Documents/workspace/documents/Personal/DMU/Final Dissertation/dissertation-v12-full-rerun/scripts/eval_policy.py /Users/hongweilin/Documents/workspace/documents/Personal/DMU/Final Dissertation/dissertation-v12-full-rerun/runs/dissertation_v12_sumo120/training/B2_gat/seed_43/ckpt_epoch_0049.pt --episodes 8 --seed 2026 --demand-split val --output /Users/hongweilin/Documents/workspace/documents/Personal/DMU/Final Dissertation/dissertation-v12-full-rerun/runs/dissertation_v12_sumo120/training/B2_gat/seed_43/validation/ckpt_epoch_0049.json --stochastic
checkpoint: ckpt_epoch_0049.pt  (epoch 49, 113,731 params)
env:        central_park  |  degradation: off  |  device: cpu
policy:     stochastic

 ep  pickups      reward  mean_wait_s  rl_steps   wall_s
------------------------------------------------------------
demand:     3 'val' variants, rotated per episode
 Retrying in 1 seconds
Warning: Could not set locale to 'C'.
  0       13     +102.94  865.4324324324324       120      1.6
Warning: Could not set locale to 'C'.
  1       10      +72.86        845.0       120      0.5
Warning: Could not set locale to 'C'.
  2        9      +61.09  871.8048780487804       120      0.5
Warning: Could not set locale to 'C'.
  3       14     +112.70  880.3055555555555       120      0.5
Warning: Could not set locale to 'C'.
  4       14     +115.77  820.9444444444445       120      0.5
Warning: Could not set locale to 'C'.
  5       12      +93.20  868.7368421052631       120      0.5
Warning: Could not set locale to 'C'.
  6       12      +92.25  863.3684210526316       120      0.5
Warning: Could not set locale to 'C'.
  7       14     +115.98  821.6944444444445       120      0.5

mean over 8 episodes:
  completed passenger journeys: 12.25 ± 1.79
  reward:    +95.85 ± 19.02
  mean_wait: 854.7s
summary: /Users/hongweilin/Documents/workspace/documents/Personal/DMU/Final Dissertation/dissertation-v12-full-rerun/runs/dissertation_v12_sumo120/training/B2_gat/seed_43/validation/ckpt_epoch_0049.json
selected epoch 28 with validation mean 13.88 pickups: /Users/hongweilin/Documents/workspace/documents/Personal/DMU/Final Dissertation/dissertation-v12-full-rerun/runs/dissertation_v12_sumo120/training/B2_gat/seed_43/ckpt_selected.pt
$ '/Users/hongweilin/Documents/workspace/documents/Personal/DMU/Final Dissertation/dissertation-v12-full-rerun/.venv/bin/python' scripts/check_training_stability.py '/Users/hongweilin/Documents/workspace/documents/Personal/DMU/Final Dissertation/dissertation-v12-full-rerun/runs/dissertation_v12_sumo120/training/B2_gat/seed_43' --final-window 10 --minimum-final-mean-pickups 5.0 --maximum-consecutive-zero-pickups 4 --minimum-selected-mean-pickups 5.0 --minimum-final-validation-retention 0.8
{
  "ok": true,
  "checks": {
    "final_mean_pickups": true,
    "maximum_consecutive_zero_pickups": true,
    "selected_validation_pickups": true,
    "final_validation_retention": true
  },
  "observed": {
    "epochs": 50,
    "final_window": 10,
    "final_mean_pickups": 10.7,
    "longest_consecutive_zero_pickups": 0,
    "selected_validation_mean_pickups": 13.875,
    "final_validation_mean_pickups": 12.25,
    "final_validation_retention": 0.8828828828828829
  },
  "thresholds": {
    "minimum_final_mean_pickups": 5.0,
    "maximum_consecutive_zero_pickups": 4,
    "minimum_selected_mean_pickups": 5.0,
    "minimum_final_validation_retention": 0.8
  }
}
stability: OK (/Users/hongweilin/Documents/workspace/documents/Personal/DMU/Final Dissertation/dissertation-v12-full-rerun/runs/dissertation_v12_sumo120/training/B2_gat/seed_43/training_stability.json)
$ '/Users/hongweilin/Documents/workspace/documents/Personal/DMU/Final Dissertation/dissertation-v12-full-rerun/.venv/bin/python' scripts/select_checkpoint.py '/Users/hongweilin/Documents/workspace/documents/Personal/DMU/Final Dissertation/dissertation-v12-full-rerun/runs/dissertation_v12_sumo120/training/B2_gat/seed_44' --episodes 8 --seed 2026 --demand-split val --minimum-mean-pickups 2.0 --resume
$ /Users/hongweilin/Documents/workspace/documents/Personal/DMU/Final Dissertation/dissertation-v12-full-rerun/.venv/bin/python /Users/hongweilin/Documents/workspace/documents/Personal/DMU/Final Dissertation/dissertation-v12-full-rerun/scripts/eval_policy.py /Users/hongweilin/Documents/workspace/documents/Personal/DMU/Final Dissertation/dissertation-v12-full-rerun/runs/dissertation_v12_sumo120/training/B2_gat/seed_44/ckpt_epoch_0000.pt --episodes 8 --seed 2026 --demand-split val --output /Users/hongweilin/Documents/workspace/documents/Personal/DMU/Final Dissertation/dissertation-v12-full-rerun/runs/dissertation_v12_sumo120/training/B2_gat/seed_44/validation/ckpt_epoch_0000.json --stochastic
checkpoint: ckpt_epoch_0000.pt  (epoch 0, 113,731 params)
env:        central_park  |  degradation: off  |  device: cpu
policy:     stochastic

 ep  pickups      reward  mean_wait_s  rl_steps   wall_s
------------------------------------------------------------
demand:     3 'val' variants, rotated per episode
 Retrying in 1 seconds
Warning: Could not set locale to 'C'.
  0       12      +91.89  866.421052631579       120      1.6
Warning: Could not set locale to 'C'.
  1       11      +83.01  842.6923076923077       120      0.6
Warning: Could not set locale to 'C'.
  2       11      +82.63  860.4102564102565       120      0.6
Warning: Could not set locale to 'C'.
  3       13     +103.02  856.8108108108108       120      0.5
Warning: Could not set locale to 'C'.
  4       12      +93.84  837.7894736842105       120      0.6
Warning: Could not set locale to 'C'.
  5       12      +92.83  861.3684210526316       120      0.5
Warning: Could not set locale to 'C'.
  6       18     +155.26     843.8125       120      0.6
Warning: Could not set locale to 'C'.
  7       12      +94.96  821.6842105263158       120      0.5

mean over 8 episodes:
  completed passenger journeys: 12.62 ± 2.12
  reward:    +99.68 ± 21.89
  mean_wait: 848.9s
summary: /Users/hongweilin/Documents/workspace/documents/Personal/DMU/Final Dissertation/dissertation-v12-full-rerun/runs/dissertation_v12_sumo120/training/B2_gat/seed_44/validation/ckpt_epoch_0000.json
$ /Users/hongweilin/Documents/workspace/documents/Personal/DMU/Final Dissertation/dissertation-v12-full-rerun/.venv/bin/python /Users/hongweilin/Documents/workspace/documents/Personal/DMU/Final Dissertation/dissertation-v12-full-rerun/scripts/eval_policy.py /Users/hongweilin/Documents/workspace/documents/Personal/DMU/Final Dissertation/dissertation-v12-full-rerun/runs/dissertation_v12_sumo120/training/B2_gat/seed_44/ckpt_epoch_0010.pt --episodes 8 --seed 2026 --demand-split val --output /Users/hongweilin/Documents/workspace/documents/Personal/DMU/Final Dissertation/dissertation-v12-full-rerun/runs/dissertation_v12_sumo120/training/B2_gat/seed_44/validation/ckpt_epoch_0010.json --stochastic
checkpoint: ckpt_epoch_0010.pt  (epoch 10, 113,731 params)
env:        central_park  |  degradation: off  |  device: cpu
policy:     stochastic

 ep  pickups      reward  mean_wait_s  rl_steps   wall_s
------------------------------------------------------------
demand:     3 'val' variants, rotated per episode
 Retrying in 1 seconds
Warning: Could not set locale to 'C'.
  0       17     +145.90  851.3939393939394       120      1.6
Warning: Could not set locale to 'C'.
  1        9      +62.40  821.829268292683       120      0.5
Warning: Could not set locale to 'C'.
  2       15     +124.70  845.4571428571429       120      0.6
Warning: Could not set locale to 'C'.
  3       13     +102.37  874.7567567567568       120      0.5
Warning: Could not set locale to 'C'.
  4       10      +73.15      824.225       120      0.5
Warning: Could not set locale to 'C'.
  5       12      +92.83  861.3684210526316       120      0.5
Warning: Could not set locale to 'C'.
  6       16     +134.50        850.0       120      0.6
Warning: Could not set locale to 'C'.
  7       16     +136.84  832.6470588235294       120      0.5

mean over 8 episodes:
  completed passenger journeys: 13.50 ± 2.78
  reward:    +109.09 ± 29.15
  mean_wait: 845.2s
summary: /Users/hongweilin/Documents/workspace/documents/Personal/DMU/Final Dissertation/dissertation-v12-full-rerun/runs/dissertation_v12_sumo120/training/B2_gat/seed_44/validation/ckpt_epoch_0010.json
$ /Users/hongweilin/Documents/workspace/documents/Personal/DMU/Final Dissertation/dissertation-v12-full-rerun/.venv/bin/python /Users/hongweilin/Documents/workspace/documents/Personal/DMU/Final Dissertation/dissertation-v12-full-rerun/scripts/eval_policy.py /Users/hongweilin/Documents/workspace/documents/Personal/DMU/Final Dissertation/dissertation-v12-full-rerun/runs/dissertation_v12_sumo120/training/B2_gat/seed_44/ckpt_epoch_0020.pt --episodes 8 --seed 2026 --demand-split val --output /Users/hongweilin/Documents/workspace/documents/Personal/DMU/Final Dissertation/dissertation-v12-full-rerun/runs/dissertation_v12_sumo120/training/B2_gat/seed_44/validation/ckpt_epoch_0020.json --stochastic
checkpoint: ckpt_epoch_0020.pt  (epoch 20, 113,731 params)
env:        central_park  |  degradation: off  |  device: cpu
policy:     stochastic

 ep  pickups      reward  mean_wait_s  rl_steps   wall_s
------------------------------------------------------------
demand:     3 'val' variants, rotated per episode
 Retrying in 1 seconds
Warning: Could not set locale to 'C'.
  0       17     +145.54  856.8484848484849       120      1.6
Warning: Could not set locale to 'C'.
  1       10      +72.86        845.0       120      0.5
Warning: Could not set locale to 'C'.
  2        9      +61.09  871.8048780487804       120      0.5
Warning: Could not set locale to 'C'.
  3       14     +112.70  880.3055555555555       120      0.5
Warning: Could not set locale to 'C'.
  4       14     +115.77  820.9444444444445       120      0.5
Warning: Could not set locale to 'C'.
  5       12      +92.83  861.3684210526316       120      0.6
Warning: Could not set locale to 'C'.
  6       13     +103.01  857.1081081081081       120      0.5
Warning: Could not set locale to 'C'.
  7       14     +114.90  828.1666666666666       120      0.5

mean over 8 episodes:
  completed passenger journeys: 12.88 ± 2.37
  reward:    +102.34 ± 24.93
  mean_wait: 852.7s
summary: /Users/hongweilin/Documents/workspace/documents/Personal/DMU/Final Dissertation/dissertation-v12-full-rerun/runs/dissertation_v12_sumo120/training/B2_gat/seed_44/validation/ckpt_epoch_0020.json
$ /Users/hongweilin/Documents/workspace/documents/Personal/DMU/Final Dissertation/dissertation-v12-full-rerun/.venv/bin/python /Users/hongweilin/Documents/workspace/documents/Personal/DMU/Final Dissertation/dissertation-v12-full-rerun/scripts/eval_policy.py /Users/hongweilin/Documents/workspace/documents/Personal/DMU/Final Dissertation/dissertation-v12-full-rerun/runs/dissertation_v12_sumo120/training/B2_gat/seed_44/ckpt_epoch_0030.pt --episodes 8 --seed 2026 --demand-split val --output /Users/hongweilin/Documents/workspace/documents/Personal/DMU/Final Dissertation/dissertation-v12-full-rerun/runs/dissertation_v12_sumo120/training/B2_gat/seed_44/validation/ckpt_epoch_0030.json --stochastic
checkpoint: ckpt_epoch_0030.pt  (epoch 30, 113,731 params)
env:        central_park  |  degradation: off  |  device: cpu
policy:     stochastic

 ep  pickups      reward  mean_wait_s  rl_steps   wall_s
------------------------------------------------------------
demand:     3 'val' variants, rotated per episode
 Retrying in 1 seconds
Warning: Could not set locale to 'C'.
  0       13     +102.94  865.4324324324324       120      1.6
Warning: Could not set locale to 'C'.
  1       10      +72.86        845.0       120      0.5
Warning: Could not set locale to 'C'.
  2        9      +61.09  871.8048780487804       120      0.5
Warning: Could not set locale to 'C'.
  3       14     +112.70  880.3055555555555       120      0.5
Warning: Could not set locale to 'C'.
  4       14     +115.77  820.9444444444445       120      0.5
Warning: Could not set locale to 'C'.
  5       12      +93.20  868.7368421052631       120      0.5
Warning: Could not set locale to 'C'.
  6       13     +103.01  857.1081081081081       120      0.5
Warning: Could not set locale to 'C'.
  7       14     +115.98  821.6944444444445       120      0.5

mean over 8 episodes:
  completed passenger journeys: 12.38 ± 1.80
  reward:    +97.19 ± 19.10
  mean_wait: 853.9s
summary: /Users/hongweilin/Documents/workspace/documents/Personal/DMU/Final Dissertation/dissertation-v12-full-rerun/runs/dissertation_v12_sumo120/training/B2_gat/seed_44/validation/ckpt_epoch_0030.json
$ /Users/hongweilin/Documents/workspace/documents/Personal/DMU/Final Dissertation/dissertation-v12-full-rerun/.venv/bin/python /Users/hongweilin/Documents/workspace/documents/Personal/DMU/Final Dissertation/dissertation-v12-full-rerun/scripts/eval_policy.py /Users/hongweilin/Documents/workspace/documents/Personal/DMU/Final Dissertation/dissertation-v12-full-rerun/runs/dissertation_v12_sumo120/training/B2_gat/seed_44/ckpt_best.pt --episodes 8 --seed 2026 --demand-split val --output /Users/hongweilin/Documents/workspace/documents/Personal/DMU/Final Dissertation/dissertation-v12-full-rerun/runs/dissertation_v12_sumo120/training/B2_gat/seed_44/validation/ckpt_best.json --stochastic
checkpoint: ckpt_best.pt  (epoch 36, 113,731 params)
env:        central_park  |  degradation: off  |  device: cpu
policy:     stochastic

 ep  pickups      reward  mean_wait_s  rl_steps   wall_s
------------------------------------------------------------
demand:     3 'val' variants, rotated per episode
 Retrying in 1 seconds
Warning: Could not set locale to 'C'.
  0       16     +135.31  843.9117647058823       120      1.6
Warning: Could not set locale to 'C'.
  1       10      +72.86        845.0       120      0.5
Warning: Could not set locale to 'C'.
  2        9      +61.09  871.8048780487804       120      0.5
Warning: Could not set locale to 'C'.
  3       14     +112.70  880.3055555555555       120      0.5
Warning: Could not set locale to 'C'.
  4       14     +115.77  820.9444444444445       120      0.5
Warning: Could not set locale to 'C'.
  5       12      +92.83  861.3684210526316       120      0.5
Warning: Could not set locale to 'C'.
  6       13     +103.01  857.1081081081081       120      0.5
Warning: Could not set locale to 'C'.
  7       14     +114.90  828.1666666666666       120      0.5

mean over 8 episodes:
  completed passenger journeys: 12.75 ± 2.17
  reward:    +101.06 ± 22.86
  mean_wait: 851.1s
summary: /Users/hongweilin/Documents/workspace/documents/Personal/DMU/Final Dissertation/dissertation-v12-full-rerun/runs/dissertation_v12_sumo120/training/B2_gat/seed_44/validation/ckpt_best.json
$ /Users/hongweilin/Documents/workspace/documents/Personal/DMU/Final Dissertation/dissertation-v12-full-rerun/.venv/bin/python /Users/hongweilin/Documents/workspace/documents/Personal/DMU/Final Dissertation/dissertation-v12-full-rerun/scripts/eval_policy.py /Users/hongweilin/Documents/workspace/documents/Personal/DMU/Final Dissertation/dissertation-v12-full-rerun/runs/dissertation_v12_sumo120/training/B2_gat/seed_44/ckpt_epoch_0040.pt --episodes 8 --seed 2026 --demand-split val --output /Users/hongweilin/Documents/workspace/documents/Personal/DMU/Final Dissertation/dissertation-v12-full-rerun/runs/dissertation_v12_sumo120/training/B2_gat/seed_44/validation/ckpt_epoch_0040.json --stochastic
checkpoint: ckpt_epoch_0040.pt  (epoch 40, 113,731 params)
env:        central_park  |  degradation: off  |  device: cpu
policy:     stochastic

 ep  pickups      reward  mean_wait_s  rl_steps   wall_s
------------------------------------------------------------
demand:     3 'val' variants, rotated per episode
 Retrying in 1 seconds
Warning: Could not set locale to 'C'.
  0       17     +145.31  850.4545454545455       120      1.6
Warning: Could not set locale to 'C'.
  1       10      +72.86        845.0       120      0.5
Warning: Could not set locale to 'C'.
  2        9      +61.09  871.8048780487804       120      0.6
Warning: Could not set locale to 'C'.
  3       14     +112.70  880.3055555555555       120      0.6
Warning: Could not set locale to 'C'.
  4       14     +115.77  820.9444444444445       120      0.5
Warning: Could not set locale to 'C'.
  5       12      +92.83  861.3684210526316       120      0.6
Warning: Could not set locale to 'C'.
  6       13     +103.01  857.1081081081081       120      0.5
Warning: Could not set locale to 'C'.
  7       14     +114.90  828.1666666666666       120      0.6

mean over 8 episodes:
  completed passenger journeys: 12.88 ± 2.37
  reward:    +102.31 ± 24.88
  mean_wait: 851.9s
summary: /Users/hongweilin/Documents/workspace/documents/Personal/DMU/Final Dissertation/dissertation-v12-full-rerun/runs/dissertation_v12_sumo120/training/B2_gat/seed_44/validation/ckpt_epoch_0040.json
$ /Users/hongweilin/Documents/workspace/documents/Personal/DMU/Final Dissertation/dissertation-v12-full-rerun/.venv/bin/python /Users/hongweilin/Documents/workspace/documents/Personal/DMU/Final Dissertation/dissertation-v12-full-rerun/scripts/eval_policy.py /Users/hongweilin/Documents/workspace/documents/Personal/DMU/Final Dissertation/dissertation-v12-full-rerun/runs/dissertation_v12_sumo120/training/B2_gat/seed_44/ckpt_epoch_0049.pt --episodes 8 --seed 2026 --demand-split val --output /Users/hongweilin/Documents/workspace/documents/Personal/DMU/Final Dissertation/dissertation-v12-full-rerun/runs/dissertation_v12_sumo120/training/B2_gat/seed_44/validation/ckpt_epoch_0049.json --stochastic
checkpoint: ckpt_epoch_0049.pt  (epoch 49, 113,731 params)
env:        central_park  |  degradation: off  |  device: cpu
policy:     stochastic

 ep  pickups      reward  mean_wait_s  rl_steps   wall_s
------------------------------------------------------------
demand:     3 'val' variants, rotated per episode
 Retrying in 1 seconds
Warning: Could not set locale to 'C'.
  0       17     +145.31  850.4545454545455       120      1.6
Warning: Could not set locale to 'C'.
  1       10      +72.86        845.0       120      0.5
Warning: Could not set locale to 'C'.
  2        9      +61.09  871.8048780487804       120      0.5
Warning: Could not set locale to 'C'.
  3       14     +112.70  880.3055555555555       120      0.5
Warning: Could not set locale to 'C'.
  4       14     +115.77  820.9444444444445       120      0.5
Warning: Could not set locale to 'C'.
  5       12      +92.83  861.3684210526316       120      0.5
Warning: Could not set locale to 'C'.
  6       13     +103.01  857.1081081081081       120      0.6
Warning: Could not set locale to 'C'.
  7       14     +114.90  828.1666666666666       120      0.5

mean over 8 episodes:
  completed passenger journeys: 12.88 ± 2.37
  reward:    +102.31 ± 24.88
  mean_wait: 851.9s
summary: /Users/hongweilin/Documents/workspace/documents/Personal/DMU/Final Dissertation/dissertation-v12-full-rerun/runs/dissertation_v12_sumo120/training/B2_gat/seed_44/validation/ckpt_epoch_0049.json
selected epoch 10 with validation mean 13.50 pickups: /Users/hongweilin/Documents/workspace/documents/Personal/DMU/Final Dissertation/dissertation-v12-full-rerun/runs/dissertation_v12_sumo120/training/B2_gat/seed_44/ckpt_selected.pt
$ '/Users/hongweilin/Documents/workspace/documents/Personal/DMU/Final Dissertation/dissertation-v12-full-rerun/.venv/bin/python' scripts/check_training_stability.py '/Users/hongweilin/Documents/workspace/documents/Personal/DMU/Final Dissertation/dissertation-v12-full-rerun/runs/dissertation_v12_sumo120/training/B2_gat/seed_44' --final-window 10 --minimum-final-mean-pickups 5.0 --maximum-consecutive-zero-pickups 4 --minimum-selected-mean-pickups 5.0 --minimum-final-validation-retention 0.8
{
  "ok": true,
  "checks": {
    "final_mean_pickups": true,
    "maximum_consecutive_zero_pickups": true,
    "selected_validation_pickups": true,
    "final_validation_retention": true
  },
  "observed": {
    "epochs": 50,
    "final_window": 10,
    "final_mean_pickups": 11.3,
    "longest_consecutive_zero_pickups": 0,
    "selected_validation_mean_pickups": 13.5,
    "final_validation_mean_pickups": 12.875,
    "final_validation_retention": 0.9537037037037037
  },
  "thresholds": {
    "minimum_final_mean_pickups": 5.0,
    "maximum_consecutive_zero_pickups": 4,
    "minimum_selected_mean_pickups": 5.0,
    "minimum_final_validation_retention": 0.8
  }
}
stability: OK (/Users/hongweilin/Documents/workspace/documents/Personal/DMU/Final Dissertation/dissertation-v12-full-rerun/runs/dissertation_v12_sumo120/training/B2_gat/seed_44/training_stability.json)
$ '/Users/hongweilin/Documents/workspace/documents/Personal/DMU/Final Dissertation/dissertation-v12-full-rerun/.venv/bin/python' scripts/select_checkpoint.py '/Users/hongweilin/Documents/workspace/documents/Personal/DMU/Final Dissertation/dissertation-v12-full-rerun/runs/dissertation_v12_sumo120/training/B2_gat/seed_45' --episodes 8 --seed 2026 --demand-split val --minimum-mean-pickups 2.0 --resume
$ /Users/hongweilin/Documents/workspace/documents/Personal/DMU/Final Dissertation/dissertation-v12-full-rerun/.venv/bin/python /Users/hongweilin/Documents/workspace/documents/Personal/DMU/Final Dissertation/dissertation-v12-full-rerun/scripts/eval_policy.py /Users/hongweilin/Documents/workspace/documents/Personal/DMU/Final Dissertation/dissertation-v12-full-rerun/runs/dissertation_v12_sumo120/training/B2_gat/seed_45/ckpt_epoch_0000.pt --episodes 8 --seed 2026 --demand-split val --output /Users/hongweilin/Documents/workspace/documents/Personal/DMU/Final Dissertation/dissertation-v12-full-rerun/runs/dissertation_v12_sumo120/training/B2_gat/seed_45/validation/ckpt_epoch_0000.json --stochastic
checkpoint: ckpt_epoch_0000.pt  (epoch 0, 113,731 params)
env:        central_park  |  degradation: off  |  device: cpu
policy:     stochastic

 ep  pickups      reward  mean_wait_s  rl_steps   wall_s
------------------------------------------------------------
demand:     3 'val' variants, rotated per episode
 Retrying in 1 seconds
Warning: Could not set locale to 'C'.
  0       13     +102.40        867.0       120      1.6
Warning: Could not set locale to 'C'.
  1       10      +72.97      835.025       120      0.5
Warning: Could not set locale to 'C'.
  2       15     +124.49  858.6285714285714       120      0.6
Warning: Could not set locale to 'C'.
  3       12      +92.02  863.6315789473684       120      0.5
Warning: Could not set locale to 'C'.
  4        9      +62.63  823.1463414634146       120      0.5
Warning: Could not set locale to 'C'.
  5       12      +92.83  861.3684210526316       120      0.6
Warning: Could not set locale to 'C'.
  6       13     +103.08  849.8378378378378       120      0.5
Warning: Could not set locale to 'C'.
  7       16     +136.84  832.6470588235294       120      0.5

mean over 8 episodes:
  completed passenger journeys: 12.50 ± 2.18
  reward:    +98.41 ± 22.90
  mean_wait: 848.9s
summary: /Users/hongweilin/Documents/workspace/documents/Personal/DMU/Final Dissertation/dissertation-v12-full-rerun/runs/dissertation_v12_sumo120/training/B2_gat/seed_45/validation/ckpt_epoch_0000.json
$ /Users/hongweilin/Documents/workspace/documents/Personal/DMU/Final Dissertation/dissertation-v12-full-rerun/.venv/bin/python /Users/hongweilin/Documents/workspace/documents/Personal/DMU/Final Dissertation/dissertation-v12-full-rerun/scripts/eval_policy.py /Users/hongweilin/Documents/workspace/documents/Personal/DMU/Final Dissertation/dissertation-v12-full-rerun/runs/dissertation_v12_sumo120/training/B2_gat/seed_45/ckpt_epoch_0010.pt --episodes 8 --seed 2026 --demand-split val --output /Users/hongweilin/Documents/workspace/documents/Personal/DMU/Final Dissertation/dissertation-v12-full-rerun/runs/dissertation_v12_sumo120/training/B2_gat/seed_45/validation/ckpt_epoch_0010.json --stochastic
checkpoint: ckpt_epoch_0010.pt  (epoch 10, 113,731 params)
env:        central_park  |  degradation: off  |  device: cpu
policy:     stochastic

 ep  pickups      reward  mean_wait_s  rl_steps   wall_s
------------------------------------------------------------
demand:     3 'val' variants, rotated per episode
 Retrying in 1 seconds
Warning: Could not set locale to 'C'.
  0       12      +91.89  866.421052631579       120      1.6
Warning: Could not set locale to 'C'.
  1       11      +83.01  842.6923076923077       120      0.5
Warning: Could not set locale to 'C'.
  2       10      +72.09      864.875       120      0.6
Warning: Could not set locale to 'C'.
  3       13     +103.02  856.8108108108108       120      0.5
Warning: Could not set locale to 'C'.
  4       12      +95.18        814.0       120      0.5
Warning: Could not set locale to 'C'.
  5       12      +92.83  861.3684210526316       120      0.5
Warning: Could not set locale to 'C'.
  6       18     +155.26     843.8125       120      0.6
Warning: Could not set locale to 'C'.
  7       12      +94.96  821.6842105263158       120      0.5

mean over 8 episodes:
  completed passenger journeys: 12.50 ± 2.24
  reward:    +98.53 ± 23.13
  mean_wait: 846.5s
summary: /Users/hongweilin/Documents/workspace/documents/Personal/DMU/Final Dissertation/dissertation-v12-full-rerun/runs/dissertation_v12_sumo120/training/B2_gat/seed_45/validation/ckpt_epoch_0010.json
$ /Users/hongweilin/Documents/workspace/documents/Personal/DMU/Final Dissertation/dissertation-v12-full-rerun/.venv/bin/python /Users/hongweilin/Documents/workspace/documents/Personal/DMU/Final Dissertation/dissertation-v12-full-rerun/scripts/eval_policy.py /Users/hongweilin/Documents/workspace/documents/Personal/DMU/Final Dissertation/dissertation-v12-full-rerun/runs/dissertation_v12_sumo120/training/B2_gat/seed_45/ckpt_epoch_0020.pt --episodes 8 --seed 2026 --demand-split val --output /Users/hongweilin/Documents/workspace/documents/Personal/DMU/Final Dissertation/dissertation-v12-full-rerun/runs/dissertation_v12_sumo120/training/B2_gat/seed_45/validation/ckpt_epoch_0020.json --stochastic
checkpoint: ckpt_epoch_0020.pt  (epoch 20, 113,731 params)
env:        central_park  |  degradation: off  |  device: cpu
policy:     stochastic

 ep  pickups      reward  mean_wait_s  rl_steps   wall_s
------------------------------------------------------------
demand:     3 'val' variants, rotated per episode
 Retrying in 1 seconds
Warning: Could not set locale to 'C'.
  0       17     +145.90  851.3939393939394       120      1.7
Warning: Could not set locale to 'C'.
  1        9      +62.40  821.829268292683       120      0.5
Warning: Could not set locale to 'C'.
  2       15     +124.70  845.4571428571429       120      0.6
Warning: Could not set locale to 'C'.
  3       13     +102.37  874.7567567567568       120      0.5
Warning: Could not set locale to 'C'.
  4       10      +73.15      824.225       120      0.5
Warning: Could not set locale to 'C'.
  5       12      +92.83  861.3684210526316       120      0.5
Warning: Could not set locale to 'C'.
  6       16     +134.50        850.0       120      0.5
Warning: Could not set locale to 'C'.
  7       16     +136.84  832.6470588235294       120      0.5

mean over 8 episodes:
  completed passenger journeys: 13.50 ± 2.78
  reward:    +109.09 ± 29.15
  mean_wait: 845.2s
summary: /Users/hongweilin/Documents/workspace/documents/Personal/DMU/Final Dissertation/dissertation-v12-full-rerun/runs/dissertation_v12_sumo120/training/B2_gat/seed_45/validation/ckpt_epoch_0020.json
$ /Users/hongweilin/Documents/workspace/documents/Personal/DMU/Final Dissertation/dissertation-v12-full-rerun/.venv/bin/python /Users/hongweilin/Documents/workspace/documents/Personal/DMU/Final Dissertation/dissertation-v12-full-rerun/scripts/eval_policy.py /Users/hongweilin/Documents/workspace/documents/Personal/DMU/Final Dissertation/dissertation-v12-full-rerun/runs/dissertation_v12_sumo120/training/B2_gat/seed_45/ckpt_epoch_0030.pt --episodes 8 --seed 2026 --demand-split val --output /Users/hongweilin/Documents/workspace/documents/Personal/DMU/Final Dissertation/dissertation-v12-full-rerun/runs/dissertation_v12_sumo120/training/B2_gat/seed_45/validation/ckpt_epoch_0030.json --stochastic
checkpoint: ckpt_epoch_0030.pt  (epoch 30, 113,731 params)
env:        central_park  |  degradation: off  |  device: cpu
policy:     stochastic

 ep  pickups      reward  mean_wait_s  rl_steps   wall_s
------------------------------------------------------------
demand:     3 'val' variants, rotated per episode
 Retrying in 1 seconds
Warning: Could not set locale to 'C'.
  0       17     +145.54  856.8484848484849       120      1.6
Warning: Could not set locale to 'C'.
  1       10      +72.86        845.0       120      0.5
Warning: Could not set locale to 'C'.
  2        9      +61.09  871.8048780487804       120      0.6
Warning: Could not set locale to 'C'.
  3       14     +112.70  880.3055555555555       120      0.6
Warning: Could not set locale to 'C'.
  4       14     +115.77  820.9444444444445       120      0.5
Warning: Could not set locale to 'C'.
  5       12      +92.83  861.3684210526316       120      0.6
Warning: Could not set locale to 'C'.
  6       13     +103.01  857.1081081081081       120      0.5
Warning: Could not set locale to 'C'.
  7       14     +114.90  828.1666666666666       120      0.6

mean over 8 episodes:
  completed passenger journeys: 12.88 ± 2.37
  reward:    +102.34 ± 24.93
  mean_wait: 852.7s
summary: /Users/hongweilin/Documents/workspace/documents/Personal/DMU/Final Dissertation/dissertation-v12-full-rerun/runs/dissertation_v12_sumo120/training/B2_gat/seed_45/validation/ckpt_epoch_0030.json
$ /Users/hongweilin/Documents/workspace/documents/Personal/DMU/Final Dissertation/dissertation-v12-full-rerun/.venv/bin/python /Users/hongweilin/Documents/workspace/documents/Personal/DMU/Final Dissertation/dissertation-v12-full-rerun/scripts/eval_policy.py /Users/hongweilin/Documents/workspace/documents/Personal/DMU/Final Dissertation/dissertation-v12-full-rerun/runs/dissertation_v12_sumo120/training/B2_gat/seed_45/ckpt_epoch_0040.pt --episodes 8 --seed 2026 --demand-split val --output /Users/hongweilin/Documents/workspace/documents/Personal/DMU/Final Dissertation/dissertation-v12-full-rerun/runs/dissertation_v12_sumo120/training/B2_gat/seed_45/validation/ckpt_epoch_0040.json --stochastic
checkpoint: ckpt_epoch_0040.pt  (epoch 40, 113,731 params)
env:        central_park  |  degradation: off  |  device: cpu
policy:     stochastic

 ep  pickups      reward  mean_wait_s  rl_steps   wall_s
------------------------------------------------------------
demand:     3 'val' variants, rotated per episode
 Retrying in 1 seconds
Warning: Could not set locale to 'C'.
  0       17     +145.54  856.8484848484849       120      1.6
Warning: Could not set locale to 'C'.
  1       10      +72.86        845.0       120      0.5
Warning: Could not set locale to 'C'.
  2        9      +61.09  871.8048780487804       120      0.5
Warning: Could not set locale to 'C'.
  3       14     +112.70  880.3055555555555       120      0.5
Warning: Could not set locale to 'C'.
  4       14     +115.77  820.9444444444445       120      0.5
Warning: Could not set locale to 'C'.
  5       12      +92.83  861.3684210526316       120      0.5
Warning: Could not set locale to 'C'.
  6       13     +103.01  857.1081081081081       120      0.6
Warning: Could not set locale to 'C'.
  7       14     +114.90  828.1666666666666       120      0.6

mean over 8 episodes:
  completed passenger journeys: 12.88 ± 2.37
  reward:    +102.34 ± 24.93
  mean_wait: 852.7s
summary: /Users/hongweilin/Documents/workspace/documents/Personal/DMU/Final Dissertation/dissertation-v12-full-rerun/runs/dissertation_v12_sumo120/training/B2_gat/seed_45/validation/ckpt_epoch_0040.json
$ /Users/hongweilin/Documents/workspace/documents/Personal/DMU/Final Dissertation/dissertation-v12-full-rerun/.venv/bin/python /Users/hongweilin/Documents/workspace/documents/Personal/DMU/Final Dissertation/dissertation-v12-full-rerun/scripts/eval_policy.py /Users/hongweilin/Documents/workspace/documents/Personal/DMU/Final Dissertation/dissertation-v12-full-rerun/runs/dissertation_v12_sumo120/training/B2_gat/seed_45/ckpt_best.pt --episodes 8 --seed 2026 --demand-split val --output /Users/hongweilin/Documents/workspace/documents/Personal/DMU/Final Dissertation/dissertation-v12-full-rerun/runs/dissertation_v12_sumo120/training/B2_gat/seed_45/validation/ckpt_best.json --stochastic
checkpoint: ckpt_best.pt  (epoch 45, 113,731 params)
env:        central_park  |  degradation: off  |  device: cpu
policy:     stochastic

 ep  pickups      reward  mean_wait_s  rl_steps   wall_s
------------------------------------------------------------
demand:     3 'val' variants, rotated per episode
 Retrying in 1 seconds
Warning: Could not set locale to 'C'.
  0       17     +145.54  856.8484848484849       120      1.6
Warning: Could not set locale to 'C'.
  1       10      +72.86        845.0       120      0.5
Warning: Could not set locale to 'C'.
  2        9      +61.09  871.8048780487804       120      0.5
Warning: Could not set locale to 'C'.
  3       14     +112.70  880.3055555555555       120      0.5
Warning: Could not set locale to 'C'.
  4       14     +115.77  820.9444444444445       120      0.5
Warning: Could not set locale to 'C'.
  5       12      +92.83  861.3684210526316       120      0.5
Warning: Could not set locale to 'C'.
  6       13     +103.01  857.1081081081081       120      0.5
Warning: Could not set locale to 'C'.
  7       14     +114.90  828.1666666666666       120      0.5

mean over 8 episodes:
  completed passenger journeys: 12.88 ± 2.37
  reward:    +102.34 ± 24.93
  mean_wait: 852.7s
summary: /Users/hongweilin/Documents/workspace/documents/Personal/DMU/Final Dissertation/dissertation-v12-full-rerun/runs/dissertation_v12_sumo120/training/B2_gat/seed_45/validation/ckpt_best.json
$ /Users/hongweilin/Documents/workspace/documents/Personal/DMU/Final Dissertation/dissertation-v12-full-rerun/.venv/bin/python /Users/hongweilin/Documents/workspace/documents/Personal/DMU/Final Dissertation/dissertation-v12-full-rerun/scripts/eval_policy.py /Users/hongweilin/Documents/workspace/documents/Personal/DMU/Final Dissertation/dissertation-v12-full-rerun/runs/dissertation_v12_sumo120/training/B2_gat/seed_45/ckpt_epoch_0049.pt --episodes 8 --seed 2026 --demand-split val --output /Users/hongweilin/Documents/workspace/documents/Personal/DMU/Final Dissertation/dissertation-v12-full-rerun/runs/dissertation_v12_sumo120/training/B2_gat/seed_45/validation/ckpt_epoch_0049.json --stochastic
checkpoint: ckpt_epoch_0049.pt  (epoch 49, 113,731 params)
env:        central_park  |  degradation: off  |  device: cpu
policy:     stochastic

 ep  pickups      reward  mean_wait_s  rl_steps   wall_s
------------------------------------------------------------
demand:     3 'val' variants, rotated per episode
 Retrying in 1 seconds
Warning: Could not set locale to 'C'.
  0       13     +102.94  865.4324324324324       120      1.6
Warning: Could not set locale to 'C'.
  1       10      +72.86        845.0       120      0.5
Warning: Could not set locale to 'C'.
  2        9      +61.09  871.8048780487804       120      0.5
Warning: Could not set locale to 'C'.
  3       14     +112.70  880.3055555555555       120      0.5
Warning: Could not set locale to 'C'.
  4       14     +115.77  820.9444444444445       120      0.5
Warning: Could not set locale to 'C'.
  5       12      +93.20  868.7368421052631       120      0.5
Warning: Could not set locale to 'C'.
  6       13     +103.01  857.1081081081081       120      0.5
Warning: Could not set locale to 'C'.
  7       14     +114.90  828.1666666666666       120      0.5

mean over 8 episodes:
  completed passenger journeys: 12.38 ± 1.80
  reward:    +97.06 ± 18.97
  mean_wait: 854.7s
summary: /Users/hongweilin/Documents/workspace/documents/Personal/DMU/Final Dissertation/dissertation-v12-full-rerun/runs/dissertation_v12_sumo120/training/B2_gat/seed_45/validation/ckpt_epoch_0049.json
selected epoch 20 with validation mean 13.50 pickups: /Users/hongweilin/Documents/workspace/documents/Personal/DMU/Final Dissertation/dissertation-v12-full-rerun/runs/dissertation_v12_sumo120/training/B2_gat/seed_45/ckpt_selected.pt
$ '/Users/hongweilin/Documents/workspace/documents/Personal/DMU/Final Dissertation/dissertation-v12-full-rerun/.venv/bin/python' scripts/check_training_stability.py '/Users/hongweilin/Documents/workspace/documents/Personal/DMU/Final Dissertation/dissertation-v12-full-rerun/runs/dissertation_v12_sumo120/training/B2_gat/seed_45' --final-window 10 --minimum-final-mean-pickups 5.0 --maximum-consecutive-zero-pickups 4 --minimum-selected-mean-pickups 5.0 --minimum-final-validation-retention 0.8
{
  "ok": true,
  "checks": {
    "final_mean_pickups": true,
    "maximum_consecutive_zero_pickups": true,
    "selected_validation_pickups": true,
    "final_validation_retention": true
  },
  "observed": {
    "epochs": 50,
    "final_window": 10,
    "final_mean_pickups": 13.5,
    "longest_consecutive_zero_pickups": 0,
    "selected_validation_mean_pickups": 13.5,
    "final_validation_mean_pickups": 12.375,
    "final_validation_retention": 0.9166666666666666
  },
  "thresholds": {
    "minimum_final_mean_pickups": 5.0,
    "maximum_consecutive_zero_pickups": 4,
    "minimum_selected_mean_pickups": 5.0,
    "minimum_final_validation_retention": 0.8
  }
}
stability: OK (/Users/hongweilin/Documents/workspace/documents/Personal/DMU/Final Dissertation/dissertation-v12-full-rerun/runs/dissertation_v12_sumo120/training/B2_gat/seed_45/training_stability.json)
$ '/Users/hongweilin/Documents/workspace/documents/Personal/DMU/Final Dissertation/dissertation-v12-full-rerun/.venv/bin/python' scripts/select_checkpoint.py '/Users/hongweilin/Documents/workspace/documents/Personal/DMU/Final Dissertation/dissertation-v12-full-rerun/runs/dissertation_v12_sumo120/training/B2_gat/seed_46' --episodes 8 --seed 2026 --demand-split val --minimum-mean-pickups 2.0 --resume
$ /Users/hongweilin/Documents/workspace/documents/Personal/DMU/Final Dissertation/dissertation-v12-full-rerun/.venv/bin/python /Users/hongweilin/Documents/workspace/documents/Personal/DMU/Final Dissertation/dissertation-v12-full-rerun/scripts/eval_policy.py /Users/hongweilin/Documents/workspace/documents/Personal/DMU/Final Dissertation/dissertation-v12-full-rerun/runs/dissertation_v12_sumo120/training/B2_gat/seed_46/ckpt_epoch_0000.pt --episodes 8 --seed 2026 --demand-split val --output /Users/hongweilin/Documents/workspace/documents/Personal/DMU/Final Dissertation/dissertation-v12-full-rerun/runs/dissertation_v12_sumo120/training/B2_gat/seed_46/validation/ckpt_epoch_0000.json --stochastic
checkpoint: ckpt_epoch_0000.pt  (epoch 0, 113,731 params)
env:        central_park  |  degradation: off  |  device: cpu
policy:     stochastic

 ep  pickups      reward  mean_wait_s  rl_steps   wall_s
------------------------------------------------------------
demand:     3 'val' variants, rotated per episode
 Retrying in 1 seconds
Warning: Could not set locale to 'C'.
  0       11      +80.85  880.4871794871794       120      1.7
Warning: Could not set locale to 'C'.
  1       10      +72.97      835.025       120      0.6
Warning: Could not set locale to 'C'.
  2        8      +50.79  871.1190476190476       120      0.6
Warning: Could not set locale to 'C'.
  3       12      +92.02  863.6315789473684       120      0.5
Warning: Could not set locale to 'C'.
  4       11      +83.75  829.6410256410256       120      0.5
Warning: Could not set locale to 'C'.
  5       12      +92.83  861.3684210526316       120      0.6
Warning: Could not set locale to 'C'.
  6       13     +103.08  849.8378378378378       120      0.6
Warning: Could not set locale to 'C'.
  7       16     +136.84  832.6470588235294       120      0.5

mean over 8 episodes:
  completed passenger journeys: 11.62 ± 2.18
  reward:    +89.14 ± 23.24
  mean_wait: 853.0s
summary: /Users/hongweilin/Documents/workspace/documents/Personal/DMU/Final Dissertation/dissertation-v12-full-rerun/runs/dissertation_v12_sumo120/training/B2_gat/seed_46/validation/ckpt_epoch_0000.json
$ /Users/hongweilin/Documents/workspace/documents/Personal/DMU/Final Dissertation/dissertation-v12-full-rerun/.venv/bin/python /Users/hongweilin/Documents/workspace/documents/Personal/DMU/Final Dissertation/dissertation-v12-full-rerun/scripts/eval_policy.py /Users/hongweilin/Documents/workspace/documents/Personal/DMU/Final Dissertation/dissertation-v12-full-rerun/runs/dissertation_v12_sumo120/training/B2_gat/seed_46/ckpt_epoch_0010.pt --episodes 8 --seed 2026 --demand-split val --output /Users/hongweilin/Documents/workspace/documents/Personal/DMU/Final Dissertation/dissertation-v12-full-rerun/runs/dissertation_v12_sumo120/training/B2_gat/seed_46/validation/ckpt_epoch_0010.json --stochastic
checkpoint: ckpt_epoch_0010.pt  (epoch 10, 113,731 params)
env:        central_park  |  degradation: off  |  device: cpu
policy:     stochastic

 ep  pickups      reward  mean_wait_s  rl_steps   wall_s
------------------------------------------------------------
demand:     3 'val' variants, rotated per episode
 Retrying in 1 seconds
Warning: Could not set locale to 'C'.
  0       17     +145.90  851.3939393939394       120      1.6
Warning: Could not set locale to 'C'.
  1        9      +62.40  821.829268292683       120      0.5
Warning: Could not set locale to 'C'.
  2       11      +83.16  854.8461538461538       120      0.6
Warning: Could not set locale to 'C'.
  3       13     +102.37  874.7567567567568       120      0.6
Warning: Could not set locale to 'C'.
  4       10      +72.93       846.15       120      0.5
Warning: Could not set locale to 'C'.
  5       12      +92.83  861.3684210526316       120      0.5
Warning: Could not set locale to 'C'.
  6       16     +134.50        850.0       120      0.5
Warning: Could not set locale to 'C'.
  7       16     +136.84  832.6470588235294       120      0.5

mean over 8 episodes:
  completed passenger journeys: 13.00 ± 2.83
  reward:    +103.87 ± 29.63
  mean_wait: 849.1s
summary: /Users/hongweilin/Documents/workspace/documents/Personal/DMU/Final Dissertation/dissertation-v12-full-rerun/runs/dissertation_v12_sumo120/training/B2_gat/seed_46/validation/ckpt_epoch_0010.json
$ /Users/hongweilin/Documents/workspace/documents/Personal/DMU/Final Dissertation/dissertation-v12-full-rerun/.venv/bin/python /Users/hongweilin/Documents/workspace/documents/Personal/DMU/Final Dissertation/dissertation-v12-full-rerun/scripts/eval_policy.py /Users/hongweilin/Documents/workspace/documents/Personal/DMU/Final Dissertation/dissertation-v12-full-rerun/runs/dissertation_v12_sumo120/training/B2_gat/seed_46/ckpt_epoch_0020.pt --episodes 8 --seed 2026 --demand-split val --output /Users/hongweilin/Documents/workspace/documents/Personal/DMU/Final Dissertation/dissertation-v12-full-rerun/runs/dissertation_v12_sumo120/training/B2_gat/seed_46/validation/ckpt_epoch_0020.json --stochastic
checkpoint: ckpt_epoch_0020.pt  (epoch 20, 113,731 params)
env:        central_park  |  degradation: off  |  device: cpu
policy:     stochastic

 ep  pickups      reward  mean_wait_s  rl_steps   wall_s
------------------------------------------------------------
demand:     3 'val' variants, rotated per episode
 Retrying in 1 seconds
Warning: Could not set locale to 'C'.
  0       17     +145.54  856.8484848484849       120      1.6
Warning: Could not set locale to 'C'.
  1       10      +72.86        845.0       120      0.5
Warning: Could not set locale to 'C'.
  2        9      +61.09  871.8048780487804       120      0.6
Warning: Could not set locale to 'C'.
  3       14     +112.70  880.3055555555555       120      0.5
Warning: Could not set locale to 'C'.
  4       12      +94.84  822.1578947368421       120      0.6
Warning: Could not set locale to 'C'.
  5       12      +92.83  861.3684210526316       120      0.5
Warning: Could not set locale to 'C'.
  6       12      +92.25  863.3684210526316       120      0.5
Warning: Could not set locale to 'C'.
  7       14     +114.90  828.1666666666666       120      0.5

mean over 8 episodes:
  completed passenger journeys: 12.50 ± 2.35
  reward:    +98.38 ± 24.56
  mean_wait: 853.6s
summary: /Users/hongweilin/Documents/workspace/documents/Personal/DMU/Final Dissertation/dissertation-v12-full-rerun/runs/dissertation_v12_sumo120/training/B2_gat/seed_46/validation/ckpt_epoch_0020.json
$ /Users/hongweilin/Documents/workspace/documents/Personal/DMU/Final Dissertation/dissertation-v12-full-rerun/.venv/bin/python /Users/hongweilin/Documents/workspace/documents/Personal/DMU/Final Dissertation/dissertation-v12-full-rerun/scripts/eval_policy.py /Users/hongweilin/Documents/workspace/documents/Personal/DMU/Final Dissertation/dissertation-v12-full-rerun/runs/dissertation_v12_sumo120/training/B2_gat/seed_46/ckpt_best.pt --episodes 8 --seed 2026 --demand-split val --output /Users/hongweilin/Documents/workspace/documents/Personal/DMU/Final Dissertation/dissertation-v12-full-rerun/runs/dissertation_v12_sumo120/training/B2_gat/seed_46/validation/ckpt_best.json --stochastic
checkpoint: ckpt_best.pt  (epoch 22, 113,731 params)
env:        central_park  |  degradation: off  |  device: cpu
policy:     stochastic

 ep  pickups      reward  mean_wait_s  rl_steps   wall_s
------------------------------------------------------------
demand:     3 'val' variants, rotated per episode
 Retrying in 1 seconds
Warning: Could not set locale to 'C'.
  0       17     +145.54  856.8484848484849       120      1.6
Warning: Could not set locale to 'C'.
  1       10      +72.86        845.0       120      0.5
Warning: Could not set locale to 'C'.
  2        9      +61.09  871.8048780487804       120      0.5
Warning: Could not set locale to 'C'.
  3       14     +112.70  880.3055555555555       120      0.5
Warning: Could not set locale to 'C'.
  4       12      +94.84  822.1578947368421       120      0.5
Warning: Could not set locale to 'C'.
  5       12      +92.83  861.3684210526316       120      0.6
Warning: Could not set locale to 'C'.
  6       12      +92.25  863.3684210526316       120      0.5
Warning: Could not set locale to 'C'.
  7       14     +114.90  828.1666666666666       120      0.6

mean over 8 episodes:
  completed passenger journeys: 12.50 ± 2.35
  reward:    +98.38 ± 24.56
  mean_wait: 853.6s
summary: /Users/hongweilin/Documents/workspace/documents/Personal/DMU/Final Dissertation/dissertation-v12-full-rerun/runs/dissertation_v12_sumo120/training/B2_gat/seed_46/validation/ckpt_best.json
$ /Users/hongweilin/Documents/workspace/documents/Personal/DMU/Final Dissertation/dissertation-v12-full-rerun/.venv/bin/python /Users/hongweilin/Documents/workspace/documents/Personal/DMU/Final Dissertation/dissertation-v12-full-rerun/scripts/eval_policy.py /Users/hongweilin/Documents/workspace/documents/Personal/DMU/Final Dissertation/dissertation-v12-full-rerun/runs/dissertation_v12_sumo120/training/B2_gat/seed_46/ckpt_epoch_0030.pt --episodes 8 --seed 2026 --demand-split val --output /Users/hongweilin/Documents/workspace/documents/Personal/DMU/Final Dissertation/dissertation-v12-full-rerun/runs/dissertation_v12_sumo120/training/B2_gat/seed_46/validation/ckpt_epoch_0030.json --stochastic
checkpoint: ckpt_epoch_0030.pt  (epoch 30, 113,731 params)
env:        central_park  |  degradation: off  |  device: cpu
policy:     stochastic

 ep  pickups      reward  mean_wait_s  rl_steps   wall_s
------------------------------------------------------------
demand:     3 'val' variants, rotated per episode
 Retrying in 1 seconds
Warning: Could not set locale to 'C'.
  0       16     +134.22  866.9705882352941       120      1.6
Warning: Could not set locale to 'C'.
  1       10      +72.86        845.0       120      0.5
Warning: Could not set locale to 'C'.
  2       11      +82.13  867.5897435897435       120      0.5
Warning: Could not set locale to 'C'.
  3       13     +102.21  876.7297297297297       120      0.5
Warning: Could not set locale to 'C'.
  4       12      +94.84  822.1578947368421       120      0.5
Warning: Could not set locale to 'C'.
  5       12      +93.20  868.7368421052631       120      0.5
Warning: Could not set locale to 'C'.
  6       12      +92.25  863.3684210526316       120      0.5
Warning: Could not set locale to 'C'.
  7       14     +115.98  821.6944444444445       120      0.5

mean over 8 episodes:
  completed passenger journeys: 12.50 ± 1.73
  reward:    +98.46 ± 18.03
  mean_wait: 854.0s
summary: /Users/hongweilin/Documents/workspace/documents/Personal/DMU/Final Dissertation/dissertation-v12-full-rerun/runs/dissertation_v12_sumo120/training/B2_gat/seed_46/validation/ckpt_epoch_0030.json
$ /Users/hongweilin/Documents/workspace/documents/Personal/DMU/Final Dissertation/dissertation-v12-full-rerun/.venv/bin/python /Users/hongweilin/Documents/workspace/documents/Personal/DMU/Final Dissertation/dissertation-v12-full-rerun/scripts/eval_policy.py /Users/hongweilin/Documents/workspace/documents/Personal/DMU/Final Dissertation/dissertation-v12-full-rerun/runs/dissertation_v12_sumo120/training/B2_gat/seed_46/ckpt_epoch_0040.pt --episodes 8 --seed 2026 --demand-split val --output /Users/hongweilin/Documents/workspace/documents/Personal/DMU/Final Dissertation/dissertation-v12-full-rerun/runs/dissertation_v12_sumo120/training/B2_gat/seed_46/validation/ckpt_epoch_0040.json --stochastic
checkpoint: ckpt_epoch_0040.pt  (epoch 40, 113,731 params)
env:        central_park  |  degradation: off  |  device: cpu
policy:     stochastic

 ep  pickups      reward  mean_wait_s  rl_steps   wall_s
------------------------------------------------------------
demand:     3 'val' variants, rotated per episode
 Retrying in 1 seconds
Warning: Could not set locale to 'C'.
  0       16     +134.22  866.9705882352941       120      1.6
Warning: Could not set locale to 'C'.
  1       10      +72.86        845.0       120      0.5
Warning: Could not set locale to 'C'.
  2       11      +82.13  867.5897435897435       120      0.6
Warning: Could not set locale to 'C'.
  3       13     +102.21  876.7297297297297       120      0.5
Warning: Could not set locale to 'C'.
  4       12      +94.84  822.1578947368421       120      0.5
Warning: Could not set locale to 'C'.
  5       12      +93.20  868.7368421052631       120      0.6
Warning: Could not set locale to 'C'.
  6       12      +92.25  863.3684210526316       120      0.5
Warning: Could not set locale to 'C'.
  7       14     +115.98  821.6944444444445       120      0.5

mean over 8 episodes:
  completed passenger journeys: 12.50 ± 1.73
  reward:    +98.46 ± 18.03
  mean_wait: 854.0s
summary: /Users/hongweilin/Documents/workspace/documents/Personal/DMU/Final Dissertation/dissertation-v12-full-rerun/runs/dissertation_v12_sumo120/training/B2_gat/seed_46/validation/ckpt_epoch_0040.json
$ /Users/hongweilin/Documents/workspace/documents/Personal/DMU/Final Dissertation/dissertation-v12-full-rerun/.venv/bin/python /Users/hongweilin/Documents/workspace/documents/Personal/DMU/Final Dissertation/dissertation-v12-full-rerun/scripts/eval_policy.py /Users/hongweilin/Documents/workspace/documents/Personal/DMU/Final Dissertation/dissertation-v12-full-rerun/runs/dissertation_v12_sumo120/training/B2_gat/seed_46/ckpt_epoch_0049.pt --episodes 8 --seed 2026 --demand-split val --output /Users/hongweilin/Documents/workspace/documents/Personal/DMU/Final Dissertation/dissertation-v12-full-rerun/runs/dissertation_v12_sumo120/training/B2_gat/seed_46/validation/ckpt_epoch_0049.json --stochastic
checkpoint: ckpt_epoch_0049.pt  (epoch 49, 113,731 params)
env:        central_park  |  degradation: off  |  device: cpu
policy:     stochastic

 ep  pickups      reward  mean_wait_s  rl_steps   wall_s
------------------------------------------------------------
demand:     3 'val' variants, rotated per episode
 Retrying in 1 seconds
Warning: Could not set locale to 'C'.
  0       16     +134.22  866.9705882352941       120      1.6
Warning: Could not set locale to 'C'.
  1       10      +72.86        845.0       120      0.5
Warning: Could not set locale to 'C'.
  2       11      +82.13  867.5897435897435       120      0.6
Warning: Could not set locale to 'C'.
  3       13     +102.21  876.7297297297297       120      0.5
Warning: Could not set locale to 'C'.
  4       12      +94.84  822.1578947368421       120      0.5
Warning: Could not set locale to 'C'.
  5       12      +93.20  868.7368421052631       120      0.5
Warning: Could not set locale to 'C'.
  6       12      +92.25  863.3684210526316       120      0.5
Warning: Could not set locale to 'C'.
  7       14     +115.98  821.6944444444445       120      0.5

mean over 8 episodes:
  completed passenger journeys: 12.50 ± 1.73
  reward:    +98.46 ± 18.03
  mean_wait: 854.0s
summary: /Users/hongweilin/Documents/workspace/documents/Personal/DMU/Final Dissertation/dissertation-v12-full-rerun/runs/dissertation_v12_sumo120/training/B2_gat/seed_46/validation/ckpt_epoch_0049.json
selected epoch 10 with validation mean 13.00 pickups: /Users/hongweilin/Documents/workspace/documents/Personal/DMU/Final Dissertation/dissertation-v12-full-rerun/runs/dissertation_v12_sumo120/training/B2_gat/seed_46/ckpt_selected.pt
$ '/Users/hongweilin/Documents/workspace/documents/Personal/DMU/Final Dissertation/dissertation-v12-full-rerun/.venv/bin/python' scripts/check_training_stability.py '/Users/hongweilin/Documents/workspace/documents/Personal/DMU/Final Dissertation/dissertation-v12-full-rerun/runs/dissertation_v12_sumo120/training/B2_gat/seed_46' --final-window 10 --minimum-final-mean-pickups 5.0 --maximum-consecutive-zero-pickups 4 --minimum-selected-mean-pickups 5.0 --minimum-final-validation-retention 0.8
{
  "ok": true,
  "checks": {
    "final_mean_pickups": true,
    "maximum_consecutive_zero_pickups": true,
    "selected_validation_pickups": true,
    "final_validation_retention": true
  },
  "observed": {
    "epochs": 50,
    "final_window": 10,
    "final_mean_pickups": 10.8,
    "longest_consecutive_zero_pickups": 0,
    "selected_validation_mean_pickups": 13.0,
    "final_validation_mean_pickups": 12.5,
    "final_validation_retention": 0.9615384615384616
  },
  "thresholds": {
    "minimum_final_mean_pickups": 5.0,
    "maximum_consecutive_zero_pickups": 4,
    "minimum_selected_mean_pickups": 5.0,
    "minimum_final_validation_retention": 0.8
  }
}
stability: OK (/Users/hongweilin/Documents/workspace/documents/Personal/DMU/Final Dissertation/dissertation-v12-full-rerun/runs/dissertation_v12_sumo120/training/B2_gat/seed_46/training_stability.json)
$ '/Users/hongweilin/Documents/workspace/documents/Personal/DMU/Final Dissertation/dissertation-v12-full-rerun/.venv/bin/python' scripts/select_checkpoint.py '/Users/hongweilin/Documents/workspace/documents/Personal/DMU/Final Dissertation/dissertation-v12-full-rerun/runs/dissertation_v12_sumo120/training/H5_gat_degraded/seed_42' --episodes 8 --seed 2026 --demand-split val --minimum-mean-pickups 2.0 --degradation tunnel_triggered --outage-duration 30.0 --resume
$ /Users/hongweilin/Documents/workspace/documents/Personal/DMU/Final Dissertation/dissertation-v12-full-rerun/.venv/bin/python /Users/hongweilin/Documents/workspace/documents/Personal/DMU/Final Dissertation/dissertation-v12-full-rerun/scripts/eval_policy.py /Users/hongweilin/Documents/workspace/documents/Personal/DMU/Final Dissertation/dissertation-v12-full-rerun/runs/dissertation_v12_sumo120/training/H5_gat_degraded/seed_42/ckpt_epoch_0000.pt --episodes 8 --seed 2026 --demand-split val --output /Users/hongweilin/Documents/workspace/documents/Personal/DMU/Final Dissertation/dissertation-v12-full-rerun/runs/dissertation_v12_sumo120/training/H5_gat_degraded/seed_42/validation_tunnel_triggered_30s/ckpt_epoch_0000.json --stochastic --degradation tunnel_triggered --outage-duration 30.0
checkpoint: ckpt_epoch_0000.pt  (epoch 0, 113,731 params)
env:        central_park  |  degradation: tunnel_triggered  |  device: cpu
policy:     stochastic

 ep  pickups      reward  mean_wait_s  rl_steps   wall_s
------------------------------------------------------------
demand:     3 'val' variants, rotated per episode
 Retrying in 1 seconds
Warning: Could not set locale to 'C'.
  0       17     +145.90  851.3939393939394       120      1.6
Warning: Could not set locale to 'C'.
  1        9      +62.40  821.829268292683       120      0.5
Warning: Could not set locale to 'C'.
  2       14     +114.15  853.3333333333334       120      0.6
Warning: Could not set locale to 'C'.
  3       12      +92.33  859.0263157894736       120      0.5
Warning: Could not set locale to 'C'.
  4       10      +73.15      824.225       120      0.6
Warning: Could not set locale to 'C'.
  5       12      +92.83  861.3684210526316       120      0.5
Warning: Could not set locale to 'C'.
  6       13     +103.07  846.4594594594595       120      0.5
Warning: Could not set locale to 'C'.
  7       16     +136.84  832.6470588235294       120      0.5

mean over 8 episodes:
  completed passenger journeys: 12.88 ± 2.57
  reward:    +102.58 ± 27.08
  mean_wait: 843.8s
summary: /Users/hongweilin/Documents/workspace/documents/Personal/DMU/Final Dissertation/dissertation-v12-full-rerun/runs/dissertation_v12_sumo120/training/H5_gat_degraded/seed_42/validation_tunnel_triggered_30s/ckpt_epoch_0000.json
$ /Users/hongweilin/Documents/workspace/documents/Personal/DMU/Final Dissertation/dissertation-v12-full-rerun/.venv/bin/python /Users/hongweilin/Documents/workspace/documents/Personal/DMU/Final Dissertation/dissertation-v12-full-rerun/scripts/eval_policy.py /Users/hongweilin/Documents/workspace/documents/Personal/DMU/Final Dissertation/dissertation-v12-full-rerun/runs/dissertation_v12_sumo120/training/H5_gat_degraded/seed_42/ckpt_epoch_0010.pt --episodes 8 --seed 2026 --demand-split val --output /Users/hongweilin/Documents/workspace/documents/Personal/DMU/Final Dissertation/dissertation-v12-full-rerun/runs/dissertation_v12_sumo120/training/H5_gat_degraded/seed_42/validation_tunnel_triggered_30s/ckpt_epoch_0010.json --stochastic --degradation tunnel_triggered --outage-duration 30.0
checkpoint: ckpt_epoch_0010.pt  (epoch 10, 113,731 params)
env:        central_park  |  degradation: tunnel_triggered  |  device: cpu
policy:     stochastic

 ep  pickups      reward  mean_wait_s  rl_steps   wall_s
------------------------------------------------------------
demand:     3 'val' variants, rotated per episode
 Retrying in 1 seconds
Warning: Could not set locale to 'C'.
  0       17     +145.90  851.3939393939394       120      1.6
Warning: Could not set locale to 'C'.
  1        9      +62.40  821.829268292683       120      0.5
Warning: Could not set locale to 'C'.
  2       15     +124.70  845.4571428571429       120      0.5
Warning: Could not set locale to 'C'.
  3       12      +92.33  859.0263157894736       120      0.5
Warning: Could not set locale to 'C'.
  4       10      +72.93       846.15       120      0.5
Warning: Could not set locale to 'C'.
  5       12      +92.83  861.3684210526316       120      0.5
Warning: Could not set locale to 'C'.
  6       13     +103.07  846.4594594594595       120      0.5
Warning: Could not set locale to 'C'.
  7       16     +136.84  832.6470588235294       120      0.5

mean over 8 episodes:
  completed passenger journeys: 13.00 ± 2.65
  reward:    +103.87 ± 27.88
  mean_wait: 845.5s
summary: /Users/hongweilin/Documents/workspace/documents/Personal/DMU/Final Dissertation/dissertation-v12-full-rerun/runs/dissertation_v12_sumo120/training/H5_gat_degraded/seed_42/validation_tunnel_triggered_30s/ckpt_epoch_0010.json
$ /Users/hongweilin/Documents/workspace/documents/Personal/DMU/Final Dissertation/dissertation-v12-full-rerun/.venv/bin/python /Users/hongweilin/Documents/workspace/documents/Personal/DMU/Final Dissertation/dissertation-v12-full-rerun/scripts/eval_policy.py /Users/hongweilin/Documents/workspace/documents/Personal/DMU/Final Dissertation/dissertation-v12-full-rerun/runs/dissertation_v12_sumo120/training/H5_gat_degraded/seed_42/ckpt_best.pt --episodes 8 --seed 2026 --demand-split val --output /Users/hongweilin/Documents/workspace/documents/Personal/DMU/Final Dissertation/dissertation-v12-full-rerun/runs/dissertation_v12_sumo120/training/H5_gat_degraded/seed_42/validation_tunnel_triggered_30s/ckpt_best.json --stochastic --degradation tunnel_triggered --outage-duration 30.0
checkpoint: ckpt_best.pt  (epoch 17, 113,731 params)
env:        central_park  |  degradation: tunnel_triggered  |  device: cpu
policy:     stochastic

 ep  pickups      reward  mean_wait_s  rl_steps   wall_s
------------------------------------------------------------
demand:     3 'val' variants, rotated per episode
 Retrying in 1 seconds
Warning: Could not set locale to 'C'.
  0       17     +145.90  851.3939393939394       120      1.6
Warning: Could not set locale to 'C'.
  1        9      +62.40  821.829268292683       120      0.5
Warning: Could not set locale to 'C'.
  2       15     +124.70  845.4571428571429       120      0.6
Warning: Could not set locale to 'C'.
  3       12      +92.33  859.0263157894736       120      0.5
Warning: Could not set locale to 'C'.
  4       10      +72.93       846.15       120      0.5
Warning: Could not set locale to 'C'.
  5       12      +92.82  861.3684210526316       120      0.5
Warning: Could not set locale to 'C'.
  6       13     +103.07  846.4594594594595       120      0.5
Warning: Could not set locale to 'C'.
  7       16     +136.84  832.6470588235294       120      0.5

mean over 8 episodes:
  completed passenger journeys: 13.00 ± 2.65
  reward:    +103.87 ± 27.89
  mean_wait: 845.5s
summary: /Users/hongweilin/Documents/workspace/documents/Personal/DMU/Final Dissertation/dissertation-v12-full-rerun/runs/dissertation_v12_sumo120/training/H5_gat_degraded/seed_42/validation_tunnel_triggered_30s/ckpt_best.json
$ /Users/hongweilin/Documents/workspace/documents/Personal/DMU/Final Dissertation/dissertation-v12-full-rerun/.venv/bin/python /Users/hongweilin/Documents/workspace/documents/Personal/DMU/Final Dissertation/dissertation-v12-full-rerun/scripts/eval_policy.py /Users/hongweilin/Documents/workspace/documents/Personal/DMU/Final Dissertation/dissertation-v12-full-rerun/runs/dissertation_v12_sumo120/training/H5_gat_degraded/seed_42/ckpt_epoch_0020.pt --episodes 8 --seed 2026 --demand-split val --output /Users/hongweilin/Documents/workspace/documents/Personal/DMU/Final Dissertation/dissertation-v12-full-rerun/runs/dissertation_v12_sumo120/training/H5_gat_degraded/seed_42/validation_tunnel_triggered_30s/ckpt_epoch_0020.json --stochastic --degradation tunnel_triggered --outage-duration 30.0
checkpoint: ckpt_epoch_0020.pt  (epoch 20, 113,731 params)
env:        central_park  |  degradation: tunnel_triggered  |  device: cpu
policy:     stochastic

 ep  pickups      reward  mean_wait_s  rl_steps   wall_s
------------------------------------------------------------
demand:     3 'val' variants, rotated per episode
 Retrying in 1 seconds
Warning: Could not set locale to 'C'.
  0       17     +145.90  851.3939393939394       120      1.7
Warning: Could not set locale to 'C'.
  1        9      +62.40  821.829268292683       120      0.5
Warning: Could not set locale to 'C'.
  2       15     +124.70  845.4571428571429       120      0.5
Warning: Could not set locale to 'C'.
  3       12      +92.33  859.0263157894736       120      0.5
Warning: Could not set locale to 'C'.
  4       10      +72.93       846.15       120      0.5
Warning: Could not set locale to 'C'.
  5       12      +92.82  861.3684210526316       120      0.5
Warning: Could not set locale to 'C'.
  6       13     +103.07  846.4594594594595       120      0.5
Warning: Could not set locale to 'C'.
  7       16     +136.84  832.6470588235294       120      0.5

mean over 8 episodes:
  completed passenger journeys: 13.00 ± 2.65
  reward:    +103.87 ± 27.89
  mean_wait: 845.5s
summary: /Users/hongweilin/Documents/workspace/documents/Personal/DMU/Final Dissertation/dissertation-v12-full-rerun/runs/dissertation_v12_sumo120/training/H5_gat_degraded/seed_42/validation_tunnel_triggered_30s/ckpt_epoch_0020.json
$ /Users/hongweilin/Documents/workspace/documents/Personal/DMU/Final Dissertation/dissertation-v12-full-rerun/.venv/bin/python /Users/hongweilin/Documents/workspace/documents/Personal/DMU/Final Dissertation/dissertation-v12-full-rerun/scripts/eval_policy.py /Users/hongweilin/Documents/workspace/documents/Personal/DMU/Final Dissertation/dissertation-v12-full-rerun/runs/dissertation_v12_sumo120/training/H5_gat_degraded/seed_42/ckpt_epoch_0030.pt --episodes 8 --seed 2026 --demand-split val --output /Users/hongweilin/Documents/workspace/documents/Personal/DMU/Final Dissertation/dissertation-v12-full-rerun/runs/dissertation_v12_sumo120/training/H5_gat_degraded/seed_42/validation_tunnel_triggered_30s/ckpt_epoch_0030.json --stochastic --degradation tunnel_triggered --outage-duration 30.0
checkpoint: ckpt_epoch_0030.pt  (epoch 30, 113,731 params)
env:        central_park  |  degradation: tunnel_triggered  |  device: cpu
policy:     stochastic

 ep  pickups      reward  mean_wait_s  rl_steps   wall_s
------------------------------------------------------------
demand:     3 'val' variants, rotated per episode
 Retrying in 1 seconds
Warning: Could not set locale to 'C'.
  0       13     +102.40        867.0       120      1.6
Warning: Could not set locale to 'C'.
  1       11      +83.01  842.6923076923077       120      0.5
Warning: Could not set locale to 'C'.
  2       10      +72.09      864.875       120      0.5
Warning: Could not set locale to 'C'.
  3       10      +70.77      869.875       120      0.6
Warning: Could not set locale to 'C'.
  4        9      +62.59  829.3170731707318       120      0.5
Warning: Could not set locale to 'C'.
  5       12      +92.82  861.3684210526316       120      0.6
Warning: Could not set locale to 'C'.
  6       15     +123.39  867.5714285714286       120      0.6
Warning: Could not set locale to 'C'.
  7       12      +94.96  821.6842105263158       120      0.5

mean over 8 episodes:
  completed passenger journeys: 11.50 ± 1.80
  reward:    +87.75 ± 18.55
  mean_wait: 853.0s
summary: /Users/hongweilin/Documents/workspace/documents/Personal/DMU/Final Dissertation/dissertation-v12-full-rerun/runs/dissertation_v12_sumo120/training/H5_gat_degraded/seed_42/validation_tunnel_triggered_30s/ckpt_epoch_0030.json
$ /Users/hongweilin/Documents/workspace/documents/Personal/DMU/Final Dissertation/dissertation-v12-full-rerun/.venv/bin/python /Users/hongweilin/Documents/workspace/documents/Personal/DMU/Final Dissertation/dissertation-v12-full-rerun/scripts/eval_policy.py /Users/hongweilin/Documents/workspace/documents/Personal/DMU/Final Dissertation/dissertation-v12-full-rerun/runs/dissertation_v12_sumo120/training/H5_gat_degraded/seed_42/ckpt_epoch_0040.pt --episodes 8 --seed 2026 --demand-split val --output /Users/hongweilin/Documents/workspace/documents/Personal/DMU/Final Dissertation/dissertation-v12-full-rerun/runs/dissertation_v12_sumo120/training/H5_gat_degraded/seed_42/validation_tunnel_triggered_30s/ckpt_epoch_0040.json --stochastic --degradation tunnel_triggered --outage-duration 30.0
checkpoint: ckpt_epoch_0040.pt  (epoch 40, 113,731 params)
env:        central_park  |  degradation: tunnel_triggered  |  device: cpu
policy:     stochastic

 ep  pickups      reward  mean_wait_s  rl_steps   wall_s
------------------------------------------------------------
demand:     3 'val' variants, rotated per episode
 Retrying in 1 seconds
Warning: Could not set locale to 'C'.
  0       13     +102.40        867.0       120      1.6
Warning: Could not set locale to 'C'.
  1       10      +72.97      835.025       120      0.5
Warning: Could not set locale to 'C'.
  2       15     +125.19  853.0857142857143       120      0.6
Warning: Could not set locale to 'C'.
  3       13     +102.38  870.7027027027027       120      0.5
Warning: Could not set locale to 'C'.
  4       10      +73.44       822.85       120      0.5
Warning: Could not set locale to 'C'.
  5       12      +92.82  861.3684210526316       120      0.5
Warning: Could not set locale to 'C'.
  6       14     +113.64        850.5       120      0.6
Warning: Could not set locale to 'C'.
  7       16     +136.84  832.6470588235294       120      0.5

mean over 8 episodes:
  completed passenger journeys: 12.88 ± 2.03
  reward:    +102.46 ± 21.30
  mean_wait: 849.1s
summary: /Users/hongweilin/Documents/workspace/documents/Personal/DMU/Final Dissertation/dissertation-v12-full-rerun/runs/dissertation_v12_sumo120/training/H5_gat_degraded/seed_42/validation_tunnel_triggered_30s/ckpt_epoch_0040.json
$ /Users/hongweilin/Documents/workspace/documents/Personal/DMU/Final Dissertation/dissertation-v12-full-rerun/.venv/bin/python /Users/hongweilin/Documents/workspace/documents/Personal/DMU/Final Dissertation/dissertation-v12-full-rerun/scripts/eval_policy.py /Users/hongweilin/Documents/workspace/documents/Personal/DMU/Final Dissertation/dissertation-v12-full-rerun/runs/dissertation_v12_sumo120/training/H5_gat_degraded/seed_42/ckpt_epoch_0049.pt --episodes 8 --seed 2026 --demand-split val --output /Users/hongweilin/Documents/workspace/documents/Personal/DMU/Final Dissertation/dissertation-v12-full-rerun/runs/dissertation_v12_sumo120/training/H5_gat_degraded/seed_42/validation_tunnel_triggered_30s/ckpt_epoch_0049.json --stochastic --degradation tunnel_triggered --outage-duration 30.0
checkpoint: ckpt_epoch_0049.pt  (epoch 49, 113,731 params)
env:        central_park  |  degradation: tunnel_triggered  |  device: cpu
policy:     stochastic

 ep  pickups      reward  mean_wait_s  rl_steps   wall_s
------------------------------------------------------------
demand:     3 'val' variants, rotated per episode
 Retrying in 1 seconds
Warning: Could not set locale to 'C'.
  0       15     +123.39  849.6857142857143       120      1.6
Warning: Could not set locale to 'C'.
  1       11      +83.30  848.025641025641       120      0.5
Warning: Could not set locale to 'C'.
  2       15     +125.19  853.0857142857143       120      0.6
Warning: Could not set locale to 'C'.
  3       12      +92.33  859.0263157894736       120      0.5
Warning: Could not set locale to 'C'.
  4       10      +73.11       837.65       120      0.5
Warning: Could not set locale to 'C'.
  5       12      +92.82  861.3684210526316       120      0.5
Warning: Could not set locale to 'C'.
  6       13     +103.07  846.4594594594595       120      0.5
Warning: Could not set locale to 'C'.
  7       16     +136.84  832.6470588235294       120      0.5

mean over 8 episodes:
  completed passenger journeys: 13.00 ± 2.00
  reward:    +103.76 ± 21.06
  mean_wait: 848.5s
summary: /Users/hongweilin/Documents/workspace/documents/Personal/DMU/Final Dissertation/dissertation-v12-full-rerun/runs/dissertation_v12_sumo120/training/H5_gat_degraded/seed_42/validation_tunnel_triggered_30s/ckpt_epoch_0049.json
selected epoch 10 with validation mean 13.00 pickups: /Users/hongweilin/Documents/workspace/documents/Personal/DMU/Final Dissertation/dissertation-v12-full-rerun/runs/dissertation_v12_sumo120/training/H5_gat_degraded/seed_42/ckpt_selected.pt
$ '/Users/hongweilin/Documents/workspace/documents/Personal/DMU/Final Dissertation/dissertation-v12-full-rerun/.venv/bin/python' scripts/check_training_stability.py '/Users/hongweilin/Documents/workspace/documents/Personal/DMU/Final Dissertation/dissertation-v12-full-rerun/runs/dissertation_v12_sumo120/training/H5_gat_degraded/seed_42' --final-window 10 --minimum-final-mean-pickups 5.0 --maximum-consecutive-zero-pickups 4 --minimum-selected-mean-pickups 5.0 --minimum-final-validation-retention 0.8
{
  "ok": true,
  "checks": {
    "final_mean_pickups": true,
    "maximum_consecutive_zero_pickups": true,
    "selected_validation_pickups": true,
    "final_validation_retention": true
  },
  "observed": {
    "epochs": 50,
    "final_window": 10,
    "final_mean_pickups": 11.9,
    "longest_consecutive_zero_pickups": 0,
    "selected_validation_mean_pickups": 13.0,
    "final_validation_mean_pickups": 13.0,
    "final_validation_retention": 1.0
  },
  "thresholds": {
    "minimum_final_mean_pickups": 5.0,
    "maximum_consecutive_zero_pickups": 4,
    "minimum_selected_mean_pickups": 5.0,
    "minimum_final_validation_retention": 0.8
  }
}
stability: OK (/Users/hongweilin/Documents/workspace/documents/Personal/DMU/Final Dissertation/dissertation-v12-full-rerun/runs/dissertation_v12_sumo120/training/H5_gat_degraded/seed_42/training_stability.json)
$ '/Users/hongweilin/Documents/workspace/documents/Personal/DMU/Final Dissertation/dissertation-v12-full-rerun/.venv/bin/python' scripts/select_checkpoint.py '/Users/hongweilin/Documents/workspace/documents/Personal/DMU/Final Dissertation/dissertation-v12-full-rerun/runs/dissertation_v12_sumo120/training/H5_gat_degraded/seed_43' --episodes 8 --seed 2026 --demand-split val --minimum-mean-pickups 2.0 --degradation tunnel_triggered --outage-duration 30.0 --resume
$ /Users/hongweilin/Documents/workspace/documents/Personal/DMU/Final Dissertation/dissertation-v12-full-rerun/.venv/bin/python /Users/hongweilin/Documents/workspace/documents/Personal/DMU/Final Dissertation/dissertation-v12-full-rerun/scripts/eval_policy.py /Users/hongweilin/Documents/workspace/documents/Personal/DMU/Final Dissertation/dissertation-v12-full-rerun/runs/dissertation_v12_sumo120/training/H5_gat_degraded/seed_43/ckpt_epoch_0000.pt --episodes 8 --seed 2026 --demand-split val --output /Users/hongweilin/Documents/workspace/documents/Personal/DMU/Final Dissertation/dissertation-v12-full-rerun/runs/dissertation_v12_sumo120/training/H5_gat_degraded/seed_43/validation_tunnel_triggered_30s/ckpt_epoch_0000.json --stochastic --degradation tunnel_triggered --outage-duration 30.0
checkpoint: ckpt_epoch_0000.pt  (epoch 0, 113,731 params)
env:        central_park  |  degradation: tunnel_triggered  |  device: cpu
policy:     stochastic

 ep  pickups      reward  mean_wait_s  rl_steps   wall_s
------------------------------------------------------------
demand:     3 'val' variants, rotated per episode
 Retrying in 1 seconds
Warning: Could not set locale to 'C'.
  0       13     +103.03  851.918918918919       120      1.6
Warning: Could not set locale to 'C'.
  1       11      +83.01  842.6923076923077       120      0.5
Warning: Could not set locale to 'C'.
  2       17     +146.27  844.6363636363636       120      0.6
Warning: Could not set locale to 'C'.
  3       13     +102.38  870.7027027027027       120      0.5
Warning: Could not set locale to 'C'.
  4       12      +93.84  837.7894736842105       120      0.5
Warning: Could not set locale to 'C'.
  5       12      +92.82  861.3684210526316       120      0.5
Warning: Could not set locale to 'C'.
  6       15     +123.39  867.5714285714286       120      0.5
Warning: Could not set locale to 'C'.
  7       15     +125.88  828.6571428571428       120      0.5

mean over 8 episodes:
  completed passenger journeys: 13.50 ± 1.87
  reward:    +108.83 ± 19.77
  mean_wait: 850.7s
summary: /Users/hongweilin/Documents/workspace/documents/Personal/DMU/Final Dissertation/dissertation-v12-full-rerun/runs/dissertation_v12_sumo120/training/H5_gat_degraded/seed_43/validation_tunnel_triggered_30s/ckpt_epoch_0000.json
$ /Users/hongweilin/Documents/workspace/documents/Personal/DMU/Final Dissertation/dissertation-v12-full-rerun/.venv/bin/python /Users/hongweilin/Documents/workspace/documents/Personal/DMU/Final Dissertation/dissertation-v12-full-rerun/scripts/eval_policy.py /Users/hongweilin/Documents/workspace/documents/Personal/DMU/Final Dissertation/dissertation-v12-full-rerun/runs/dissertation_v12_sumo120/training/H5_gat_degraded/seed_43/ckpt_epoch_0010.pt --episodes 8 --seed 2026 --demand-split val --output /Users/hongweilin/Documents/workspace/documents/Personal/DMU/Final Dissertation/dissertation-v12-full-rerun/runs/dissertation_v12_sumo120/training/H5_gat_degraded/seed_43/validation_tunnel_triggered_30s/ckpt_epoch_0010.json --stochastic --degradation tunnel_triggered --outage-duration 30.0
checkpoint: ckpt_epoch_0010.pt  (epoch 10, 113,731 params)
env:        central_park  |  degradation: tunnel_triggered  |  device: cpu
policy:     stochastic

 ep  pickups      reward  mean_wait_s  rl_steps   wall_s
------------------------------------------------------------
demand:     3 'val' variants, rotated per episode
 Retrying in 1 seconds
Warning: Could not set locale to 'C'.
  0       14     +113.49        861.0       120      1.6
Warning: Could not set locale to 'C'.
  1       10      +72.86        845.0       120      0.5
Warning: Could not set locale to 'C'.
  2       11      +82.13  867.5897435897435       120      0.5
Warning: Could not set locale to 'C'.
  3       14     +112.35  877.6944444444445       120      0.5
Warning: Could not set locale to 'C'.
  4       14     +115.77  820.9444444444445       120      0.5
Warning: Could not set locale to 'C'.
  5       12      +92.71  868.7368421052631       120      0.5
Warning: Could not set locale to 'C'.
  6       12      +92.10  865.4473684210526       120      0.5
Warning: Could not set locale to 'C'.
  7       14     +115.72  826.6111111111111       120      0.5

mean over 8 episodes:
  completed passenger journeys: 12.62 ± 1.49
  reward:    +99.64 ± 15.81
  mean_wait: 854.1s
summary: /Users/hongweilin/Documents/workspace/documents/Personal/DMU/Final Dissertation/dissertation-v12-full-rerun/runs/dissertation_v12_sumo120/training/H5_gat_degraded/seed_43/validation_tunnel_triggered_30s/ckpt_epoch_0010.json
$ /Users/hongweilin/Documents/workspace/documents/Personal/DMU/Final Dissertation/dissertation-v12-full-rerun/.venv/bin/python /Users/hongweilin/Documents/workspace/documents/Personal/DMU/Final Dissertation/dissertation-v12-full-rerun/scripts/eval_policy.py /Users/hongweilin/Documents/workspace/documents/Personal/DMU/Final Dissertation/dissertation-v12-full-rerun/runs/dissertation_v12_sumo120/training/H5_gat_degraded/seed_43/ckpt_best.pt --episodes 8 --seed 2026 --demand-split val --output /Users/hongweilin/Documents/workspace/documents/Personal/DMU/Final Dissertation/dissertation-v12-full-rerun/runs/dissertation_v12_sumo120/training/H5_gat_degraded/seed_43/validation_tunnel_triggered_30s/ckpt_best.json --stochastic --degradation tunnel_triggered --outage-duration 30.0
checkpoint: ckpt_best.pt  (epoch 15, 113,731 params)
env:        central_park  |  degradation: tunnel_triggered  |  device: cpu
policy:     stochastic

 ep  pickups      reward  mean_wait_s  rl_steps   wall_s
------------------------------------------------------------
demand:     3 'val' variants, rotated per episode
 Retrying in 1 seconds
Warning: Could not set locale to 'C'.
  0       12      +92.45  858.1578947368421       120      1.6
Warning: Could not set locale to 'C'.
  1       10      +72.86        845.0       120      0.5
Warning: Could not set locale to 'C'.
  2       11      +82.13  867.5897435897435       120      0.6
Warning: Could not set locale to 'C'.
  3       14     +112.35  877.6944444444445       120      0.5
Warning: Could not set locale to 'C'.
  4       14     +115.77  820.9444444444445       120      0.5
Warning: Could not set locale to 'C'.
  5       12      +93.20  868.7368421052631       120      0.5
Warning: Could not set locale to 'C'.
  6       13     +103.25  848.8918918918919       120      0.5
Warning: Could not set locale to 'C'.
  7       14     +115.73  825.1388888888889       120      0.5

mean over 8 episodes:
  completed passenger journeys: 12.50 ± 1.41
  reward:    +98.47 ± 15.00
  mean_wait: 851.5s
summary: /Users/hongweilin/Documents/workspace/documents/Personal/DMU/Final Dissertation/dissertation-v12-full-rerun/runs/dissertation_v12_sumo120/training/H5_gat_degraded/seed_43/validation_tunnel_triggered_30s/ckpt_best.json
$ /Users/hongweilin/Documents/workspace/documents/Personal/DMU/Final Dissertation/dissertation-v12-full-rerun/.venv/bin/python /Users/hongweilin/Documents/workspace/documents/Personal/DMU/Final Dissertation/dissertation-v12-full-rerun/scripts/eval_policy.py /Users/hongweilin/Documents/workspace/documents/Personal/DMU/Final Dissertation/dissertation-v12-full-rerun/runs/dissertation_v12_sumo120/training/H5_gat_degraded/seed_43/ckpt_epoch_0020.pt --episodes 8 --seed 2026 --demand-split val --output /Users/hongweilin/Documents/workspace/documents/Personal/DMU/Final Dissertation/dissertation-v12-full-rerun/runs/dissertation_v12_sumo120/training/H5_gat_degraded/seed_43/validation_tunnel_triggered_30s/ckpt_epoch_0020.json --stochastic --degradation tunnel_triggered --outage-duration 30.0
checkpoint: ckpt_epoch_0020.pt  (epoch 20, 113,731 params)
env:        central_park  |  degradation: tunnel_triggered  |  device: cpu
policy:     stochastic

 ep  pickups      reward  mean_wait_s  rl_steps   wall_s
------------------------------------------------------------
demand:     3 'val' variants, rotated per episode
 Retrying in 1 seconds
Warning: Could not set locale to 'C'.
  0       12      +92.45  858.1578947368421       120      1.6
Warning: Could not set locale to 'C'.
  1       10      +72.86        845.0       120      0.5
Warning: Could not set locale to 'C'.
  2       11      +82.13  867.5897435897435       120      0.5
Warning: Could not set locale to 'C'.
  3       14     +112.35  877.6944444444445       120      0.5
Warning: Could not set locale to 'C'.
  4       14     +115.77  820.9444444444445       120      0.5
Warning: Could not set locale to 'C'.
  5       12      +93.20  868.7368421052631       120      0.6
Warning: Could not set locale to 'C'.
  6       13     +103.25  848.8918918918919       120      0.5
Warning: Could not set locale to 'C'.
  7       14     +115.73  825.1388888888889       120      0.5

mean over 8 episodes:
  completed passenger journeys: 12.50 ± 1.41
  reward:    +98.47 ± 15.00
  mean_wait: 851.5s
summary: /Users/hongweilin/Documents/workspace/documents/Personal/DMU/Final Dissertation/dissertation-v12-full-rerun/runs/dissertation_v12_sumo120/training/H5_gat_degraded/seed_43/validation_tunnel_triggered_30s/ckpt_epoch_0020.json
$ /Users/hongweilin/Documents/workspace/documents/Personal/DMU/Final Dissertation/dissertation-v12-full-rerun/.venv/bin/python /Users/hongweilin/Documents/workspace/documents/Personal/DMU/Final Dissertation/dissertation-v12-full-rerun/scripts/eval_policy.py /Users/hongweilin/Documents/workspace/documents/Personal/DMU/Final Dissertation/dissertation-v12-full-rerun/runs/dissertation_v12_sumo120/training/H5_gat_degraded/seed_43/ckpt_epoch_0030.pt --episodes 8 --seed 2026 --demand-split val --output /Users/hongweilin/Documents/workspace/documents/Personal/DMU/Final Dissertation/dissertation-v12-full-rerun/runs/dissertation_v12_sumo120/training/H5_gat_degraded/seed_43/validation_tunnel_triggered_30s/ckpt_epoch_0030.json --stochastic --degradation tunnel_triggered --outage-duration 30.0
checkpoint: ckpt_epoch_0030.pt  (epoch 30, 113,731 params)
env:        central_park  |  degradation: tunnel_triggered  |  device: cpu
policy:     stochastic

 ep  pickups      reward  mean_wait_s  rl_steps   wall_s
------------------------------------------------------------
demand:     3 'val' variants, rotated per episode
 Retrying in 1 seconds
Warning: Could not set locale to 'C'.
  0       12      +92.45  858.1578947368421       120      1.6
Warning: Could not set locale to 'C'.
  1       10      +72.86        845.0       120      0.5
Warning: Could not set locale to 'C'.
  2       11      +82.13  867.5897435897435       120      0.6
Warning: Could not set locale to 'C'.
  3       14     +112.35  877.6944444444445       120      0.5
Warning: Could not set locale to 'C'.
  4       14     +115.77  820.9444444444445       120      0.5
Warning: Could not set locale to 'C'.
  5       12      +93.20  868.7368421052631       120      0.5
Warning: Could not set locale to 'C'.
  6       14     +113.00  866.5277777777778       120      0.5
Warning: Could not set locale to 'C'.
  7       14     +115.08  833.3055555555555       120      0.5

mean over 8 episodes:
  completed passenger journeys: 12.62 ± 1.49
  reward:    +99.61 ± 15.63
  mean_wait: 854.7s
summary: /Users/hongweilin/Documents/workspace/documents/Personal/DMU/Final Dissertation/dissertation-v12-full-rerun/runs/dissertation_v12_sumo120/training/H5_gat_degraded/seed_43/validation_tunnel_triggered_30s/ckpt_epoch_0030.json
$ /Users/hongweilin/Documents/workspace/documents/Personal/DMU/Final Dissertation/dissertation-v12-full-rerun/.venv/bin/python /Users/hongweilin/Documents/workspace/documents/Personal/DMU/Final Dissertation/dissertation-v12-full-rerun/scripts/eval_policy.py /Users/hongweilin/Documents/workspace/documents/Personal/DMU/Final Dissertation/dissertation-v12-full-rerun/runs/dissertation_v12_sumo120/training/H5_gat_degraded/seed_43/ckpt_epoch_0040.pt --episodes 8 --seed 2026 --demand-split val --output /Users/hongweilin/Documents/workspace/documents/Personal/DMU/Final Dissertation/dissertation-v12-full-rerun/runs/dissertation_v12_sumo120/training/H5_gat_degraded/seed_43/validation_tunnel_triggered_30s/ckpt_epoch_0040.json --stochastic --degradation tunnel_triggered --outage-duration 30.0
checkpoint: ckpt_epoch_0040.pt  (epoch 40, 113,731 params)
env:        central_park  |  degradation: tunnel_triggered  |  device: cpu
policy:     stochastic

 ep  pickups      reward  mean_wait_s  rl_steps   wall_s
------------------------------------------------------------
demand:     3 'val' variants, rotated per episode
 Retrying in 1 seconds
Warning: Could not set locale to 'C'.
  0       12      +92.45  858.1578947368421       120      1.6
Warning: Could not set locale to 'C'.
  1       10      +72.86        845.0       120      0.5
Warning: Could not set locale to 'C'.
  2       11      +82.13  867.5897435897435       120      0.5
Warning: Could not set locale to 'C'.
  3       14     +112.35  877.6944444444445       120      0.5
Warning: Could not set locale to 'C'.
  4       14     +115.77  820.9444444444445       120      0.5
Warning: Could not set locale to 'C'.
  5       12      +93.20  868.7368421052631       120      0.5
Warning: Could not set locale to 'C'.
  6       14     +113.00  866.5277777777778       120      0.5
Warning: Could not set locale to 'C'.
  7       14     +115.08  833.3055555555555       120      0.5

mean over 8 episodes:
  completed passenger journeys: 12.62 ± 1.49
  reward:    +99.61 ± 15.63
  mean_wait: 854.7s
summary: /Users/hongweilin/Documents/workspace/documents/Personal/DMU/Final Dissertation/dissertation-v12-full-rerun/runs/dissertation_v12_sumo120/training/H5_gat_degraded/seed_43/validation_tunnel_triggered_30s/ckpt_epoch_0040.json
$ /Users/hongweilin/Documents/workspace/documents/Personal/DMU/Final Dissertation/dissertation-v12-full-rerun/.venv/bin/python /Users/hongweilin/Documents/workspace/documents/Personal/DMU/Final Dissertation/dissertation-v12-full-rerun/scripts/eval_policy.py /Users/hongweilin/Documents/workspace/documents/Personal/DMU/Final Dissertation/dissertation-v12-full-rerun/runs/dissertation_v12_sumo120/training/H5_gat_degraded/seed_43/ckpt_epoch_0049.pt --episodes 8 --seed 2026 --demand-split val --output /Users/hongweilin/Documents/workspace/documents/Personal/DMU/Final Dissertation/dissertation-v12-full-rerun/runs/dissertation_v12_sumo120/training/H5_gat_degraded/seed_43/validation_tunnel_triggered_30s/ckpt_epoch_0049.json --stochastic --degradation tunnel_triggered --outage-duration 30.0
checkpoint: ckpt_epoch_0049.pt  (epoch 49, 113,731 params)
env:        central_park  |  degradation: tunnel_triggered  |  device: cpu
policy:     stochastic

 ep  pickups      reward  mean_wait_s  rl_steps   wall_s
------------------------------------------------------------
demand:     3 'val' variants, rotated per episode
 Retrying in 1 seconds
Warning: Could not set locale to 'C'.
  0       12      +92.45  858.1578947368421       120      1.6
Warning: Could not set locale to 'C'.
  1       10      +72.86        845.0       120      0.5
Warning: Could not set locale to 'C'.
  2       11      +82.13  867.5897435897435       120      0.5
Warning: Could not set locale to 'C'.
  3       14     +112.35  877.6944444444445       120      0.5
Warning: Could not set locale to 'C'.
  4       14     +115.77  820.9444444444445       120      0.5
Warning: Could not set locale to 'C'.
  5       12      +93.20  868.7368421052631       120      0.5
Warning: Could not set locale to 'C'.
  6       14     +113.00  866.5277777777778       120      0.5
Warning: Could not set locale to 'C'.
  7       14     +115.08  833.3055555555555       120      0.5

mean over 8 episodes:
  completed passenger journeys: 12.62 ± 1.49
  reward:    +99.61 ± 15.63
  mean_wait: 854.7s
summary: /Users/hongweilin/Documents/workspace/documents/Personal/DMU/Final Dissertation/dissertation-v12-full-rerun/runs/dissertation_v12_sumo120/training/H5_gat_degraded/seed_43/validation_tunnel_triggered_30s/ckpt_epoch_0049.json
selected epoch 10 with validation mean 12.62 pickups: /Users/hongweilin/Documents/workspace/documents/Personal/DMU/Final Dissertation/dissertation-v12-full-rerun/runs/dissertation_v12_sumo120/training/H5_gat_degraded/seed_43/ckpt_selected.pt
$ '/Users/hongweilin/Documents/workspace/documents/Personal/DMU/Final Dissertation/dissertation-v12-full-rerun/.venv/bin/python' scripts/check_training_stability.py '/Users/hongweilin/Documents/workspace/documents/Personal/DMU/Final Dissertation/dissertation-v12-full-rerun/runs/dissertation_v12_sumo120/training/H5_gat_degraded/seed_43' --final-window 10 --minimum-final-mean-pickups 5.0 --maximum-consecutive-zero-pickups 4 --minimum-selected-mean-pickups 5.0 --minimum-final-validation-retention 0.8
{
  "ok": true,
  "checks": {
    "final_mean_pickups": true,
    "maximum_consecutive_zero_pickups": true,
    "selected_validation_pickups": true,
    "final_validation_retention": true
  },
  "observed": {
    "epochs": 50,
    "final_window": 10,
    "final_mean_pickups": 11.9,
    "longest_consecutive_zero_pickups": 0,
    "selected_validation_mean_pickups": 12.625,
    "final_validation_mean_pickups": 12.625,
    "final_validation_retention": 1.0
  },
  "thresholds": {
    "minimum_final_mean_pickups": 5.0,
    "maximum_consecutive_zero_pickups": 4,
    "minimum_selected_mean_pickups": 5.0,
    "minimum_final_validation_retention": 0.8
  }
}
stability: OK (/Users/hongweilin/Documents/workspace/documents/Personal/DMU/Final Dissertation/dissertation-v12-full-rerun/runs/dissertation_v12_sumo120/training/H5_gat_degraded/seed_43/training_stability.json)
$ '/Users/hongweilin/Documents/workspace/documents/Personal/DMU/Final Dissertation/dissertation-v12-full-rerun/.venv/bin/python' scripts/select_checkpoint.py '/Users/hongweilin/Documents/workspace/documents/Personal/DMU/Final Dissertation/dissertation-v12-full-rerun/runs/dissertation_v12_sumo120/training/H5_gat_degraded/seed_44' --episodes 8 --seed 2026 --demand-split val --minimum-mean-pickups 2.0 --degradation tunnel_triggered --outage-duration 30.0 --resume
$ /Users/hongweilin/Documents/workspace/documents/Personal/DMU/Final Dissertation/dissertation-v12-full-rerun/.venv/bin/python /Users/hongweilin/Documents/workspace/documents/Personal/DMU/Final Dissertation/dissertation-v12-full-rerun/scripts/eval_policy.py /Users/hongweilin/Documents/workspace/documents/Personal/DMU/Final Dissertation/dissertation-v12-full-rerun/runs/dissertation_v12_sumo120/training/H5_gat_degraded/seed_44/ckpt_epoch_0000.pt --episodes 8 --seed 2026 --demand-split val --output /Users/hongweilin/Documents/workspace/documents/Personal/DMU/Final Dissertation/dissertation-v12-full-rerun/runs/dissertation_v12_sumo120/training/H5_gat_degraded/seed_44/validation_tunnel_triggered_30s/ckpt_epoch_0000.json --stochastic --degradation tunnel_triggered --outage-duration 30.0
checkpoint: ckpt_epoch_0000.pt  (epoch 0, 113,731 params)
env:        central_park  |  degradation: tunnel_triggered  |  device: cpu
policy:     stochastic

 ep  pickups      reward  mean_wait_s  rl_steps   wall_s
------------------------------------------------------------
demand:     3 'val' variants, rotated per episode
 Retrying in 1 seconds
Warning: Could not set locale to 'C'.
  0       12      +91.89  866.421052631579       120      1.6
Warning: Could not set locale to 'C'.
  1       11      +83.01  842.6923076923077       120      0.5
Warning: Could not set locale to 'C'.
  2       11      +82.63  860.4102564102565       120      0.6
Warning: Could not set locale to 'C'.
  3       10      +70.77      869.875       120      0.6
Warning: Could not set locale to 'C'.
  4       12      +93.84  837.7894736842105       120      0.5
Warning: Could not set locale to 'C'.
  5       12      +92.83  861.3684210526316       120      0.5
Warning: Could not set locale to 'C'.
  6       15     +123.39  867.5714285714286       120      0.5
Warning: Could not set locale to 'C'.
  7       12      +94.96  821.6842105263158       120      0.5

mean over 8 episodes:
  completed passenger journeys: 11.88 ± 1.36
  reward:    +91.66 ± 14.22
  mean_wait: 853.5s
summary: /Users/hongweilin/Documents/workspace/documents/Personal/DMU/Final Dissertation/dissertation-v12-full-rerun/runs/dissertation_v12_sumo120/training/H5_gat_degraded/seed_44/validation_tunnel_triggered_30s/ckpt_epoch_0000.json
$ /Users/hongweilin/Documents/workspace/documents/Personal/DMU/Final Dissertation/dissertation-v12-full-rerun/.venv/bin/python /Users/hongweilin/Documents/workspace/documents/Personal/DMU/Final Dissertation/dissertation-v12-full-rerun/scripts/eval_policy.py /Users/hongweilin/Documents/workspace/documents/Personal/DMU/Final Dissertation/dissertation-v12-full-rerun/runs/dissertation_v12_sumo120/training/H5_gat_degraded/seed_44/ckpt_epoch_0010.pt --episodes 8 --seed 2026 --demand-split val --output /Users/hongweilin/Documents/workspace/documents/Personal/DMU/Final Dissertation/dissertation-v12-full-rerun/runs/dissertation_v12_sumo120/training/H5_gat_degraded/seed_44/validation_tunnel_triggered_30s/ckpt_epoch_0010.json --stochastic --degradation tunnel_triggered --outage-duration 30.0
checkpoint: ckpt_epoch_0010.pt  (epoch 10, 113,731 params)
env:        central_park  |  degradation: tunnel_triggered  |  device: cpu
policy:     stochastic

 ep  pickups      reward  mean_wait_s  rl_steps   wall_s
------------------------------------------------------------
demand:     3 'val' variants, rotated per episode
 Retrying in 1 seconds
Warning: Could not set locale to 'C'.
  0       17     +145.90  851.3939393939394       120      1.6
Warning: Could not set locale to 'C'.
  1        9      +62.40  821.829268292683       120      0.5
Warning: Could not set locale to 'C'.
  2       15     +124.70  845.4571428571429       120      0.5
Warning: Could not set locale to 'C'.
  3       12      +92.33  859.0263157894736       120      0.5
Warning: Could not set locale to 'C'.
  4       10      +73.15      824.225       120      0.5
Warning: Could not set locale to 'C'.
  5       12      +92.83  861.3684210526316       120      0.5
Warning: Could not set locale to 'C'.
  6       13     +103.07  846.4594594594595       120      0.6
Warning: Could not set locale to 'C'.
  7       16     +136.84  832.6470588235294       120      0.5

mean over 8 episodes:
  completed passenger journeys: 13.00 ± 2.65
  reward:    +103.90 ± 27.85
  mean_wait: 842.8s
summary: /Users/hongweilin/Documents/workspace/documents/Personal/DMU/Final Dissertation/dissertation-v12-full-rerun/runs/dissertation_v12_sumo120/training/H5_gat_degraded/seed_44/validation_tunnel_triggered_30s/ckpt_epoch_0010.json
$ /Users/hongweilin/Documents/workspace/documents/Personal/DMU/Final Dissertation/dissertation-v12-full-rerun/.venv/bin/python /Users/hongweilin/Documents/workspace/documents/Personal/DMU/Final Dissertation/dissertation-v12-full-rerun/scripts/eval_policy.py /Users/hongweilin/Documents/workspace/documents/Personal/DMU/Final Dissertation/dissertation-v12-full-rerun/runs/dissertation_v12_sumo120/training/H5_gat_degraded/seed_44/ckpt_epoch_0020.pt --episodes 8 --seed 2026 --demand-split val --output /Users/hongweilin/Documents/workspace/documents/Personal/DMU/Final Dissertation/dissertation-v12-full-rerun/runs/dissertation_v12_sumo120/training/H5_gat_degraded/seed_44/validation_tunnel_triggered_30s/ckpt_epoch_0020.json --stochastic --degradation tunnel_triggered --outage-duration 30.0
checkpoint: ckpt_epoch_0020.pt  (epoch 20, 113,731 params)
env:        central_park  |  degradation: tunnel_triggered  |  device: cpu
policy:     stochastic

 ep  pickups      reward  mean_wait_s  rl_steps   wall_s
------------------------------------------------------------
demand:     3 'val' variants, rotated per episode
 Retrying in 1 seconds
Warning: Could not set locale to 'C'.
  0       17     +145.90  851.3939393939394       120      1.6
Warning: Could not set locale to 'C'.
  1        9      +62.40  821.829268292683       120      0.5
Warning: Could not set locale to 'C'.
  2       15     +124.70  845.4571428571429       120      0.5
Warning: Could not set locale to 'C'.
  3       12      +92.33  859.0263157894736       120      0.5
Warning: Could not set locale to 'C'.
  4       10      +73.15      824.225       120      0.5
Warning: Could not set locale to 'C'.
  5       12      +92.83  861.3684210526316       120      0.6
Warning: Could not set locale to 'C'.
  6       13     +103.07  846.4594594594595       120      0.5
Warning: Could not set locale to 'C'.
  7       16     +136.84  832.6470588235294       120      0.5

mean over 8 episodes:
  completed passenger journeys: 13.00 ± 2.65
  reward:    +103.90 ± 27.85
  mean_wait: 842.8s
summary: /Users/hongweilin/Documents/workspace/documents/Personal/DMU/Final Dissertation/dissertation-v12-full-rerun/runs/dissertation_v12_sumo120/training/H5_gat_degraded/seed_44/validation_tunnel_triggered_30s/ckpt_epoch_0020.json
$ /Users/hongweilin/Documents/workspace/documents/Personal/DMU/Final Dissertation/dissertation-v12-full-rerun/.venv/bin/python /Users/hongweilin/Documents/workspace/documents/Personal/DMU/Final Dissertation/dissertation-v12-full-rerun/scripts/eval_policy.py /Users/hongweilin/Documents/workspace/documents/Personal/DMU/Final Dissertation/dissertation-v12-full-rerun/runs/dissertation_v12_sumo120/training/H5_gat_degraded/seed_44/ckpt_best.pt --episodes 8 --seed 2026 --demand-split val --output /Users/hongweilin/Documents/workspace/documents/Personal/DMU/Final Dissertation/dissertation-v12-full-rerun/runs/dissertation_v12_sumo120/training/H5_gat_degraded/seed_44/validation_tunnel_triggered_30s/ckpt_best.json --stochastic --degradation tunnel_triggered --outage-duration 30.0
checkpoint: ckpt_best.pt  (epoch 21, 113,731 params)
env:        central_park  |  degradation: tunnel_triggered  |  device: cpu
policy:     stochastic

 ep  pickups      reward  mean_wait_s  rl_steps   wall_s
------------------------------------------------------------
demand:     3 'val' variants, rotated per episode
 Retrying in 1 seconds
Warning: Could not set locale to 'C'.
  0       17     +145.90  851.3939393939394       120      1.7
Warning: Could not set locale to 'C'.
  1        9      +62.40  821.829268292683       120      0.5
Warning: Could not set locale to 'C'.
  2       15     +124.70  845.4571428571429       120      0.6
Warning: Could not set locale to 'C'.
  3       12      +92.33  859.0263157894736       120      0.5
Warning: Could not set locale to 'C'.
  4       10      +73.15      824.225       120      0.5
Warning: Could not set locale to 'C'.
  5       12      +92.83  861.3684210526316       120      0.6
Warning: Could not set locale to 'C'.
  6       13     +103.07  846.4594594594595       120      0.5
Warning: Could not set locale to 'C'.
  7       16     +136.84  832.6470588235294       120      0.5

mean over 8 episodes:
  completed passenger journeys: 13.00 ± 2.65
  reward:    +103.90 ± 27.85
  mean_wait: 842.8s
summary: /Users/hongweilin/Documents/workspace/documents/Personal/DMU/Final Dissertation/dissertation-v12-full-rerun/runs/dissertation_v12_sumo120/training/H5_gat_degraded/seed_44/validation_tunnel_triggered_30s/ckpt_best.json
$ /Users/hongweilin/Documents/workspace/documents/Personal/DMU/Final Dissertation/dissertation-v12-full-rerun/.venv/bin/python /Users/hongweilin/Documents/workspace/documents/Personal/DMU/Final Dissertation/dissertation-v12-full-rerun/scripts/eval_policy.py /Users/hongweilin/Documents/workspace/documents/Personal/DMU/Final Dissertation/dissertation-v12-full-rerun/runs/dissertation_v12_sumo120/training/H5_gat_degraded/seed_44/ckpt_epoch_0030.pt --episodes 8 --seed 2026 --demand-split val --output /Users/hongweilin/Documents/workspace/documents/Personal/DMU/Final Dissertation/dissertation-v12-full-rerun/runs/dissertation_v12_sumo120/training/H5_gat_degraded/seed_44/validation_tunnel_triggered_30s/ckpt_epoch_0030.json --stochastic --degradation tunnel_triggered --outage-duration 30.0
checkpoint: ckpt_epoch_0030.pt  (epoch 30, 113,731 params)
env:        central_park  |  degradation: tunnel_triggered  |  device: cpu
policy:     stochastic

 ep  pickups      reward  mean_wait_s  rl_steps   wall_s
------------------------------------------------------------
demand:     3 'val' variants, rotated per episode
 Retrying in 1 seconds
Warning: Could not set locale to 'C'.
  0       14     +112.81  871.5833333333334       120      1.6
Warning: Could not set locale to 'C'.
  1       11      +83.30  848.025641025641       120      0.6
Warning: Could not set locale to 'C'.
  2       15     +124.49  858.6285714285714       120      0.6
Warning: Could not set locale to 'C'.
  3       13     +102.38  870.7027027027027       120      0.5
Warning: Could not set locale to 'C'.
  4       10      +73.15      824.225       120      0.5
Warning: Could not set locale to 'C'.
  5       12      +92.83  861.3684210526316       120      0.6
Warning: Could not set locale to 'C'.
  6       17     +145.45  850.9090909090909       120      0.6
Warning: Could not set locale to 'C'.
  7       16     +136.84  832.6470588235294       120      0.5

mean over 8 episodes:
  completed passenger journeys: 13.50 ± 2.29
  reward:    +108.91 ± 24.00
  mean_wait: 852.3s
summary: /Users/hongweilin/Documents/workspace/documents/Personal/DMU/Final Dissertation/dissertation-v12-full-rerun/runs/dissertation_v12_sumo120/training/H5_gat_degraded/seed_44/validation_tunnel_triggered_30s/ckpt_epoch_0030.json
$ /Users/hongweilin/Documents/workspace/documents/Personal/DMU/Final Dissertation/dissertation-v12-full-rerun/.venv/bin/python /Users/hongweilin/Documents/workspace/documents/Personal/DMU/Final Dissertation/dissertation-v12-full-rerun/scripts/eval_policy.py /Users/hongweilin/Documents/workspace/documents/Personal/DMU/Final Dissertation/dissertation-v12-full-rerun/runs/dissertation_v12_sumo120/training/H5_gat_degraded/seed_44/ckpt_epoch_0040.pt --episodes 8 --seed 2026 --demand-split val --output /Users/hongweilin/Documents/workspace/documents/Personal/DMU/Final Dissertation/dissertation-v12-full-rerun/runs/dissertation_v12_sumo120/training/H5_gat_degraded/seed_44/validation_tunnel_triggered_30s/ckpt_epoch_0040.json --stochastic --degradation tunnel_triggered --outage-duration 30.0
checkpoint: ckpt_epoch_0040.pt  (epoch 40, 113,731 params)
env:        central_park  |  degradation: tunnel_triggered  |  device: cpu
policy:     stochastic

 ep  pickups      reward  mean_wait_s  rl_steps   wall_s
------------------------------------------------------------
demand:     3 'val' variants, rotated per episode
 Retrying in 1 seconds
Warning: Could not set locale to 'C'.
  0       18     +156.69    843.21875       120      1.6
Warning: Could not set locale to 'C'.
  1        9      +62.40  821.829268292683       120      0.5
Warning: Could not set locale to 'C'.
  2       15     +124.70  845.4571428571429       120      0.5
Warning: Could not set locale to 'C'.
  3       12      +92.33  859.0263157894736       120      0.5
Warning: Could not set locale to 'C'.
  4       10      +73.15      824.225       120      0.5
Warning: Could not set locale to 'C'.
  5       12      +92.83  861.3684210526316       120      0.5
Warning: Could not set locale to 'C'.
  6       13     +103.07  846.4594594594595       120      0.5
Warning: Could not set locale to 'C'.
  7       16     +136.84  832.6470588235294       120      0.5

mean over 8 episodes:
  completed passenger journeys: 13.12 ± 2.85
  reward:    +105.25 ± 30.03
  mean_wait: 841.8s
summary: /Users/hongweilin/Documents/workspace/documents/Personal/DMU/Final Dissertation/dissertation-v12-full-rerun/runs/dissertation_v12_sumo120/training/H5_gat_degraded/seed_44/validation_tunnel_triggered_30s/ckpt_epoch_0040.json
$ /Users/hongweilin/Documents/workspace/documents/Personal/DMU/Final Dissertation/dissertation-v12-full-rerun/.venv/bin/python /Users/hongweilin/Documents/workspace/documents/Personal/DMU/Final Dissertation/dissertation-v12-full-rerun/scripts/eval_policy.py /Users/hongweilin/Documents/workspace/documents/Personal/DMU/Final Dissertation/dissertation-v12-full-rerun/runs/dissertation_v12_sumo120/training/H5_gat_degraded/seed_44/ckpt_epoch_0049.pt --episodes 8 --seed 2026 --demand-split val --output /Users/hongweilin/Documents/workspace/documents/Personal/DMU/Final Dissertation/dissertation-v12-full-rerun/runs/dissertation_v12_sumo120/training/H5_gat_degraded/seed_44/validation_tunnel_triggered_30s/ckpt_epoch_0049.json --stochastic --degradation tunnel_triggered --outage-duration 30.0
checkpoint: ckpt_epoch_0049.pt  (epoch 49, 113,731 params)
env:        central_park  |  degradation: tunnel_triggered  |  device: cpu
policy:     stochastic

 ep  pickups      reward  mean_wait_s  rl_steps   wall_s
------------------------------------------------------------
demand:     3 'val' variants, rotated per episode
 Retrying in 1 seconds
Warning: Could not set locale to 'C'.
  0       18     +156.69    843.21875       120      1.6
Warning: Could not set locale to 'C'.
  1        9      +62.40  821.829268292683       120      0.5
Warning: Could not set locale to 'C'.
  2       15     +124.70  845.4571428571429       120      0.6
Warning: Could not set locale to 'C'.
  3       12      +92.33  859.0263157894736       120      0.5
Warning: Could not set locale to 'C'.
  4       10      +73.15      824.225       120      0.5
Warning: Could not set locale to 'C'.
  5       12      +92.83  861.3684210526316       120      0.5
Warning: Could not set locale to 'C'.
  6       13     +103.07  846.4594594594595       120      0.5
Warning: Could not set locale to 'C'.
  7       16     +136.84  832.6470588235294       120      0.6

mean over 8 episodes:
  completed passenger journeys: 13.12 ± 2.85
  reward:    +105.25 ± 30.03
  mean_wait: 841.8s
summary: /Users/hongweilin/Documents/workspace/documents/Personal/DMU/Final Dissertation/dissertation-v12-full-rerun/runs/dissertation_v12_sumo120/training/H5_gat_degraded/seed_44/validation_tunnel_triggered_30s/ckpt_epoch_0049.json
selected epoch 30 with validation mean 13.50 pickups: /Users/hongweilin/Documents/workspace/documents/Personal/DMU/Final Dissertation/dissertation-v12-full-rerun/runs/dissertation_v12_sumo120/training/H5_gat_degraded/seed_44/ckpt_selected.pt
$ '/Users/hongweilin/Documents/workspace/documents/Personal/DMU/Final Dissertation/dissertation-v12-full-rerun/.venv/bin/python' scripts/check_training_stability.py '/Users/hongweilin/Documents/workspace/documents/Personal/DMU/Final Dissertation/dissertation-v12-full-rerun/runs/dissertation_v12_sumo120/training/H5_gat_degraded/seed_44' --final-window 10 --minimum-final-mean-pickups 5.0 --maximum-consecutive-zero-pickups 4 --minimum-selected-mean-pickups 5.0 --minimum-final-validation-retention 0.8
{
  "ok": true,
  "checks": {
    "final_mean_pickups": true,
    "maximum_consecutive_zero_pickups": true,
    "selected_validation_pickups": true,
    "final_validation_retention": true
  },
  "observed": {
    "epochs": 50,
    "final_window": 10,
    "final_mean_pickups": 12.2,
    "longest_consecutive_zero_pickups": 0,
    "selected_validation_mean_pickups": 13.5,
    "final_validation_mean_pickups": 13.125,
    "final_validation_retention": 0.9722222222222222
  },
  "thresholds": {
    "minimum_final_mean_pickups": 5.0,
    "maximum_consecutive_zero_pickups": 4,
    "minimum_selected_mean_pickups": 5.0,
    "minimum_final_validation_retention": 0.8
  }
}
stability: OK (/Users/hongweilin/Documents/workspace/documents/Personal/DMU/Final Dissertation/dissertation-v12-full-rerun/runs/dissertation_v12_sumo120/training/H5_gat_degraded/seed_44/training_stability.json)
$ '/Users/hongweilin/Documents/workspace/documents/Personal/DMU/Final Dissertation/dissertation-v12-full-rerun/.venv/bin/python' scripts/select_checkpoint.py '/Users/hongweilin/Documents/workspace/documents/Personal/DMU/Final Dissertation/dissertation-v12-full-rerun/runs/dissertation_v12_sumo120/training/H5_gat_degraded/seed_45' --episodes 8 --seed 2026 --demand-split val --minimum-mean-pickups 2.0 --degradation tunnel_triggered --outage-duration 30.0 --resume
$ /Users/hongweilin/Documents/workspace/documents/Personal/DMU/Final Dissertation/dissertation-v12-full-rerun/.venv/bin/python /Users/hongweilin/Documents/workspace/documents/Personal/DMU/Final Dissertation/dissertation-v12-full-rerun/scripts/eval_policy.py /Users/hongweilin/Documents/workspace/documents/Personal/DMU/Final Dissertation/dissertation-v12-full-rerun/runs/dissertation_v12_sumo120/training/H5_gat_degraded/seed_45/ckpt_epoch_0000.pt --episodes 8 --seed 2026 --demand-split val --output /Users/hongweilin/Documents/workspace/documents/Personal/DMU/Final Dissertation/dissertation-v12-full-rerun/runs/dissertation_v12_sumo120/training/H5_gat_degraded/seed_45/validation_tunnel_triggered_30s/ckpt_epoch_0000.json --stochastic --degradation tunnel_triggered --outage-duration 30.0
checkpoint: ckpt_epoch_0000.pt  (epoch 0, 113,731 params)
env:        central_park  |  degradation: tunnel_triggered  |  device: cpu
policy:     stochastic

 ep  pickups      reward  mean_wait_s  rl_steps   wall_s
------------------------------------------------------------
demand:     3 'val' variants, rotated per episode
 Retrying in 1 seconds
Warning: Could not set locale to 'C'.
  0       13     +102.40        867.0       120      1.6
Warning: Could not set locale to 'C'.
  1       10      +72.97      835.025       120      0.6
Warning: Could not set locale to 'C'.
  2       15     +124.49  858.6285714285714       120      0.6
Warning: Could not set locale to 'C'.
  3       13     +102.38  870.7027027027027       120      0.5
Warning: Could not set locale to 'C'.
  4        9      +62.63  823.1463414634146       120      0.5
Warning: Could not set locale to 'C'.
  5       12      +92.83  861.3684210526316       120      0.6
Warning: Could not set locale to 'C'.
  6       14     +113.64        850.5       120      0.5
Warning: Could not set locale to 'C'.
  7       16     +136.84  832.6470588235294       120      0.5

mean over 8 episodes:
  completed passenger journeys: 12.75 ± 2.22
  reward:    +101.02 ± 23.25
  mean_wait: 849.9s
summary: /Users/hongweilin/Documents/workspace/documents/Personal/DMU/Final Dissertation/dissertation-v12-full-rerun/runs/dissertation_v12_sumo120/training/H5_gat_degraded/seed_45/validation_tunnel_triggered_30s/ckpt_epoch_0000.json
$ /Users/hongweilin/Documents/workspace/documents/Personal/DMU/Final Dissertation/dissertation-v12-full-rerun/.venv/bin/python /Users/hongweilin/Documents/workspace/documents/Personal/DMU/Final Dissertation/dissertation-v12-full-rerun/scripts/eval_policy.py /Users/hongweilin/Documents/workspace/documents/Personal/DMU/Final Dissertation/dissertation-v12-full-rerun/runs/dissertation_v12_sumo120/training/H5_gat_degraded/seed_45/ckpt_epoch_0010.pt --episodes 8 --seed 2026 --demand-split val --output /Users/hongweilin/Documents/workspace/documents/Personal/DMU/Final Dissertation/dissertation-v12-full-rerun/runs/dissertation_v12_sumo120/training/H5_gat_degraded/seed_45/validation_tunnel_triggered_30s/ckpt_epoch_0010.json --stochastic --degradation tunnel_triggered --outage-duration 30.0
checkpoint: ckpt_epoch_0010.pt  (epoch 10, 113,731 params)
env:        central_park  |  degradation: tunnel_triggered  |  device: cpu
policy:     stochastic

 ep  pickups      reward  mean_wait_s  rl_steps   wall_s
------------------------------------------------------------
demand:     3 'val' variants, rotated per episode
 Retrying in 1 seconds
Warning: Could not set locale to 'C'.
  0       17     +145.90  851.3939393939394       120      1.6
Warning: Could not set locale to 'C'.
  1        9      +62.40  821.829268292683       120      0.5
Warning: Could not set locale to 'C'.
  2       15     +124.70  845.4571428571429       120      0.6
Warning: Could not set locale to 'C'.
  3       12      +92.33  859.0263157894736       120      0.5
Warning: Could not set locale to 'C'.
  4       10      +73.15      824.225       120      0.5
Warning: Could not set locale to 'C'.
  5       12      +92.83  861.3684210526316       120      0.6
Warning: Could not set locale to 'C'.
  6       13     +103.07  846.4594594594595       120      0.5
Warning: Could not set locale to 'C'.
  7       16     +136.84  832.6470588235294       120      0.5

mean over 8 episodes:
  completed passenger journeys: 13.00 ± 2.65
  reward:    +103.90 ± 27.85
  mean_wait: 842.8s
summary: /Users/hongweilin/Documents/workspace/documents/Personal/DMU/Final Dissertation/dissertation-v12-full-rerun/runs/dissertation_v12_sumo120/training/H5_gat_degraded/seed_45/validation_tunnel_triggered_30s/ckpt_epoch_0010.json
$ /Users/hongweilin/Documents/workspace/documents/Personal/DMU/Final Dissertation/dissertation-v12-full-rerun/.venv/bin/python /Users/hongweilin/Documents/workspace/documents/Personal/DMU/Final Dissertation/dissertation-v12-full-rerun/scripts/eval_policy.py /Users/hongweilin/Documents/workspace/documents/Personal/DMU/Final Dissertation/dissertation-v12-full-rerun/runs/dissertation_v12_sumo120/training/H5_gat_degraded/seed_45/ckpt_epoch_0020.pt --episodes 8 --seed 2026 --demand-split val --output /Users/hongweilin/Documents/workspace/documents/Personal/DMU/Final Dissertation/dissertation-v12-full-rerun/runs/dissertation_v12_sumo120/training/H5_gat_degraded/seed_45/validation_tunnel_triggered_30s/ckpt_epoch_0020.json --stochastic --degradation tunnel_triggered --outage-duration 30.0
checkpoint: ckpt_epoch_0020.pt  (epoch 20, 113,731 params)
env:        central_park  |  degradation: tunnel_triggered  |  device: cpu
policy:     stochastic

 ep  pickups      reward  mean_wait_s  rl_steps   wall_s
------------------------------------------------------------
demand:     3 'val' variants, rotated per episode
 Retrying in 1 seconds
Warning: Could not set locale to 'C'.
  0       17     +145.90  851.3939393939394       120      1.6
Warning: Could not set locale to 'C'.
  1        9      +62.40  821.829268292683       120      0.5
Warning: Could not set locale to 'C'.
  2       15     +124.70  845.4571428571429       120      0.6
Warning: Could not set locale to 'C'.
  3       12      +92.33  859.0263157894736       120      0.5
Warning: Could not set locale to 'C'.
  4        9      +62.58  831.1951219512196       120      0.5
Warning: Could not set locale to 'C'.
  5       12      +92.83  861.3684210526316       120      0.6
Warning: Could not set locale to 'C'.
  6       15     +124.21        854.4       120      0.5
Warning: Could not set locale to 'C'.
  7       16     +136.84  832.6470588235294       120      0.5

mean over 8 episodes:
  completed passenger journeys: 13.12 ± 2.89
  reward:    +105.22 ± 30.35
  mean_wait: 844.7s
summary: /Users/hongweilin/Documents/workspace/documents/Personal/DMU/Final Dissertation/dissertation-v12-full-rerun/runs/dissertation_v12_sumo120/training/H5_gat_degraded/seed_45/validation_tunnel_triggered_30s/ckpt_epoch_0020.json
$ /Users/hongweilin/Documents/workspace/documents/Personal/DMU/Final Dissertation/dissertation-v12-full-rerun/.venv/bin/python /Users/hongweilin/Documents/workspace/documents/Personal/DMU/Final Dissertation/dissertation-v12-full-rerun/scripts/eval_policy.py /Users/hongweilin/Documents/workspace/documents/Personal/DMU/Final Dissertation/dissertation-v12-full-rerun/runs/dissertation_v12_sumo120/training/H5_gat_degraded/seed_45/ckpt_epoch_0030.pt --episodes 8 --seed 2026 --demand-split val --output /Users/hongweilin/Documents/workspace/documents/Personal/DMU/Final Dissertation/dissertation-v12-full-rerun/runs/dissertation_v12_sumo120/training/H5_gat_degraded/seed_45/validation_tunnel_triggered_30s/ckpt_epoch_0030.json --stochastic --degradation tunnel_triggered --outage-duration 30.0
checkpoint: ckpt_epoch_0030.pt  (epoch 30, 113,731 params)
env:        central_park  |  degradation: tunnel_triggered  |  device: cpu
policy:     stochastic

 ep  pickups      reward  mean_wait_s  rl_steps   wall_s
------------------------------------------------------------
demand:     3 'val' variants, rotated per episode
 Retrying in 1 seconds
Warning: Could not set locale to 'C'.
  0       17     +145.90  851.3939393939394       120      1.7
Warning: Could not set locale to 'C'.
  1        9      +62.40  821.829268292683       120      0.5
Warning: Could not set locale to 'C'.
  2       15     +124.70  845.4571428571429       120      0.5
Warning: Could not set locale to 'C'.
  3       12      +92.33  859.0263157894736       120      0.5
Warning: Could not set locale to 'C'.
  4       10      +73.15      824.225       120      0.5
Warning: Could not set locale to 'C'.
  5       12      +92.83  861.3684210526316       120      0.5
Warning: Could not set locale to 'C'.
  6       13     +103.07  846.4594594594595       120      0.5
Warning: Could not set locale to 'C'.
  7       16     +136.84  832.6470588235294       120      0.5

mean over 8 episodes:
  completed passenger journeys: 13.00 ± 2.65
  reward:    +103.90 ± 27.85
  mean_wait: 842.8s
summary: /Users/hongweilin/Documents/workspace/documents/Personal/DMU/Final Dissertation/dissertation-v12-full-rerun/runs/dissertation_v12_sumo120/training/H5_gat_degraded/seed_45/validation_tunnel_triggered_30s/ckpt_epoch_0030.json
$ /Users/hongweilin/Documents/workspace/documents/Personal/DMU/Final Dissertation/dissertation-v12-full-rerun/.venv/bin/python /Users/hongweilin/Documents/workspace/documents/Personal/DMU/Final Dissertation/dissertation-v12-full-rerun/scripts/eval_policy.py /Users/hongweilin/Documents/workspace/documents/Personal/DMU/Final Dissertation/dissertation-v12-full-rerun/runs/dissertation_v12_sumo120/training/H5_gat_degraded/seed_45/ckpt_epoch_0040.pt --episodes 8 --seed 2026 --demand-split val --output /Users/hongweilin/Documents/workspace/documents/Personal/DMU/Final Dissertation/dissertation-v12-full-rerun/runs/dissertation_v12_sumo120/training/H5_gat_degraded/seed_45/validation_tunnel_triggered_30s/ckpt_epoch_0040.json --stochastic --degradation tunnel_triggered --outage-duration 30.0
checkpoint: ckpt_epoch_0040.pt  (epoch 40, 113,731 params)
env:        central_park  |  degradation: tunnel_triggered  |  device: cpu
policy:     stochastic

 ep  pickups      reward  mean_wait_s  rl_steps   wall_s
------------------------------------------------------------
demand:     3 'val' variants, rotated per episode
 Retrying in 1 seconds
Warning: Could not set locale to 'C'.
  0       17     +145.54  856.8484848484849       120      1.6
Warning: Could not set locale to 'C'.
  1       10      +72.86        845.0       120      0.5
Warning: Could not set locale to 'C'.
  2        9      +61.09  871.8048780487804       120      0.5
Warning: Could not set locale to 'C'.
  3       12      +92.30  859.4473684210526       120      0.6
Warning: Could not set locale to 'C'.
  4       14     +115.77  820.9444444444445       120      0.5
Warning: Could not set locale to 'C'.
  5       12      +92.83  861.3684210526316       120      0.5
Warning: Could not set locale to 'C'.
  6       13     +103.01  857.1081081081081       120      0.5
Warning: Could not set locale to 'C'.
  7       14     +114.90  828.1666666666666       120      0.5

mean over 8 episodes:
  completed passenger journeys: 12.62 ± 2.34
  reward:    +99.79 ± 24.78
  mean_wait: 850.1s
summary: /Users/hongweilin/Documents/workspace/documents/Personal/DMU/Final Dissertation/dissertation-v12-full-rerun/runs/dissertation_v12_sumo120/training/H5_gat_degraded/seed_45/validation_tunnel_triggered_30s/ckpt_epoch_0040.json
$ /Users/hongweilin/Documents/workspace/documents/Personal/DMU/Final Dissertation/dissertation-v12-full-rerun/.venv/bin/python /Users/hongweilin/Documents/workspace/documents/Personal/DMU/Final Dissertation/dissertation-v12-full-rerun/scripts/eval_policy.py /Users/hongweilin/Documents/workspace/documents/Personal/DMU/Final Dissertation/dissertation-v12-full-rerun/runs/dissertation_v12_sumo120/training/H5_gat_degraded/seed_45/ckpt_best.pt --episodes 8 --seed 2026 --demand-split val --output /Users/hongweilin/Documents/workspace/documents/Personal/DMU/Final Dissertation/dissertation-v12-full-rerun/runs/dissertation_v12_sumo120/training/H5_gat_degraded/seed_45/validation_tunnel_triggered_30s/ckpt_best.json --stochastic --degradation tunnel_triggered --outage-duration 30.0
checkpoint: ckpt_best.pt  (epoch 46, 113,731 params)
env:        central_park  |  degradation: tunnel_triggered  |  device: cpu
policy:     stochastic

 ep  pickups      reward  mean_wait_s  rl_steps   wall_s
------------------------------------------------------------
demand:     3 'val' variants, rotated per episode
 Retrying in 1 seconds
Warning: Could not set locale to 'C'.
  0       17     +145.54  856.8484848484849       120      1.6
Warning: Could not set locale to 'C'.
  1       10      +72.86        845.0       120      0.5
Warning: Could not set locale to 'C'.
  2        9      +61.09  871.8048780487804       120      0.5
Warning: Could not set locale to 'C'.
  3       12      +92.30  859.4473684210526       120      0.5
Warning: Could not set locale to 'C'.
  4       14     +115.77  820.9444444444445       120      0.5
Warning: Could not set locale to 'C'.
  5       12      +92.83  861.3684210526316       120      0.5
Warning: Could not set locale to 'C'.
  6       13     +103.01  857.1081081081081       120      0.6
Warning: Could not set locale to 'C'.
  7       14     +114.90  828.1666666666666       120      0.6

mean over 8 episodes:
  completed passenger journeys: 12.62 ± 2.34
  reward:    +99.79 ± 24.78
  mean_wait: 850.1s
summary: /Users/hongweilin/Documents/workspace/documents/Personal/DMU/Final Dissertation/dissertation-v12-full-rerun/runs/dissertation_v12_sumo120/training/H5_gat_degraded/seed_45/validation_tunnel_triggered_30s/ckpt_best.json
$ /Users/hongweilin/Documents/workspace/documents/Personal/DMU/Final Dissertation/dissertation-v12-full-rerun/.venv/bin/python /Users/hongweilin/Documents/workspace/documents/Personal/DMU/Final Dissertation/dissertation-v12-full-rerun/scripts/eval_policy.py /Users/hongweilin/Documents/workspace/documents/Personal/DMU/Final Dissertation/dissertation-v12-full-rerun/runs/dissertation_v12_sumo120/training/H5_gat_degraded/seed_45/ckpt_epoch_0049.pt --episodes 8 --seed 2026 --demand-split val --output /Users/hongweilin/Documents/workspace/documents/Personal/DMU/Final Dissertation/dissertation-v12-full-rerun/runs/dissertation_v12_sumo120/training/H5_gat_degraded/seed_45/validation_tunnel_triggered_30s/ckpt_epoch_0049.json --stochastic --degradation tunnel_triggered --outage-duration 30.0
checkpoint: ckpt_epoch_0049.pt  (epoch 49, 113,731 params)
env:        central_park  |  degradation: tunnel_triggered  |  device: cpu
policy:     stochastic

 ep  pickups      reward  mean_wait_s  rl_steps   wall_s
------------------------------------------------------------
demand:     3 'val' variants, rotated per episode
 Retrying in 1 seconds
Warning: Could not set locale to 'C'.
  0       17     +145.54  856.8484848484849       120      1.6
Warning: Could not set locale to 'C'.
  1       10      +72.86        845.0       120      0.5
Warning: Could not set locale to 'C'.
  2        9      +61.09  871.8048780487804       120      0.5
Warning: Could not set locale to 'C'.
  3       12      +92.30  859.4473684210526       120      0.5
Warning: Could not set locale to 'C'.
  4       14     +115.77  820.9444444444445       120      0.5
Warning: Could not set locale to 'C'.
  5       12      +92.83  861.3684210526316       120      0.5
Warning: Could not set locale to 'C'.
  6       13     +103.01  857.1081081081081       120      0.5
Warning: Could not set locale to 'C'.
  7       14     +114.90  828.1666666666666       120      0.5

mean over 8 episodes:
  completed passenger journeys: 12.62 ± 2.34
  reward:    +99.79 ± 24.78
  mean_wait: 850.1s
summary: /Users/hongweilin/Documents/workspace/documents/Personal/DMU/Final Dissertation/dissertation-v12-full-rerun/runs/dissertation_v12_sumo120/training/H5_gat_degraded/seed_45/validation_tunnel_triggered_30s/ckpt_epoch_0049.json
selected epoch 20 with validation mean 13.12 pickups: /Users/hongweilin/Documents/workspace/documents/Personal/DMU/Final Dissertation/dissertation-v12-full-rerun/runs/dissertation_v12_sumo120/training/H5_gat_degraded/seed_45/ckpt_selected.pt
$ '/Users/hongweilin/Documents/workspace/documents/Personal/DMU/Final Dissertation/dissertation-v12-full-rerun/.venv/bin/python' scripts/check_training_stability.py '/Users/hongweilin/Documents/workspace/documents/Personal/DMU/Final Dissertation/dissertation-v12-full-rerun/runs/dissertation_v12_sumo120/training/H5_gat_degraded/seed_45' --final-window 10 --minimum-final-mean-pickups 5.0 --maximum-consecutive-zero-pickups 4 --minimum-selected-mean-pickups 5.0 --minimum-final-validation-retention 0.8
{
  "ok": true,
  "checks": {
    "final_mean_pickups": true,
    "maximum_consecutive_zero_pickups": true,
    "selected_validation_pickups": true,
    "final_validation_retention": true
  },
  "observed": {
    "epochs": 50,
    "final_window": 10,
    "final_mean_pickups": 12.8,
    "longest_consecutive_zero_pickups": 0,
    "selected_validation_mean_pickups": 13.125,
    "final_validation_mean_pickups": 12.625,
    "final_validation_retention": 0.9619047619047619
  },
  "thresholds": {
    "minimum_final_mean_pickups": 5.0,
    "maximum_consecutive_zero_pickups": 4,
    "minimum_selected_mean_pickups": 5.0,
    "minimum_final_validation_retention": 0.8
  }
}
stability: OK (/Users/hongweilin/Documents/workspace/documents/Personal/DMU/Final Dissertation/dissertation-v12-full-rerun/runs/dissertation_v12_sumo120/training/H5_gat_degraded/seed_45/training_stability.json)
$ '/Users/hongweilin/Documents/workspace/documents/Personal/DMU/Final Dissertation/dissertation-v12-full-rerun/.venv/bin/python' scripts/select_checkpoint.py '/Users/hongweilin/Documents/workspace/documents/Personal/DMU/Final Dissertation/dissertation-v12-full-rerun/runs/dissertation_v12_sumo120/training/H5_gat_degraded/seed_46' --episodes 8 --seed 2026 --demand-split val --minimum-mean-pickups 2.0 --degradation tunnel_triggered --outage-duration 30.0 --resume
$ /Users/hongweilin/Documents/workspace/documents/Personal/DMU/Final Dissertation/dissertation-v12-full-rerun/.venv/bin/python /Users/hongweilin/Documents/workspace/documents/Personal/DMU/Final Dissertation/dissertation-v12-full-rerun/scripts/eval_policy.py /Users/hongweilin/Documents/workspace/documents/Personal/DMU/Final Dissertation/dissertation-v12-full-rerun/runs/dissertation_v12_sumo120/training/H5_gat_degraded/seed_46/ckpt_epoch_0000.pt --episodes 8 --seed 2026 --demand-split val --output /Users/hongweilin/Documents/workspace/documents/Personal/DMU/Final Dissertation/dissertation-v12-full-rerun/runs/dissertation_v12_sumo120/training/H5_gat_degraded/seed_46/validation_tunnel_triggered_30s/ckpt_epoch_0000.json --stochastic --degradation tunnel_triggered --outage-duration 30.0
checkpoint: ckpt_epoch_0000.pt  (epoch 0, 113,731 params)
env:        central_park  |  degradation: tunnel_triggered  |  device: cpu
policy:     stochastic

 ep  pickups      reward  mean_wait_s  rl_steps   wall_s
------------------------------------------------------------
demand:     3 'val' variants, rotated per episode
 Retrying in 1 seconds
Warning: Could not set locale to 'C'.
  0       11      +80.85  880.4871794871794       120      1.6
Warning: Could not set locale to 'C'.
  1       10      +72.97      835.025       120      0.5
Warning: Could not set locale to 'C'.
  2        8      +50.79  871.1190476190476       120      0.6
Warning: Could not set locale to 'C'.
  3       13     +102.38  870.7027027027027       120      0.5
Warning: Could not set locale to 'C'.
  4       11      +83.75  829.6410256410256       120      0.5
Warning: Could not set locale to 'C'.
  5       12      +92.83  861.3684210526316       120      0.5
Warning: Could not set locale to 'C'.
  6       14     +113.64        850.5       120      0.5
Warning: Could not set locale to 'C'.
  7       16     +136.84  832.6470588235294       120      0.5

mean over 8 episodes:
  completed passenger journeys: 11.88 ± 2.32
  reward:    +91.76 ± 24.59
  mean_wait: 853.9s
summary: /Users/hongweilin/Documents/workspace/documents/Personal/DMU/Final Dissertation/dissertation-v12-full-rerun/runs/dissertation_v12_sumo120/training/H5_gat_degraded/seed_46/validation_tunnel_triggered_30s/ckpt_epoch_0000.json
$ /Users/hongweilin/Documents/workspace/documents/Personal/DMU/Final Dissertation/dissertation-v12-full-rerun/.venv/bin/python /Users/hongweilin/Documents/workspace/documents/Personal/DMU/Final Dissertation/dissertation-v12-full-rerun/scripts/eval_policy.py /Users/hongweilin/Documents/workspace/documents/Personal/DMU/Final Dissertation/dissertation-v12-full-rerun/runs/dissertation_v12_sumo120/training/H5_gat_degraded/seed_46/ckpt_epoch_0010.pt --episodes 8 --seed 2026 --demand-split val --output /Users/hongweilin/Documents/workspace/documents/Personal/DMU/Final Dissertation/dissertation-v12-full-rerun/runs/dissertation_v12_sumo120/training/H5_gat_degraded/seed_46/validation_tunnel_triggered_30s/ckpt_epoch_0010.json --stochastic --degradation tunnel_triggered --outage-duration 30.0
checkpoint: ckpt_epoch_0010.pt  (epoch 10, 113,731 params)
env:        central_park  |  degradation: tunnel_triggered  |  device: cpu
policy:     stochastic

 ep  pickups      reward  mean_wait_s  rl_steps   wall_s
------------------------------------------------------------
demand:     3 'val' variants, rotated per episode
 Retrying in 1 seconds
Warning: Could not set locale to 'C'.
  0       13     +102.40        867.0       120      1.7
Warning: Could not set locale to 'C'.
  1       10      +72.97      835.025       120      0.5
Warning: Could not set locale to 'C'.
  2       10      +71.81      871.375       120      0.6
Warning: Could not set locale to 'C'.
  3       13     +102.38  870.7027027027027       120      0.5
Warning: Could not set locale to 'C'.
  4       12      +93.84  837.7894736842105       120      0.5
Warning: Could not set locale to 'C'.
  5       12      +92.83  861.3684210526316       120      0.5
Warning: Could not set locale to 'C'.
  6       17     +145.35  848.5757575757576       120      0.6
Warning: Could not set locale to 'C'.
  7       15     +125.88  828.6571428571428       120      0.5

mean over 8 episodes:
  completed passenger journeys: 12.75 ± 2.22
  reward:    +100.93 ± 23.31
  mean_wait: 852.6s
summary: /Users/hongweilin/Documents/workspace/documents/Personal/DMU/Final Dissertation/dissertation-v12-full-rerun/runs/dissertation_v12_sumo120/training/H5_gat_degraded/seed_46/validation_tunnel_triggered_30s/ckpt_epoch_0010.json
$ /Users/hongweilin/Documents/workspace/documents/Personal/DMU/Final Dissertation/dissertation-v12-full-rerun/.venv/bin/python /Users/hongweilin/Documents/workspace/documents/Personal/DMU/Final Dissertation/dissertation-v12-full-rerun/scripts/eval_policy.py /Users/hongweilin/Documents/workspace/documents/Personal/DMU/Final Dissertation/dissertation-v12-full-rerun/runs/dissertation_v12_sumo120/training/H5_gat_degraded/seed_46/ckpt_epoch_0020.pt --episodes 8 --seed 2026 --demand-split val --output /Users/hongweilin/Documents/workspace/documents/Personal/DMU/Final Dissertation/dissertation-v12-full-rerun/runs/dissertation_v12_sumo120/training/H5_gat_degraded/seed_46/validation_tunnel_triggered_30s/ckpt_epoch_0020.json --stochastic --degradation tunnel_triggered --outage-duration 30.0
checkpoint: ckpt_epoch_0020.pt  (epoch 20, 113,731 params)
env:        central_park  |  degradation: tunnel_triggered  |  device: cpu
policy:     stochastic

 ep  pickups      reward  mean_wait_s  rl_steps   wall_s
------------------------------------------------------------
demand:     3 'val' variants, rotated per episode
 Retrying in 1 seconds
Warning: Could not set locale to 'C'.
  0       13     +102.40        867.0       120      1.6
Warning: Could not set locale to 'C'.
  1       10      +72.97      835.025       120      0.5
Warning: Could not set locale to 'C'.
  2       10      +71.32      870.025       120      0.6
Warning: Could not set locale to 'C'.
  3       13     +102.38  870.7027027027027       120      0.6
Warning: Could not set locale to 'C'.
  4       12      +93.84  837.7894736842105       120      0.5
Warning: Could not set locale to 'C'.
  5       12      +92.83  861.3684210526316       120      0.6
Warning: Could not set locale to 'C'.
  6       15     +123.39  867.5714285714286       120      0.6
Warning: Could not set locale to 'C'.
  7       15     +125.88  828.6571428571428       120      0.6

mean over 8 episodes:
  completed passenger journeys: 12.50 ± 1.80
  reward:    +98.13 ± 18.85
  mean_wait: 854.8s
summary: /Users/hongweilin/Documents/workspace/documents/Personal/DMU/Final Dissertation/dissertation-v12-full-rerun/runs/dissertation_v12_sumo120/training/H5_gat_degraded/seed_46/validation_tunnel_triggered_30s/ckpt_epoch_0020.json
$ /Users/hongweilin/Documents/workspace/documents/Personal/DMU/Final Dissertation/dissertation-v12-full-rerun/.venv/bin/python /Users/hongweilin/Documents/workspace/documents/Personal/DMU/Final Dissertation/dissertation-v12-full-rerun/scripts/eval_policy.py /Users/hongweilin/Documents/workspace/documents/Personal/DMU/Final Dissertation/dissertation-v12-full-rerun/runs/dissertation_v12_sumo120/training/H5_gat_degraded/seed_46/ckpt_epoch_0030.pt --episodes 8 --seed 2026 --demand-split val --output /Users/hongweilin/Documents/workspace/documents/Personal/DMU/Final Dissertation/dissertation-v12-full-rerun/runs/dissertation_v12_sumo120/training/H5_gat_degraded/seed_46/validation_tunnel_triggered_30s/ckpt_epoch_0030.json --stochastic --degradation tunnel_triggered --outage-duration 30.0
checkpoint: ckpt_epoch_0030.pt  (epoch 30, 113,731 params)
env:        central_park  |  degradation: tunnel_triggered  |  device: cpu
policy:     stochastic

 ep  pickups      reward  mean_wait_s  rl_steps   wall_s
------------------------------------------------------------
demand:     3 'val' variants, rotated per episode
 Retrying in 1 seconds
Warning: Could not set locale to 'C'.
  0       17     +145.90  851.3939393939394       120      1.6
Warning: Could not set locale to 'C'.
  1        9      +62.40  821.829268292683       120      0.5
Warning: Could not set locale to 'C'.
  2       11      +83.16  854.8461538461538       120      0.5
Warning: Could not set locale to 'C'.
  3       12      +92.33  859.0263157894736       120      0.6
Warning: Could not set locale to 'C'.
  4       10      +72.93       846.15       120      0.5
Warning: Could not set locale to 'C'.
  5       12      +92.82  861.3684210526316       120      0.5
Warning: Could not set locale to 'C'.
  6       10      +71.12      861.125       120      0.5
Warning: Could not set locale to 'C'.
  7       16     +136.79  833.2941176470588       120      0.5

mean over 8 episodes:
  completed passenger journeys: 12.12 ± 2.71
  reward:    +94.68 ± 28.74
  mean_wait: 848.6s
summary: /Users/hongweilin/Documents/workspace/documents/Personal/DMU/Final Dissertation/dissertation-v12-full-rerun/runs/dissertation_v12_sumo120/training/H5_gat_degraded/seed_46/validation_tunnel_triggered_30s/ckpt_epoch_0030.json
$ /Users/hongweilin/Documents/workspace/documents/Personal/DMU/Final Dissertation/dissertation-v12-full-rerun/.venv/bin/python /Users/hongweilin/Documents/workspace/documents/Personal/DMU/Final Dissertation/dissertation-v12-full-rerun/scripts/eval_policy.py /Users/hongweilin/Documents/workspace/documents/Personal/DMU/Final Dissertation/dissertation-v12-full-rerun/runs/dissertation_v12_sumo120/training/H5_gat_degraded/seed_46/ckpt_best.pt --episodes 8 --seed 2026 --demand-split val --output /Users/hongweilin/Documents/workspace/documents/Personal/DMU/Final Dissertation/dissertation-v12-full-rerun/runs/dissertation_v12_sumo120/training/H5_gat_degraded/seed_46/validation_tunnel_triggered_30s/ckpt_best.json --stochastic --degradation tunnel_triggered --outage-duration 30.0
checkpoint: ckpt_best.pt  (epoch 31, 113,731 params)
env:        central_park  |  degradation: tunnel_triggered  |  device: cpu
policy:     stochastic

 ep  pickups      reward  mean_wait_s  rl_steps   wall_s
------------------------------------------------------------
demand:     3 'val' variants, rotated per episode
 Retrying in 1 seconds
Warning: Could not set locale to 'C'.
  0       17     +145.90  851.3939393939394       120      1.6
Warning: Could not set locale to 'C'.
  1       15     +126.51  827.2857142857143       120      0.5
Warning: Could not set locale to 'C'.
  2       11      +83.16  854.8461538461538       120      0.5
Warning: Could not set locale to 'C'.
  3       12      +92.30  859.4473684210526       120      0.5
Warning: Could not set locale to 'C'.
  4       10      +72.93       846.15       120      0.5
Warning: Could not set locale to 'C'.
  5       12      +92.82  861.3684210526316       120      0.5
Warning: Could not set locale to 'C'.
  6       10      +71.12      861.125       120      0.6
Warning: Could not set locale to 'C'.
  7       16     +136.79  833.2941176470588       120      0.6

mean over 8 episodes:
  completed passenger journeys: 12.88 ± 2.57
  reward:    +102.69 ± 27.54
  mean_wait: 849.4s
summary: /Users/hongweilin/Documents/workspace/documents/Personal/DMU/Final Dissertation/dissertation-v12-full-rerun/runs/dissertation_v12_sumo120/training/H5_gat_degraded/seed_46/validation_tunnel_triggered_30s/ckpt_best.json
$ /Users/hongweilin/Documents/workspace/documents/Personal/DMU/Final Dissertation/dissertation-v12-full-rerun/.venv/bin/python /Users/hongweilin/Documents/workspace/documents/Personal/DMU/Final Dissertation/dissertation-v12-full-rerun/scripts/eval_policy.py /Users/hongweilin/Documents/workspace/documents/Personal/DMU/Final Dissertation/dissertation-v12-full-rerun/runs/dissertation_v12_sumo120/training/H5_gat_degraded/seed_46/ckpt_epoch_0040.pt --episodes 8 --seed 2026 --demand-split val --output /Users/hongweilin/Documents/workspace/documents/Personal/DMU/Final Dissertation/dissertation-v12-full-rerun/runs/dissertation_v12_sumo120/training/H5_gat_degraded/seed_46/validation_tunnel_triggered_30s/ckpt_epoch_0040.json --stochastic --degradation tunnel_triggered --outage-duration 30.0
checkpoint: ckpt_epoch_0040.pt  (epoch 40, 113,731 params)
env:        central_park  |  degradation: tunnel_triggered  |  device: cpu
policy:     stochastic

 ep  pickups      reward  mean_wait_s  rl_steps   wall_s
------------------------------------------------------------
demand:     3 'val' variants, rotated per episode
 Retrying in 1 seconds
Warning: Could not set locale to 'C'.
  0       13     +102.94  865.4324324324324       120      1.6
Warning: Could not set locale to 'C'.
  1       10      +72.86        845.0       120      0.5
Warning: Could not set locale to 'C'.
  2        9      +61.09  871.8048780487804       120      0.5
Warning: Could not set locale to 'C'.
  3       12      +92.30  859.4473684210526       120      0.5
Warning: Could not set locale to 'C'.
  4       12      +94.84  822.1578947368421       120      0.5
Warning: Could not set locale to 'C'.
  5       12      +92.71  868.7368421052631       120      0.5
Warning: Could not set locale to 'C'.
  6       12      +92.25  863.3684210526316       120      0.5
Warning: Could not set locale to 'C'.
  7       14     +114.90  828.1666666666666       120      0.5

mean over 8 episodes:
  completed passenger journeys: 11.75 ± 1.48
  reward:    +90.48 ± 15.64
  mean_wait: 853.0s
summary: /Users/hongweilin/Documents/workspace/documents/Personal/DMU/Final Dissertation/dissertation-v12-full-rerun/runs/dissertation_v12_sumo120/training/H5_gat_degraded/seed_46/validation_tunnel_triggered_30s/ckpt_epoch_0040.json
$ /Users/hongweilin/Documents/workspace/documents/Personal/DMU/Final Dissertation/dissertation-v12-full-rerun/.venv/bin/python /Users/hongweilin/Documents/workspace/documents/Personal/DMU/Final Dissertation/dissertation-v12-full-rerun/scripts/eval_policy.py /Users/hongweilin/Documents/workspace/documents/Personal/DMU/Final Dissertation/dissertation-v12-full-rerun/runs/dissertation_v12_sumo120/training/H5_gat_degraded/seed_46/ckpt_epoch_0049.pt --episodes 8 --seed 2026 --demand-split val --output /Users/hongweilin/Documents/workspace/documents/Personal/DMU/Final Dissertation/dissertation-v12-full-rerun/runs/dissertation_v12_sumo120/training/H5_gat_degraded/seed_46/validation_tunnel_triggered_30s/ckpt_epoch_0049.json --stochastic --degradation tunnel_triggered --outage-duration 30.0
checkpoint: ckpt_epoch_0049.pt  (epoch 49, 113,731 params)
env:        central_park  |  degradation: tunnel_triggered  |  device: cpu
policy:     stochastic

 ep  pickups      reward  mean_wait_s  rl_steps   wall_s
------------------------------------------------------------
demand:     3 'val' variants, rotated per episode
 Retrying in 1 seconds
Warning: Could not set locale to 'C'.
  0       13     +102.94  865.4324324324324       120      1.6
Warning: Could not set locale to 'C'.
  1       10      +72.86        845.0       120      0.5
Warning: Could not set locale to 'C'.
  2        9      +61.09  871.8048780487804       120      0.5
Warning: Could not set locale to 'C'.
  3       12      +92.30  859.4473684210526       120      0.5
Warning: Could not set locale to 'C'.
  4       12      +94.84  822.1578947368421       120      0.5
Warning: Could not set locale to 'C'.
  5       12      +92.71  868.7368421052631       120      0.5
Warning: Could not set locale to 'C'.
  6       12      +92.25  863.3684210526316       120      0.5
Warning: Could not set locale to 'C'.
  7       14     +115.98  821.6944444444445       120      0.5

mean over 8 episodes:
  completed passenger journeys: 11.75 ± 1.48
  reward:    +90.62 ± 15.85
  mean_wait: 852.2s
summary: /Users/hongweilin/Documents/workspace/documents/Personal/DMU/Final Dissertation/dissertation-v12-full-rerun/runs/dissertation_v12_sumo120/training/H5_gat_degraded/seed_46/validation_tunnel_triggered_30s/ckpt_epoch_0049.json
selected epoch 31 with validation mean 12.88 pickups: /Users/hongweilin/Documents/workspace/documents/Personal/DMU/Final Dissertation/dissertation-v12-full-rerun/runs/dissertation_v12_sumo120/training/H5_gat_degraded/seed_46/ckpt_selected.pt
$ '/Users/hongweilin/Documents/workspace/documents/Personal/DMU/Final Dissertation/dissertation-v12-full-rerun/.venv/bin/python' scripts/check_training_stability.py '/Users/hongweilin/Documents/workspace/documents/Personal/DMU/Final Dissertation/dissertation-v12-full-rerun/runs/dissertation_v12_sumo120/training/H5_gat_degraded/seed_46' --final-window 10 --minimum-final-mean-pickups 5.0 --maximum-consecutive-zero-pickups 4 --minimum-selected-mean-pickups 5.0 --minimum-final-validation-retention 0.8
{
  "ok": true,
  "checks": {
    "final_mean_pickups": true,
    "maximum_consecutive_zero_pickups": true,
    "selected_validation_pickups": true,
    "final_validation_retention": true
  },
  "observed": {
    "epochs": 50,
    "final_window": 10,
    "final_mean_pickups": 12.3,
    "longest_consecutive_zero_pickups": 0,
    "selected_validation_mean_pickups": 12.875,
    "final_validation_mean_pickups": 11.75,
    "final_validation_retention": 0.912621359223301
  },
  "thresholds": {
    "minimum_final_mean_pickups": 5.0,
    "maximum_consecutive_zero_pickups": 4,
    "minimum_selected_mean_pickups": 5.0,
    "minimum_final_validation_retention": 0.8
  }
}
stability: OK (/Users/hongweilin/Documents/workspace/documents/Personal/DMU/Final Dissertation/dissertation-v12-full-rerun/runs/dissertation_v12_sumo120/training/H5_gat_degraded/seed_46/training_stability.json)
